mvmt_id,node_id,osm_node_id,name,ib_link_id,start_ib_lane,end_ib_lane,ob_link_id,start_ob_lane,end_ob_lane,lanes,ib_osm_node_id,ob_osm_node_id,type,penalty,capacity,ctrl_type,mvmt_txt_id,geometry,volume,free_speed,allowed_uses,generated_by_osm2gmns,notes
0,0,30268464,,131,1,2,0,1,2,2,2198054401,268790432,thru,,,,EBT,"LINESTRING (80.2285368 13.0092084, 80.2286809 13.0091775)",620.0,,auto,1,volume set by default
1,0,30268464,,183,2,3,0,1,2,2,256035585,268790432,thru,,,,SBT,"LINESTRING (80.2285410 13.0092218, 80.2286809 13.0091775)",620.0,,auto,1,volume set by default
2,1,268790432,,0,1,1,25,1,1,1,30268464,2212827520,thru,,,,EBT,"LINESTRING (80.2373985 13.0074663, 80.2375434 13.0074387)",310.0,,auto,1,volume set by default
3,1,268790432,,0,2,2,220,2,2,1,30268464,268790436,thru,,,,EBT,"LINESTRING (80.2373985 13.0074663, 80.2375425 13.0074350)",310.0,,auto,1,volume set by default
4,2,249112798,,119,1,1,1,1,1,1,2142536482,325207488,left,,,,NBL,"LINESTRING (80.2196421 12.9914074, 80.2195715 12.9913950)",105.0,,auto,1,volume set by default
5,2,249112798,,119,2,2,120,2,2,1,2142536482,7111954110,thru,,,,NBT,"LINESTRING (80.2196421 12.9914074, 80.2195486 12.9915192)",310.0,,auto,1,volume set by default
6,2,249112798,,199,1,2,1,1,2,2,7111954112,325207488,thru,,,,WBT,"LINESTRING (80.2196547 12.9915066, 80.2195715 12.9913950)",620.0,,auto,1,volume set by default
7,2,249112798,,199,3,3,120,2,2,1,7111954112,7111954110,right,,,,WBR,"LINESTRING (80.2196547 12.9915066, 80.2195486 12.9915192)",110.0,,auto,1,volume set by default
8,3,325207488,,1,1,2,192,1,2,2,249112798,4265654365,thru,,,,SBT,"LINESTRING (80.2183688 12.9874921, 80.2183372 12.9873507)",620.0,,auto,1,volume set by default
9,5,2212827519,,2,2,2,200,2,2,1,6305081500,268789820,thru,,,,SBT,"LINESTRING (80.2403346 13.0069832, 80.2402829 13.0068516)",310.0,,auto,1,volume set by default
10,5,2212827519,,2,1,1,201,1,1,1,6305081500,257532684,left,,,,SBL,"LINESTRING (80.2403346 13.0069832, 80.2403965 13.0068978)",105.0,,auto,1,volume set by default
11,5,2212827519,,26,3,3,200,2,2,1,2212827520,268789820,right,,,,EBR,"LINESTRING (80.2402517 13.0069254, 80.2402829 13.0068516)",110.0,,auto,1,volume set by default
12,5,2212827519,,26,1,2,201,1,2,2,2212827520,257532684,thru,,,,EBT,"LINESTRING (80.2402517 13.0069254, 80.2403965 13.0068978)",620.0,,auto,1,volume set by default
13,8,6450947189,,4,2,2,5,2,2,1,319489540_1183430691_246866721,1183430847,thru,,,,WBT,"LINESTRING (80.2499611 12.9861931, 80.2498135 12.9861933)",310.0,,auto,1,volume set by default
14,8,6450947189,,4,2,2,189,2,2,1,319489540_1183430691_246866721,6450947190,right,,,,WBR,"LINESTRING (80.2499611 12.9861931, 80.2498893 12.9862655)",110.0,,auto,1,volume set by default
15,8,6450947189,,4,1,1,207,1,1,1,319489540_1183430691_246866721,9179599608,left,,,,WBL,"LINESTRING (80.2499611 12.9861931, 80.2498842 12.9861209)",105.0,,auto,1,volume set by default
16,8,6450947189,,188,2,2,5,2,2,1,6450947190,1183430847,right,,,,SBR,"LINESTRING (80.2498893 12.9862655, 80.2498135 12.9861933)",110.0,,auto,1,volume set by default
17,8,6450947189,,188,1,1,207,1,1,1,6450947190,9179599608,thru,,,,SBT,"LINESTRING (80.2498893 12.9862655, 80.2498842 12.9861209)",310.0,,auto,1,volume set by default
18,8,6450947189,,206,1,1,5,1,1,1,9179599608,1183430847,left,,,,NBL,"LINESTRING (80.2498842 12.9861209, 80.2498135 12.9861933)",105.0,,auto,1,volume set by default
19,8,6450947189,,206,2,2,189,2,2,1,9179599608,6450947190,thru,,,,NBT,"LINESTRING (80.2498842 12.9861209, 80.2498893 12.9862655)",310.0,,auto,1,volume set by default
20,9,1183430847,,5,1,1,9,1,1,1,6450947189,338470506,left,,,,WBL,"LINESTRING (80.2433770 12.9862106, 80.2433046 12.9861382)",105.0,,auto,1,volume set by default
21,9,1183430847,,5,2,2,164,2,2,1,6450947189,330653536,thru,,,,WBT,"LINESTRING (80.2433770 12.9862106, 80.2432294 12.9862104)",310.0,,auto,1,volume set by default
22,9,1183430847,,5,2,2,166,2,2,1,6450947189,246867074,right,,,,WBR,"LINESTRING (80.2433770 12.9862106, 80.2432984 12.9862827)",110.0,,auto,1,volume set by default
23,9,1183430847,,8,1,1,164,1,1,1,338470506,330653536,left,,,,NBL,"LINESTRING (80.2433046 12.9861382, 80.2432294 12.9862104)",105.0,,auto,1,volume set by default
24,9,1183430847,,8,2,2,166,2,2,1,338470506,246867074,thru,,,,NBT,"LINESTRING (80.2433046 12.9861382, 80.2432984 12.9862827)",310.0,,auto,1,volume set by default
25,9,1183430847,,167,1,1,9,1,1,1,246867074,338470506,thru,,,,SBT,"LINESTRING (80.2432984 12.9862827, 80.2433046 12.9861382)",310.0,,auto,1,volume set by default
26,9,1183430847,,167,2,2,164,2,2,1,246867074,330653536,right,,,,SBR,"LINESTRING (80.2432984 12.9862827, 80.2432294 12.9862104)",110.0,,auto,1,volume set by default
27,10,246866969,,7,1,2,62,1,2,2,338470506,1454664555_4113412285_338470503_1454664553,right,,,,SBR,"LINESTRING (80.2434114 12.9813515, 80.2433384 12.9812797)",220.0,,auto,1,volume set by default
28,10,246866969,,61,3,3,6,2,2,1,1453588806,338470506,right,,,,WBR,"LINESTRING (80.2434855 12.9812708, 80.2434114 12.9813515)",110.0,,auto,1,volume set by default
29,10,246866969,,61,1,2,62,1,2,2,1453588806,1454664555_4113412285_338470503_1454664553,thru,,,,WBT,"LINESTRING (80.2434855 12.9812708, 80.2433384 12.9812797)",620.0,,auto,1,volume set by default
30,11,338470506,,6,1,1,8,1,1,1,246866969,1183430847,thru,,,,NBT,"LINESTRING (80.2434120 12.9812947, 80.2434094 12.9814393)",310.0,,auto,1,volume set by default
31,11,338470506,,6,2,2,106,3,3,1,246866969,338470509,right,,,,NBR,"LINESTRING (80.2434120 12.9812947, 80.2434848 12.9813628)",110.0,,auto,1,volume set by default
32,11,338470506,,9,2,2,7,2,2,1,1183430847,246866969,thru,,,,SBT,"LINESTRING (80.2434094 12.9814393, 80.2434120 12.9812947)",310.0,,auto,1,volume set by default
33,11,338470506,,9,1,1,106,1,1,1,1183430847,338470509,left,,,,SBL,"LINESTRING (80.2434094 12.9814393, 80.2434848 12.9813628)",105.0,,auto,1,volume set by default
34,11,338470506,,105,3,3,7,2,2,1,1454664555_4113412285_338470503_1454664553,246866969,right,,,,EBR,"LINESTRING (80.2433375 12.9813686, 80.2434120 12.9812947)",110.0,,auto,1,volume set by default
35,11,338470506,,105,1,1,8,1,1,1,1454664555_4113412285_338470503_1454664553,1183430847,left,,,,EBL,"LINESTRING (80.2433375 12.9813686, 80.2434094 12.9814393)",105.0,,auto,1,volume set by default
36,11,338470506,,105,2,2,106,3,3,1,1454664555_4113412285_338470503_1454664553,338470509,thru,,,,EBT,"LINESTRING (80.2433375 12.9813686, 80.2434848 12.9813628)",310.0,,auto,1,volume set by default
37,12,4304449135,,11,1,1,178,1,1,1,4300667149,2623043962,thru,,,,WBT,"LINESTRING (80.2186524 12.9843142, 80.2185058 12.9842984)",310.0,,auto,1,volume set by default
38,12,4304449135,,177,1,1,10,1,1,1,2623043962,4300667149,thru,,,,EBT,"LINESTRING (80.2185058 12.9842984, 80.2186524 12.9843142)",310.0,,auto,1,volume set by default
39,13,4300667149,,10,1,1,175,1,1,1,4304449135,249112805,thru,,,,EBT,"LINESTRING (80.2205332 12.9843938, 80.2206783 12.9843677)",310.0,,auto,1,volume set by default
40,13,4300667149,,176,1,1,11,1,1,1,249112805,4304449135,thru,,,,WBT,"LINESTRING (80.2206783 12.9843677, 80.2205332 12.9843938)",310.0,,auto,1,volume set by default
41,16,257432748,,14,2,2,67,2,2,1,243051703_312031412,257430065,thru,,,,SBT,"LINESTRING (80.2520207 12.9996084, 80.2519997 12.9994666)",310.0,,auto,1,volume set by default
42,16,257432748,,14,1,1,68,1,1,1,243051703_312031412,291192573,left,,,,SBL,"LINESTRING (80.2520207 12.9996084, 80.2520941 12.9995348)",105.0,,auto,1,volume set by default
43,16,257432748,,66,1,1,15,1,1,1,257430065,243051703_312031412,thru,,,,NBT,"LINESTRING (80.2519997 12.9994666, 80.2520207 12.9996084)",310.0,,auto,1,volume set by default
44,16,257432748,,66,2,2,68,2,2,1,257430065,291192573,right,,,,NBR,"LINESTRING (80.2519997 12.9994666, 80.2520941 12.9995348)",110.0,,auto,1,volume set by default
45,16,257432748,,69,2,2,15,2,2,1,291192573,243051703_312031412,right,,,,WBR,"LINESTRING (80.2520941 12.9995348, 80.2520207 12.9996084)",110.0,,auto,1,volume set by default
46,16,257432748,,69,1,1,67,1,1,1,291192573,257430065,left,,,,WBL,"LINESTRING (80.2520941 12.9995348, 80.2519997 12.9994666)",105.0,,auto,1,volume set by default
47,18,257430066,,16,1,1,18,1,1,1,257430080,1183401893,thru,,,,WBT,"LINESTRING (80.2524681 12.9950314, 80.2523277 12.9949877)",310.0,,auto,1,volume set by default
48,18,257430066,,16,1,1,30,1,1,1,257430080,257430075,left,,,,WBL,"LINESTRING (80.2524681 12.9950314, 80.2524179 12.9949355)",105.0,,auto,1,volume set by default
49,18,257430066,,16,1,1,31,2,2,1,257430080,257430065,right,,,,WBR,"LINESTRING (80.2524681 12.9950314, 80.2523784 12.9950749)",110.0,,auto,1,volume set by default
50,18,257430066,,19,1,1,17,1,1,1,1183401893,257430080,thru,,,,EBT,"LINESTRING (80.2523277 12.9949877, 80.2524681 12.9950314)",310.0,,auto,1,volume set by default
51,18,257430066,,19,1,1,30,2,2,1,1183401893,257430075,right,,,,EBR,"LINESTRING (80.2523277 12.9949877, 80.2524179 12.9949355)",110.0,,auto,1,volume set by default
52,18,257430066,,19,1,1,31,1,1,1,1183401893,257430065,left,,,,EBL,"LINESTRING (80.2523277 12.9949877, 80.2523784 12.9950749)",105.0,,auto,1,volume set by default
53,18,257430066,,29,2,2,17,1,1,1,257430075,257430080,right,,,,NBR,"LINESTRING (80.2524179 12.9949355, 80.2524681 12.9950314)",110.0,,auto,1,volume set by default
54,18,257430066,,29,1,1,18,1,1,1,257430075,1183401893,left,,,,NBL,"LINESTRING (80.2524179 12.9949355, 80.2523277 12.9949877)",105.0,,auto,1,volume set by default
55,18,257430066,,29,2,2,31,2,2,1,257430075,257430065,thru,,,,NBT,"LINESTRING (80.2524179 12.9949355, 80.2523784 12.9950749)",310.0,,auto,1,volume set by default
56,18,257430066,,32,1,1,17,1,1,1,257430065,257430080,left,,,,SBL,"LINESTRING (80.2523784 12.9950749, 80.2524681 12.9950314)",105.0,,auto,1,volume set by default
57,18,257430066,,32,2,2,18,1,1,1,257430065,1183401893,right,,,,SBR,"LINESTRING (80.2523784 12.9950749, 80.2523277 12.9949877)",110.0,,auto,1,volume set by default
58,18,257430066,,32,2,2,30,2,2,1,257430065,257430075,thru,,,,SBT,"LINESTRING (80.2523784 12.9950749, 80.2524179 12.9949355)",310.0,,auto,1,volume set by default
59,19,1183401893,,18,1,1,100,1,1,1,257430066,313774904,thru,,,,WBT,"LINESTRING (80.2505214 12.9945362, 80.2503782 12.9945012)",310.0,,auto,1,volume set by default
60,19,1183401893,,101,1,1,19,1,1,1,313774904,257430066,thru,,,,EBT,"LINESTRING (80.2503782 12.9945012, 80.2505214 12.9945362)",310.0,,auto,1,volume set by default
61,23,310535931,,23,1,2,70,1,2,2,257439279,1183401807,right,,,,SBR,"LINESTRING (80.2549174 12.9836244, 80.2549224 12.9835277)",220.0,,auto,1,volume set by default
62,24,257439279,,22,1,2,71,1,2,2,310535931,257432778,right,,,,NBR,"LINESTRING (80.2549174 12.9836244, 80.2549107 12.9837215)",220.0,,auto,1,volume set by default
63,24,257439279,,89,2,2,23,2,2,1,1183401855,310535931,right,,,,NBR,"LINESTRING (80.2548731 12.9835816, 80.2549174 12.9836244)",110.0,,auto,1,volume set by default
64,24,257439279,,89,1,1,71,1,1,1,1183401855,257432778,thru,,,,NBT,"LINESTRING (80.2548731 12.9835816, 80.2549107 12.9837215)",310.0,,auto,1,volume set by default
65,25,268789823,,43,1,3,24,1,3,3,268790436,257532684,thru,,,,EBT,"LINESTRING (80.2426409 13.0066512, 80.2427857 13.0066703)",930.0,,auto,1,volume set by default
66,25,268789823,,195,3,3,24,3,3,1,6799326136,257532684,right,,,,WBR,"LINESTRING (80.2427858 13.0066312, 80.2427857 13.0066703)",110.0,,auto,1,volume set by default
67,25,268789823,,195,1,2,44,1,2,2,6799326136,268790436,thru,,,,WBT,"LINESTRING (80.2427858 13.0066312, 80.2426409 13.0066512)",620.0,,auto,1,volume set by default
68,26,257532684,,24,1,3,204,1,3,3,268789823,243051152,thru,,,,EBT,"LINESTRING (80.2428721 13.0066940, 80.2430169 13.0067149)",930.0,,auto,1,volume set by default
69,26,257532684,,201,1,3,204,1,3,3,2212827519,243051152,thru,,,,EBT,"LINESTRING (80.2428693 13.0067138, 80.2430169 13.0067149)",930.0,,auto,1,volume set by default
70,27,2212827520,,25,3,3,26,3,3,1,268790432,2212827519,thru,,,,EBT,"LINESTRING (80.2401406 13.0069466, 80.2402854 13.0069190)",310.0,,auto,1,volume set by default
71,27,2212827520,,25,1,2,133,1,2,2,268790432,1812533141,left,,,,EBL,"LINESTRING (80.2401406 13.0069466, 80.2402238 13.0070044)",210.0,,auto,1,volume set by default
72,27,2212827520,,132,2,2,26,3,3,1,268789820,2212827519,right,,,,NBR,"LINESTRING (80.2402109 13.0068605, 80.2402854 13.0069190)",110.0,,auto,1,volume set by default
73,27,2212827520,,132,1,1,133,1,1,1,268789820,1812533141,thru,,,,NBT,"LINESTRING (80.2402109 13.0068605, 80.2402238 13.0070044)",310.0,,auto,1,volume set by default
74,28,277911463,,28,1,2,169,1,2,2,277911466,251172939,thru,,,,SBT,"LINESTRING (80.2308064 12.9839070, 80.2308668 12.9838000)",620.0,,auto,1,volume set by default
75,28,277911463,,168,1,2,27,1,2,2,251172939,277911466,thru,,,,NBT,"LINESTRING (80.2308668 12.9838000, 80.2308064 12.9839070)",620.0,,auto,1,volume set by default
76,29,277911466,,27,1,2,128,1,2,2,277911463,300312789,left,,,,NBL,"LINESTRING (80.2308774 12.9854750, 80.2307787 12.9855676)",210.0,,auto,1,volume set by default
77,29,277911466,,129,1,2,28,1,2,2,300312789,277911463,right,,,,EBR,"LINESTRING (80.2307787 12.9855676, 80.2308774 12.9854750)",220.0,,auto,1,volume set by default
78,31,257430065,,31,1,2,66,1,2,2,257430066,257432748,right,,,,NBR,"LINESTRING (80.2514248 12.9985918, 80.2514515 12.9987185)",220.0,,auto,1,volume set by default
79,31,257430065,,67,1,2,32,1,2,2,257432748,257430066,left,,,,SBL,"LINESTRING (80.2514515 12.9987185, 80.2514248 12.9985918)",210.0,,auto,1,volume set by default
80,33,300195629,,33,1,1,35,1,1,1,299883320,325207106,thru,,,,NBT,"LINESTRING (80.2218374 12.9824969, 80.2218701 12.9826380)",310.0,,auto,1,volume set by default
81,33,300195629,,33,1,1,55,2,2,1,299883320,300196199,right,,,,NBR,"LINESTRING (80.2218374 12.9824969, 80.2219270 12.9825588)",110.0,,auto,1,volume set by default
82,33,300195629,,36,1,1,34,1,1,1,325207106,299883320,thru,,,,SBT,"LINESTRING (80.2218701 12.9826380, 80.2218374 12.9824969)",310.0,,auto,1,volume set by default
83,33,300195629,,36,1,1,55,1,1,1,325207106,300196199,left,,,,SBL,"LINESTRING (80.2218701 12.9826380, 80.2219270 12.9825588)",105.0,,auto,1,volume set by default
84,33,300195629,,54,1,1,34,1,1,1,300196199,299883320,left,,,,WBL,"LINESTRING (80.2219270 12.9825588, 80.2218374 12.9824969)",105.0,,auto,1,volume set by default
85,33,300195629,,54,2,2,35,1,1,1,300196199,325207106,right,,,,WBR,"LINESTRING (80.2219270 12.9825588, 80.2218701 12.9826380)",110.0,,auto,1,volume set by default
86,34,325207106,,35,1,1,37,1,1,1,300195629,277911472,thru,,,,NBT,"LINESTRING (80.2226255 12.9839894, 80.2227031 12.9841124)",310.0,,auto,1,volume set by default
87,34,325207106,,35,1,1,149,1,1,1,300195629,325207131,left,,,,NBL,"LINESTRING (80.2226255 12.9839894, 80.2225911 12.9840626)",105.0,,auto,1,volume set by default
88,34,325207106,,38,1,1,36,1,1,1,277911472,300195629,thru,,,,SBT,"LINESTRING (80.2227031 12.9841124, 80.2226255 12.9839894)",310.0,,auto,1,volume set by default
89,34,325207106,,38,1,1,149,2,2,1,277911472,325207131,right,,,,SBR,"LINESTRING (80.2227031 12.9841124, 80.2225911 12.9840626)",110.0,,auto,1,volume set by default
90,34,325207106,,148,2,2,36,1,1,1,325207131,300195629,right,,,,EBR,"LINESTRING (80.2225911 12.9840626, 80.2226255 12.9839894)",110.0,,auto,1,volume set by default
91,34,325207106,,148,1,1,37,1,1,1,325207131,277911472,left,,,,EBL,"LINESTRING (80.2225911 12.9840626, 80.2227031 12.9841124)",105.0,,auto,1,volume set by default
92,35,277911472,,37,1,1,39,1,1,1,325207106,9368672356,thru,,,,NBT,"LINESTRING (80.2230465 12.9869975, 80.2230646 12.9871411)",310.0,,auto,1,volume set by default
93,35,277911472,,37,1,1,153,1,1,1,325207106,300312789,right,,,,NBR,"LINESTRING (80.2230465 12.9869975, 80.2231262 12.9870448)",110.0,,auto,1,volume set by default
94,35,277911472,,40,1,1,38,1,1,1,9368672356,325207106,thru,,,,SBT,"LINESTRING (80.2230646 12.9871411, 80.2230465 12.9869975)",310.0,,auto,1,volume set by default
95,35,277911472,,40,1,1,153,1,1,1,9368672356,300312789,thru,,,,SBT,"LINESTRING (80.2230646 12.9871411, 80.2231262 12.9870448)",310.0,,auto,1,volume set by default
96,35,277911472,,152,1,1,38,1,1,1,300312789,325207106,left,,,,WBL,"LINESTRING (80.2231262 12.9870448, 80.2230465 12.9869975)",105.0,,auto,1,volume set by default
97,35,277911472,,152,1,1,39,1,1,1,300312789,9368672356,thru,,,,WBT,"LINESTRING (80.2231262 12.9870448, 80.2230646 12.9871411)",310.0,,auto,1,volume set by default
98,36,9368672356,,39,1,1,118,1,1,1,277911472,2142536482,thru,,,,NBT,"LINESTRING (80.2200635 12.9909185, 80.2199607 12.9910194)",310.0,,auto,1,volume set by default
99,36,9368672356,,198,1,1,40,1,1,1,7111954112,277911472,thru,,,,SBT,"LINESTRING (80.2200000 12.9910469, 80.2200635 12.9909185)",310.0,,auto,1,volume set by default
100,36,9368672356,,198,2,2,118,2,2,1,7111954112,2142536482,right,,,,SBR,"LINESTRING (80.2200000 12.9910469, 80.2199607 12.9910194)",110.0,,auto,1,volume set by default
101,38,1183401915,,42,1,3,83,1,3,3,243051703_312031412,1183401843,thru,,,,WBT,"LINESTRING (80.2481195 13.0066628, 80.2479720 13.0066610)",930.0,,auto,1,volume set by default
102,39,268790436,,220,1,2,43,1,2,2,268790432,268789823,thru,,,,EBT,"LINESTRING (80.2392668 13.0070442, 80.2394114 13.0070154)",620.0,,auto,1,volume set by default
103,42,6816790398,,46,1,3,47,1,3,3,310102870_312031374,5562486548,thru,,,,SBT,"LINESTRING (80.2474529 13.0064934, 80.2474521 13.0063488)",930.0,,auto,1,volume set by default
104,42,6816790398,,196,1,3,47,1,3,3,6816790401,5562486548,left,,,,SBL,"LINESTRING (80.2474876 13.0064848, 80.2474521 13.0063488)",315.0,,auto,1,volume set by default
105,43,5562486548,,47,3,3,48,3,3,1,6816790398,310535870_30268467_310102882,thru,,,,SBT,"LINESTRING (80.2497796 12.9944363, 80.2498150 12.9942959)",310.0,,auto,1,volume set by default
106,43,5562486548,,47,1,2,185,1,2,2,6816790398,313774904,left,,,,SBL,"LINESTRING (80.2497796 12.9944363, 80.2498699 12.9943789)",210.0,,auto,1,volume set by default
107,43,5562486548,,184,3,3,48,3,3,1,5562486549,310535870_30268467_310102882,right,,,,EBR,"LINESTRING (80.2497257 12.9943485, 80.2498150 12.9942959)",110.0,,auto,1,volume set by default
108,43,5562486548,,184,1,2,185,1,2,2,5562486549,313774904,thru,,,,EBT,"LINESTRING (80.2497257 12.9943485, 80.2498699 12.9943789)",620.0,,auto,1,volume set by default
109,47,365988855,,50,2,2,52,2,2,1,6865169774,365988848,thru,,,,EBT,"LINESTRING (80.2206364 13.0066749, 80.2207808 13.0066930)",310.0,,auto,1,volume set by default
110,47,365988855,,50,1,1,125,1,1,1,6865169774,6444634790,left,,,,EBL,"LINESTRING (80.2206364 13.0066749, 80.2207327 13.0067551)",105.0,,auto,1,volume set by default
111,47,365988855,,53,1,1,51,1,1,1,365988848,6865169774,thru,,,,WBT,"LINESTRING (80.2207808 13.0066930, 80.2206364 13.0066749)",310.0,,auto,1,volume set by default
112,47,365988855,,53,2,2,125,2,2,1,365988848,6444634790,right,,,,WBR,"LINESTRING (80.2207808 13.0066930, 80.2207327 13.0067551)",110.0,,auto,1,volume set by default
113,47,365988855,,124,1,1,51,1,1,1,300195704,6865169774,left,,,,NBL,"LINESTRING (80.2206904 13.0066168, 80.2206364 13.0066749)",105.0,,auto,1,volume set by default
114,47,365988855,,124,2,2,52,2,2,1,300195704,365988848,right,,,,NBR,"LINESTRING (80.2206904 13.0066168, 80.2207808 13.0066930)",110.0,,auto,1,volume set by default
115,47,365988855,,124,2,2,125,2,2,1,300195704,6444634790,thru,,,,NBT,"LINESTRING (80.2206904 13.0066168, 80.2207327 13.0067551)",310.0,,auto,1,volume set by default
116,48,365988848,,52,1,2,181,1,2,2,365988855,366081876,right,,,,EBR,"LINESTRING (80.2207433 13.0066900, 80.2208004 13.0066253)",220.0,,auto,1,volume set by default
117,48,365988848,,180,2,2,53,2,2,1,6444634789,365988855,right,,,,SBR,"LINESTRING (80.2208516 13.0067596, 80.2207433 13.0066900)",110.0,,auto,1,volume set by default
118,48,365988848,,180,1,1,181,1,1,1,6444634789,366081876,thru,,,,SBT,"LINESTRING (80.2208516 13.0067596, 80.2208004 13.0066253)",310.0,,auto,1,volume set by default
119,51,338406694,,56,1,2,115,1,2,2,338406637,9370418225,thru,,,,NBT,"LINESTRING (80.2182401 12.9873781, 80.2182716 12.9875195)",620.0,,auto,1,volume set by default
120,52,338406760,,208,1,2,57,1,2,2,9370418225,2157593527,thru,,,,NBT,"LINESTRING (80.2194510 12.9916208, 80.2193886 12.9917496)",620.0,,auto,1,volume set by default
121,52,338406760,,212,1,2,57,1,2,2,338406792,2157593527,thru,,,,NBT,"LINESTRING (80.2194725 12.9916306, 80.2193886 12.9917496)",620.0,,auto,1,volume set by default
122,53,2157593527,,57,2,2,127,1,1,1,338406760,1184617250,thru,,,,NBT,"LINESTRING (80.2178161 12.9939195, 80.2177300 12.9940370)",310.0,,auto,1,volume set by default
123,54,338466283,,155,1,2,58,1,2,2,338461507,338461524,thru,,,,WBT,"LINESTRING (80.2360234 12.9811717, 80.2358759 12.9811683)",620.0,,auto,1,volume set by default
124,55,338461524,,58,2,2,172,1,1,1,338466283,338461488,right,,,,WBR,"LINESTRING (80.2342833 12.9812010, 80.2342069 12.9812527)",110.0,,auto,1,volume set by default
125,55,338461524,,58,1,1,174,1,1,1,338466283,338461580,thru,,,,WBT,"LINESTRING (80.2342833 12.9812010, 80.2341424 12.9812429)",310.0,,auto,1,volume set by default
126,55,338461524,,173,1,1,174,1,1,1,338461488,338461580,right,,,,SBR,"LINESTRING (80.2342069 12.9812527, 80.2341424 12.9812429)",110.0,,auto,1,volume set by default
127,56,338466259,,157,1,2,59,1,2,2,277911182,1454664555_4113412285_338470503_1454664553,thru,,,,EBT,"LINESTRING (80.2413272 12.9813647, 80.2414748 12.9813651)",620.0,,auto,1,volume set by default
128,60,319489535,,210,1,2,64,1,2,2,319489540_1183430691_246866721,416838241,thru,,,,SBT,"LINESTRING (80.2526581 12.9828267, 80.2527024 12.9826920)",620.0,,auto,1,volume set by default
129,60,319489535,,210,3,3,211,3,3,1,319489540_1183430691_246866721,319489538,thru,,,,SBT,"LINESTRING (80.2526581 12.9828267, 80.2526684 12.9826825)",310.0,,auto,1,volume set by default
130,61,416838241,,64,1,1,65,1,1,1,319489535,1183401913,left,,,,SBL,"LINESTRING (80.2527541 12.9818886, 80.2528263 12.9818142)",105.0,,auto,1,volume set by default
131,61,416838241,,64,2,2,197,2,2,1,319489535,1183430695,thru,,,,SBT,"LINESTRING (80.2527541 12.9818886, 80.2527549 12.9817440)",310.0,,auto,1,volume set by default
132,62,1183401913,,65,1,2,80,1,2,2,416838241,1183401855,thru,,,,EBT,"LINESTRING (80.2531715 12.9818463, 80.2533169 12.9818703)",620.0,,auto,1,volume set by default
133,64,1183401807,,70,1,2,94,1,2,2,310535931,1183401894,thru,,,,SBT,"LINESTRING (80.2537369 12.9818607, 80.2535938 12.9818265)",620.0,,auto,1,volume set by default
134,66,243051061,,135,3,3,72,3,3,1,5562486549,6816790397,thru,,,,NBT,"LINESTRING (80.2473097 13.0047531, 80.2473004 13.0048973)",310.0,,auto,1,volume set by default
135,66,243051061,,135,1,2,136,1,2,2,5562486549,268789822,thru,,,,NBT,"LINESTRING (80.2473097 13.0047531, 80.2472894 13.0048963)",620.0,,auto,1,volume set by default
136,67,6816790397,,72,3,3,73,3,3,1,243051061,243051152,thru,,,,NBT,"LINESTRING (80.2472774 13.0065749, 80.2472814 13.0067195)",310.0,,auto,1,volume set by default
137,67,6816790397,,72,1,2,93,1,2,2,243051061,268789822,left,,,,NBL,"LINESTRING (80.2472774 13.0065749, 80.2472051 13.0066446)",210.0,,auto,1,volume set by default
138,67,6816790397,,92,3,3,73,3,3,1,310102870_312031374,243051152,right,,,,WBR,"LINESTRING (80.2473526 13.0066474, 80.2472814 13.0067195)",110.0,,auto,1,volume set by default
139,67,6816790397,,92,1,2,93,1,2,2,310102870_312031374,268789822,thru,,,,WBT,"LINESTRING (80.2473526 13.0066474, 80.2472051 13.0066446)",620.0,,auto,1,volume set by default
140,68,243051152,,73,1,3,205,1,3,3,6816790397,310102870_312031374,right,,,,NBR,"LINESTRING (80.2472808 13.0067022, 80.2473571 13.0067714)",330.0,,auto,1,volume set by default
141,68,243051152,,204,1,3,205,1,3,3,257532684,310102870_312031374,thru,,,,EBT,"LINESTRING (80.2472096 13.0067735, 80.2473571 13.0067714)",930.0,,auto,1,volume set by default
142,69,268789815,,99,1,3,74,1,3,3,268789822,6799326136,thru,,,,WBT,"LINESTRING (80.2437112 13.0066065, 80.2435637 13.0066035)",930.0,,auto,1,volume set by default
143,70,6799326136,,74,1,2,75,1,2,2,268789815,268789816,thru,,,,WBT,"LINESTRING (80.2429927 13.0065958, 80.2428451 13.0065949)",620.0,,auto,1,volume set by default
144,70,6799326136,,74,3,3,195,3,3,1,268789815,268789823,thru,,,,WBT,"LINESTRING (80.2429927 13.0065958, 80.2428478 13.0066143)",310.0,,auto,1,volume set by default
145,71,268789816,,75,1,3,147,1,3,3,6799326136,268789818,thru,,,,WBT,"LINESTRING (80.2426667 13.0065952, 80.2425191 13.0065947)",930.0,,auto,1,volume set by default
146,74,319489548,,98,1,3,78,1,3,3,2166973529,1183401926,thru,,,,WBT,"LINESTRING (80.2521592 12.9879188, 80.2520131 12.9879006)",930.0,,auto,1,volume set by default
147,75,1183401926,,78,1,3,216,1,3,3,319489548,1676204892,thru,,,,WBT,"LINESTRING (80.2519252 12.9878844, 80.2517804 12.9878567)",930.0,,auto,1,volume set by default
148,76,1183401857,,139,1,3,79,1,3,3,310102870_312031374,1183401887,thru,,,,EBT,"LINESTRING (80.2476524 13.0067698, 80.2477991 13.0067592)",930.0,,auto,1,volume set by default
149,77,1183401887,,79,2,3,86,1,2,2,1183401857,249493615,thru,,,,EBT,"LINESTRING (80.2480012 13.0067605, 80.2481488 13.0067624)",620.0,,auto,1,volume set by default
150,78,1183401855,,80,1,2,89,1,2,2,1183401913,257439279,thru,,,,EBT,"LINESTRING (80.2535859 12.9819236, 80.2537297 12.9819560)",620.0,,auto,1,volume set by default
151,79,1183401894,,94,1,2,81,1,2,2,1183401807,1183430695,thru,,,,WBT,"LINESTRING (80.2533397 12.9817804, 80.2531949 12.9817529)",620.0,,auto,1,volume set by default
152,81,1183401849,,140,1,3,82,1,3,3,310535870_30268467_310102882,310535896,thru,,,,EBT,"LINESTRING (80.2517307 12.9879716, 80.2518748 12.9880028)",930.0,,auto,1,volume set by default
153,82,310535896,,82,1,3,97,1,3,3,1183401849,5458023327,thru,,,,EBT,"LINESTRING (80.2519992 12.9880317, 80.2521446 12.9880531)",930.0,,auto,1,volume set by default
154,83,1183401843,,83,1,3,90,1,3,3,1183401915,6816790401,thru,,,,WBT,"LINESTRING (80.2478095 13.0066630, 80.2476620 13.0066597)",930.0,,auto,1,volume set by default
155,84,1676204892,,216,3,3,84,3,3,1,1183401926,310535870_30268467_310102882,thru,,,,WBT,"LINESTRING (80.2517611 12.9878530, 80.2516151 12.9878361)",310.0,,auto,1,volume set by default
156,84,1676204892,,216,1,2,113,1,2,2,1183401926,1676204874,left,,,,WBL,"LINESTRING (80.2517611 12.9878530, 80.2516503 12.9877770)",210.0,,auto,1,volume set by default
157,86,249493615,,86,2,2,87,2,2,1,1183401887,243051703_312031412,thru,,,,EBT,"LINESTRING (80.2483064 13.0067657, 80.2484538 13.0067720)",310.0,,auto,1,volume set by default
158,86,249493615,,86,1,1,141,1,1,1,1183401887,249493598,left,,,,EBL,"LINESTRING (80.2483064 13.0067657, 80.2484074 13.0068345)",105.0,,auto,1,volume set by default
159,86,249493615,,142,1,2,87,1,2,2,249493598,243051703_312031412,left,,,,SBL,"LINESTRING (80.2484074 13.0068345, 80.2484538 13.0067720)",210.0,,auto,1,volume set by default
160,88,6816790401,,90,3,3,91,3,3,1,1183401843,310102870_312031374,thru,,,,WBT,"LINESTRING (80.2477356 13.0066639, 80.2475883 13.0066555)",310.0,,auto,1,volume set by default
161,88,6816790401,,90,1,2,196,1,2,2,1183401843,6816790398,left,,,,WBL,"LINESTRING (80.2477356 13.0066639, 80.2476040 13.0066149)",210.0,,auto,1,volume set by default
162,89,268789822,,93,1,3,99,1,3,3,6816790397,268789815,thru,,,,WBT,"LINESTRING (80.2462238 13.0066446, 80.2460762 13.0066431)",930.0,,auto,1,volume set by default
163,89,268789822,,136,1,3,99,1,3,3,243051061,268789815,left,,,,NBL,"LINESTRING (80.2462189 13.0066182, 80.2460762 13.0066431)",315.0,,auto,1,volume set by default
164,90,246867074,,165,1,1,95,1,1,1,330653536,6450947190,thru,,,,EBT,"LINESTRING (80.2432233 12.9863012, 80.2433709 12.9863017)",310.0,,auto,1,volume set by default
165,90,246867074,,165,2,2,167,2,2,1,330653536,1183430847,right,,,,EBR,"LINESTRING (80.2432233 12.9863012, 80.2433019 12.9862295)",110.0,,auto,1,volume set by default
166,90,246867074,,166,1,2,95,1,2,2,1183430847,6450947190,right,,,,NBR,"LINESTRING (80.2433019 12.9862295, 80.2433709 12.9863017)",220.0,,auto,1,volume set by default
167,91,6450947190,,95,1,1,96,1,1,1,246867074,319489540_1183430691_246866721,thru,,,,EBT,"LINESTRING (80.2498161 12.9862870, 80.2499637 12.9862864)",310.0,,auto,1,volume set by default
168,91,6450947190,,95,2,2,188,2,2,1,246867074,6450947189,right,,,,EBR,"LINESTRING (80.2498161 12.9862870, 80.2498879 12.9862144)",110.0,,auto,1,volume set by default
169,91,6450947190,,189,1,2,96,1,2,2,6450947189,319489540_1183430691_246866721,right,,,,NBR,"LINESTRING (80.2498879 12.9862144, 80.2499637 12.9862864)",220.0,,auto,1,volume set by default
170,92,5458023327,,97,1,3,179,1,3,3,310535896,319489524,thru,,,,EBT,"LINESTRING (80.2532593 12.9879701, 80.2534062 12.9879564)",930.0,,auto,1,volume set by default
171,94,313774904,,185,2,3,101,1,2,2,5562486548,1183401893,thru,,,,EBT,"LINESTRING (80.2498351 12.9943728, 80.2499793 12.9944032)",620.0,,auto,1,volume set by default
172,96,251296646,,104,2,3,154,1,2,2,1454664555_4113412285_338470503_1454664553,338461507,thru,,,,WBT,"LINESTRING (80.2401793 12.9812837, 80.2400319 12.9812782)",620.0,,auto,1,volume set by default
173,98,330653536,,108,1,2,165,1,2,2,7424295245,246867074,right,,,,NBR,"LINESTRING (80.2410945 12.9861558, 80.2411860 12.9862483)",220.0,,auto,1,volume set by default
174,98,330653536,,164,1,1,107,1,1,1,1183430847,7424295245,left,,,,WBL,"LINESTRING (80.2411903 12.9862211, 80.2410945 12.9861558)",105.0,,auto,1,volume set by default
175,98,330653536,,164,2,2,165,2,2,1,1183430847,246867074,right,,,,WBR,"LINESTRING (80.2411903 12.9862211, 80.2411860 12.9862483)",110.0,,auto,1,volume set by default
176,99,7424295245,,107,1,2,202,1,2,2,330653536,277911188,thru,,,,SBT,"LINESTRING (80.2406813 12.9854597, 80.2405825 12.9853521)",620.0,,auto,1,volume set by default
177,99,7424295245,,203,1,2,108,1,2,2,277911188,330653536,thru,,,,NBT,"LINESTRING (80.2405825 12.9853521, 80.2406813 12.9854597)",620.0,,auto,1,volume set by default
178,100,277911188,,110,1,2,203,1,2,2,277911182,7424295245,thru,,,,NBT,"LINESTRING (80.2396476 12.9822032, 80.2396018 12.9823108)",620.0,,auto,1,volume set by default
179,100,277911188,,202,1,2,109,1,2,2,7424295245,277911182,thru,,,,SBT,"LINESTRING (80.2396018 12.9823108, 80.2396476 12.9822032)",620.0,,auto,1,volume set by default
180,101,277911182,,109,2,2,111,2,2,1,277911188,338461507,thru,,,,SBT,"LINESTRING (80.2396588 12.9814141, 80.2396536 12.9812696)",310.0,,auto,1,volume set by default
181,101,277911182,,109,1,1,157,1,1,1,277911188,338466259,left,,,,SBL,"LINESTRING (80.2396588 12.9814141, 80.2397287 12.9813429)",105.0,,auto,1,volume set by default
182,101,277911182,,112,1,1,110,1,1,1,338461507,277911188,thru,,,,NBT,"LINESTRING (80.2396536 12.9812696, 80.2396588 12.9814141)",310.0,,auto,1,volume set by default
183,101,277911182,,112,2,2,157,2,2,1,338461507,338466259,right,,,,NBR,"LINESTRING (80.2396536 12.9812696, 80.2397287 12.9813429)",110.0,,auto,1,volume set by default
184,101,277911182,,156,1,1,110,1,1,1,338461708,277911188,left,,,,EBL,"LINESTRING (80.2395812 12.9813397, 80.2396588 12.9814141)",105.0,,auto,1,volume set by default
185,101,277911182,,156,2,2,111,2,2,1,338461708,338461507,right,,,,EBR,"LINESTRING (80.2395812 12.9813397, 80.2396536 12.9812696)",110.0,,auto,1,volume set by default
186,101,277911182,,156,2,2,157,2,2,1,338461708,338466259,thru,,,,EBT,"LINESTRING (80.2395812 12.9813397, 80.2397287 12.9813429)",310.0,,auto,1,volume set by default
187,102,338461507,,111,1,2,155,1,2,2,277911182,338466283,right,,,,SBR,"LINESTRING (80.2396548 12.9813352, 80.2395797 12.9812617)",220.0,,auto,1,volume set by default
188,102,338461507,,154,2,2,112,2,2,1,251296646,277911182,right,,,,WBR,"LINESTRING (80.2397273 12.9812636, 80.2396548 12.9813352)",110.0,,auto,1,volume set by default
189,102,338461507,,154,1,1,155,1,1,1,251296646,338466283,thru,,,,WBT,"LINESTRING (80.2397273 12.9812636, 80.2395797 12.9812617)",310.0,,auto,1,volume set by default
190,103,1676204874,,113,1,3,215,1,3,3,1676204892,319489540_1183430691_246866721,thru,,,,SBT,"LINESTRING (80.2516621 12.9872701, 80.2516412 12.9871370)",930.0,,auto,1,volume set by default
191,103,1676204874,,138,1,3,215,1,3,3,310535870_30268467_310102882,319489540_1183430691_246866721,thru,,,,SBT,"LINESTRING (80.2516042 12.9872770, 80.2516412 12.9871370)",930.0,,auto,1,volume set by default
192,104,1971877227,,144,2,3,114,1,2,2,268789820,2198054401,thru,,,,WBT,"LINESTRING (80.2368928 13.0074176, 80.2367480 13.0074454)",620.0,,auto,1,volume set by default
193,105,2198054401,,114,2,2,131,3,3,1,1971877227,30268464,right,,,,WBR,"LINESTRING (80.2284110 13.0091305, 80.2282803 13.0091913)",110.0,,auto,1,volume set by default
194,105,2198054401,,114,1,1,143,1,1,1,1971877227,269766499,thru,,,,WBT,"LINESTRING (80.2284110 13.0091305, 80.2282678 13.0091652)",310.0,,auto,1,volume set by default
195,106,9370418225,,115,1,1,208,1,1,1,338406694,338406760,thru,,,,NBT,"LINESTRING (80.2194332 12.9912726, 80.2194650 12.9914127)",310.0,,auto,1,volume set by default
196,106,9370418225,,115,2,2,213,2,2,1,338406694,7111954110,thru,,,,NBT,"LINESTRING (80.2194332 12.9912726, 80.2194839 12.9914085)",310.0,,auto,1,volume set by default
197,107,338406779,,209,1,2,116,1,2,2,2157511345,7111954111,thru,,,,SBT,"LINESTRING (80.2195259 12.9916855, 80.2195823 12.9916077)",620.0,,auto,1,volume set by default
198,108,7111954111,,116,1,2,117,1,2,2,338406779,7111954112,thru,,,,SBT,"LINESTRING (80.2195823 12.9916077, 80.2196433 12.9915333)",620.0,,auto,1,volume set by default
199,108,7111954111,,214,1,2,117,1,2,2,7111954110,7111954112,right,,,,EBR,"LINESTRING (80.2195395 12.9915431, 80.2196433 12.9915333)",220.0,,auto,1,volume set by default
200,109,7111954112,,117,1,1,198,1,1,1,7111954111,9368672356,thru,,,,SBT,"LINESTRING (80.2196146 12.9915675, 80.2197052 12.9914533)",310.0,,auto,1,volume set by default
201,109,7111954112,,117,2,2,199,3,3,1,7111954111,249112798,right,,,,SBR,"LINESTRING (80.2196146 12.9915675, 80.2196023 12.9914684)",110.0,,auto,1,volume set by default
202,110,2142536482,,118,1,2,119,1,2,2,9368672356,249112798,thru,,,,NBT,"LINESTRING (80.2196907 12.9913440, 80.2196000 12.9914580)",620.0,,auto,1,volume set by default
203,111,7111954110,,120,1,1,122,1,1,1,249112798,338406792,thru,,,,NBT,"LINESTRING (80.2195799 12.9914820, 80.2194938 12.9915991)",310.0,,auto,1,volume set by default
204,111,7111954110,,120,2,2,214,2,2,1,249112798,7111954111,right,,,,NBR,"LINESTRING (80.2195799 12.9914820, 80.2195899 12.9915839)",110.0,,auto,1,volume set by default
205,111,7111954110,,213,1,1,122,1,1,1,9370418225,338406792,left,,,,NBL,"LINESTRING (80.2195072 12.9914700, 80.2194938 12.9915991)",105.0,,auto,1,volume set by default
206,111,7111954110,,213,2,2,214,2,2,1,9370418225,7111954111,thru,,,,NBT,"LINESTRING (80.2195072 12.9914700, 80.2195899 12.9915839)",310.0,,auto,1,volume set by default
207,112,1184617250,,127,1,1,121,1,1,1,2157593527,366081887,thru,,,,NBT,"LINESTRING (80.2172303 12.9947147, 80.2171442 12.9948321)",310.0,,auto,1,volume set by default
208,114,338406792,,122,2,3,212,1,2,2,7111954110,338406760,thru,,,,NBT,"LINESTRING (80.2195282 12.9915454, 80.2194477 12.9916666)",620.0,,auto,1,volume set by default
209,116,300195704,,123,1,1,124,1,1,1,4314770660,365988855,thru,,,,NBT,"LINESTRING (80.2185166 13.0015153, 80.2186048 13.0016310)",310.0,,auto,1,volume set by default
210,116,300195704,,123,2,2,190,3,3,1,4314770660,366081876,right,,,,NBR,"LINESTRING (80.2185166 13.0015153, 80.2186176 13.0015339)",110.0,,auto,1,volume set by default
211,116,300195704,,191,1,2,124,1,2,2,366081876,365988855,right,,,,WBR,"LINESTRING (80.2186176 13.0015339, 80.2186048 13.0016310)",220.0,,auto,1,volume set by default
212,117,6444634790,,125,1,1,126,1,1,1,365988855,2241058339,thru,,,,NBT,"LINESTRING (80.2219187 13.0090412, 80.2219850 13.0091705)",310.0,,auto,1,volume set by default
213,117,6444634790,,125,2,2,186,3,3,1,365988855,6444634789,right,,,,NBR,"LINESTRING (80.2219187 13.0090412, 80.2220134 13.0090650)",110.0,,auto,1,volume set by default
214,117,6444634790,,187,1,2,126,1,2,2,6444634789,2241058339,right,,,,WBR,"LINESTRING (80.2220134 13.0090650, 80.2219850 13.0091705)",220.0,,auto,1,volume set by default
215,119,300312789,,128,1,1,152,1,1,1,277911466,277911472,thru,,,,WBT,"LINESTRING (80.2246559 12.9865275, 80.2245133 12.9865644)",310.0,,auto,1,volume set by default
216,119,300312789,,153,1,1,129,1,1,1,277911472,277911466,thru,,,,EBT,"LINESTRING (80.2245133 12.9865644, 80.2246559 12.9865275)",310.0,,auto,1,volume set by default
217,122,268789820,,200,2,2,132,2,2,1,2212827519,2212827520,right,,,,SBR,"LINESTRING (80.2402486 13.0068017, 80.2402095 13.0068140)",110.0,,auto,1,volume set by default
218,122,268789820,,200,1,1,144,1,1,1,2212827519,1971877227,right,,,,SBR,"LINESTRING (80.2402486 13.0068017, 80.2401351 13.0067560)",110.0,,auto,1,volume set by default
219,122,268789820,,219,3,3,132,2,2,1,268789818,2212827520,right,,,,WBR,"LINESTRING (80.2402798 13.0067277, 80.2402095 13.0068140)",110.0,,auto,1,volume set by default
220,122,268789820,,219,1,2,144,1,2,2,268789818,1971877227,thru,,,,WBT,"LINESTRING (80.2402798 13.0067277, 80.2401351 13.0067560)",620.0,,auto,1,volume set by default
221,124,5562486549,,134,1,2,135,1,2,2,310535870_30268467_310102882,243051061,thru,,,,NBT,"LINESTRING (80.2497227 12.9942732, 80.2496864 12.9944134)",620.0,,auto,1,volume set by default
222,124,5562486549,,134,3,3,184,3,3,1,310535870_30268467_310102882,5562486548,right,,,,NBR,"LINESTRING (80.2497227 12.9942732, 80.2497761 12.9943609)",110.0,,auto,1,volume set by default
223,127,1364815697,,160,1,2,145,1,2,2,251172939,338461488,thru,,,,EBT,"LINESTRING (80.2335665 12.9815583, 80.2336998 12.9814961)",620.0,,auto,1,volume set by default
224,128,338461488,,145,1,1,146,1,1,1,1364815697,338461708,thru,,,,EBT,"LINESTRING (80.2341328 12.9813125, 80.2342740 12.9812715)",310.0,,auto,1,volume set by default
225,128,338461488,,145,2,2,173,1,1,1,1364815697,338461524,right,,,,EBR,"LINESTRING (80.2341328 12.9813125, 80.2342069 12.9812527)",110.0,,auto,1,volume set by default
226,128,338461488,,172,1,1,146,1,1,1,338461524,338461708,right,,,,NBR,"LINESTRING (80.2342069 12.9812527, 80.2342740 12.9812715)",110.0,,auto,1,volume set by default
227,129,338461708,,146,1,2,156,1,2,2,338461488,277911182,thru,,,,EBT,"LINESTRING (80.2358551 12.9812319, 80.2360025 12.9812361)",620.0,,auto,1,volume set by default
228,130,268789818,,147,1,3,219,1,3,3,268789816,268789820,thru,,,,WBT,"LINESTRING (80.2414175 13.0065774, 80.2412702 13.0065807)",930.0,,auto,1,volume set by default
229,131,325207131,,149,1,2,151,1,2,2,325207106,249112805,thru,,,,WBT,"LINESTRING (80.2218981 12.9842045, 80.2217559 12.9842415)",620.0,,auto,1,volume set by default
230,131,325207131,,150,1,2,148,1,2,2,249112805,325207106,thru,,,,EBT,"LINESTRING (80.2217559 12.9842415, 80.2218981 12.9842045)",620.0,,auto,1,volume set by default
231,132,249112805,,151,1,2,176,1,2,2,325207131,4300667149,thru,,,,WBT,"LINESTRING (80.2213037 12.9842682, 80.2211576 12.9842874)",620.0,,auto,1,volume set by default
232,132,249112805,,175,1,2,150,1,2,2,4300667149,325207131,thru,,,,EBT,"LINESTRING (80.2211576 12.9842874, 80.2213037 12.9842682)",620.0,,auto,1,volume set by default
233,133,338461580,,174,1,2,158,1,2,2,338461524,4226494690,thru,,,,WBT,"LINESTRING (80.2337225 12.9814077, 80.2335881 12.9814672)",620.0,,auto,1,volume set by default
234,134,4226494690,,158,1,1,159,1,1,1,338461580,1641560828,thru,,,,WBT,"LINESTRING (80.2307692 12.9817062, 80.2306407 12.9816353)",310.0,,auto,1,volume set by default
235,134,4226494690,,158,2,2,163,3,3,1,338461580,251172944,right,,,,WBR,"LINESTRING (80.2307692 12.9817062, 80.2306664 12.9817348)",110.0,,auto,1,volume set by default
236,134,4226494690,,162,1,2,159,1,2,2,251172944,1641560828,right,,,,SBR,"LINESTRING (80.2306664 12.9817348, 80.2306407 12.9816353)",220.0,,auto,1,volume set by default
237,136,251172939,,161,2,2,160,2,2,1,251172944,1364815697,thru,,,,EBT,"LINESTRING (80.2321388 12.9820403, 80.2322850 12.9820228)",310.0,,auto,1,volume set by default
238,136,251172939,,161,1,1,168,1,1,1,251172944,277911463,left,,,,EBL,"LINESTRING (80.2321388 12.9820403, 80.2321753 12.9820979)",105.0,,auto,1,volume set by default
239,136,251172939,,169,1,2,160,1,2,2,277911463,1364815697,thru,,,,SBT,"LINESTRING (80.2321753 12.9820979, 80.2322850 12.9820228)",620.0,,auto,1,volume set by default
240,137,251172944,,163,1,2,161,1,2,2,4226494690,251172939,right,,,,NBR,"LINESTRING (80.2307014 12.9816766, 80.2307302 12.9817706)",220.0,,auto,1,volume set by default
241,140,2623043962,,178,1,1,194,1,1,1,4304449135,299878698,left,,,,WBL,"LINESTRING (80.2180580 12.9842541, 80.2179839 12.9841746)",105.0,,auto,1,volume set by default
242,140,2623043962,,193,1,1,177,1,1,1,4265654365,4304449135,left,,,,SBL,"LINESTRING (80.2179839 12.9843192, 80.2180580 12.9842541)",105.0,,auto,1,volume set by default
243,140,2623043962,,193,2,2,194,2,2,1,4265654365,299878698,thru,,,,SBT,"LINESTRING (80.2179839 12.9843192, 80.2179839 12.9841746)",310.0,,auto,1,volume set by default
244,142,6444634789,,186,1,2,180,1,2,2,6444634790,365988848,right,,,,EBR,"LINESTRING (80.2220020 13.0090726, 80.2220290 13.0089678)",220.0,,auto,1,volume set by default
245,143,366081876,,181,1,1,182,1,1,1,365988848,366081878,thru,,,,SBT,"LINESTRING (80.2186716 13.0015845, 80.2185820 13.0014700)",310.0,,auto,1,volume set by default
246,143,366081876,,181,2,2,191,3,3,1,365988848,300195704,right,,,,SBR,"LINESTRING (80.2186716 13.0015845, 80.2185625 13.0015720)",110.0,,auto,1,volume set by default
247,143,366081876,,190,1,2,182,1,2,2,300195704,366081878,right,,,,EBR,"LINESTRING (80.2185625 13.0015720, 80.2185820 13.0014700)",220.0,,auto,1,volume set by default
248,146,4265654365,,192,1,2,193,1,2,2,325207488,2623043962,thru,,,,SBT,"LINESTRING (80.2183391 12.9873585, 80.2183053 12.9872176)",620.0,,auto,1,volume set by default
249,151,319489540_1183430691_246866721,,215,1,1,210,1,1,1,1676204874,319489535,thru,,,,SBT,"LINESTRING (80.2517818 12.9865235, 80.2518161 12.9863828)",310.0,,auto,1,volume set by default
250,151,319489540_1183430691_246866721,,215,2,2,4,2,2,1,1676204874,6450947189,right,,,,SBR,"LINESTRING (80.2517818 12.9865235, 80.2516808 12.9862642)",110.0,,auto,1,volume set by default
251,151,319489540_1183430691_246866721,,215,3,3,217,3,3,1,1676204874,310535870_30268467_310102882,right,,,,SBR,"LINESTRING (80.2517818 12.9865235, 80.2517004 12.9864315)",110.0,,auto,1,volume set by default
252,151,319489540_1183430691_246866721,,76,3,3,210,3,3,1,246866725,319489535,right,,,,NBR,"LINESTRING (80.2517678 12.9862178, 80.2518161 12.9863828)",110.0,,auto,1,volume set by default
253,151,319489540_1183430691_246866721,,76,1,1,4,1,1,1,246866725,6450947189,left,,,,NBL,"LINESTRING (80.2517678 12.9862178, 80.2516808 12.9862642)",105.0,,auto,1,volume set by default
254,151,319489540_1183430691_246866721,,76,2,2,217,3,3,1,246866725,310535870_30268467_310102882,thru,,,,NBT,"LINESTRING (80.2517678 12.9862178, 80.2517004 12.9864315)",310.0,,auto,1,volume set by default
255,151,319489540_1183430691_246866721,,96,2,2,210,3,3,1,6450947190,319489535,right,,,,EBR,"LINESTRING (80.2516486 12.9863420, 80.2518161 12.9863828)",110.0,,auto,1,volume set by default
256,151,319489540_1183430691_246866721,,96,2,2,4,2,2,1,6450947190,6450947189,right,,,,EBR,"LINESTRING (80.2516486 12.9863420, 80.2516808 12.9862642)",110.0,,auto,1,volume set by default
257,151,319489540_1183430691_246866721,,96,1,1,217,1,1,1,6450947190,310535870_30268467_310102882,left,,,,EBL,"LINESTRING (80.2516486 12.9863420, 80.2517004 12.9864315)",105.0,,auto,1,volume set by default
258,152,243051703_312031412,,87,2,2,88,2,2,1,249493615,249493599,thru,,,,EBT,"LINESTRING (80.2515624 13.0068108, 80.2517065 13.0067800)",310.0,,auto,1,volume set by default
259,152,243051703_312031412,,87,2,2,14,2,2,1,249493615,257432748,right,,,,EBR,"LINESTRING (80.2515624 13.0068108, 80.2516886 13.0065868)",110.0,,auto,1,volume set by default
260,152,243051703_312031412,,87,1,1,42,1,1,1,249493615,1183401915,right,,,,EBR,"LINESTRING (80.2515624 13.0068108, 80.2516175 13.0066742)",110.0,,auto,1,volume set by default
261,152,243051703_312031412,,15,2,2,88,2,2,1,257432748,249493599,right,,,,NBR,"LINESTRING (80.2516886 13.0065868, 80.2517065 13.0067800)",110.0,,auto,1,volume set by default
262,152,243051703_312031412,,15,1,1,42,1,1,1,257432748,1183401915,left,,,,NBL,"LINESTRING (80.2516886 13.0065868, 80.2516175 13.0066742)",105.0,,auto,1,volume set by default
263,152,243051703_312031412,,41,3,3,88,2,2,1,249497656,249493599,right,,,,WBR,"LINESTRING (80.2517606 13.0066391, 80.2517065 13.0067800)",110.0,,auto,1,volume set by default
264,152,243051703_312031412,,41,1,1,14,1,1,1,249497656,257432748,left,,,,WBL,"LINESTRING (80.2517606 13.0066391, 80.2516886 13.0065868)",105.0,,auto,1,volume set by default
265,152,243051703_312031412,,41,2,2,42,3,3,1,249497656,1183401915,thru,,,,WBT,"LINESTRING (80.2517606 13.0066391, 80.2516175 13.0066742)",310.0,,auto,1,volume set by default
266,153,1454664555_4113412285_338470503_1454664553,,20,2,2,104,3,3,1,1454664551,251296646,left,,,,NBL,"LINESTRING (80.2431658 12.9812049, 80.2430877 12.9812815)",105.0,,auto,1,volume set by default
267,153,1454664555_4113412285_338470503_1454664553,,20,2,2,105,3,3,1,1454664551,338470506,right,,,,NBR,"LINESTRING (80.2431658 12.9812049, 80.2433390 12.9813686)",110.0,,auto,1,volume set by default
268,153,1454664555_4113412285_338470503_1454664553,,20,1,1,103,1,1,1,1454664551,1454664548,right,,,,NBR,"LINESTRING (80.2431658 12.9812049, 80.2432704 12.9812079)",110.0,,auto,1,volume set by default
269,153,1454664555_4113412285_338470503_1454664553,,59,1,1,104,1,1,1,338466259,251296646,right,,,,EBR,"LINESTRING (80.2430801 12.9813695, 80.2430877 12.9812815)",110.0,,auto,1,volume set by default
270,153,1454664555_4113412285_338470503_1454664553,,59,2,2,105,3,3,1,338466259,338470506,thru,,,,EBT,"LINESTRING (80.2430801 12.9813695, 80.2433390 12.9813686)",310.0,,auto,1,volume set by default
271,153,1454664555_4113412285_338470503_1454664553,,59,3,3,103,2,2,1,338466259,1454664548,right,,,,EBR,"LINESTRING (80.2430801 12.9813695, 80.2432704 12.9812079)",110.0,,auto,1,volume set by default
272,153,1454664555_4113412285_338470503_1454664553,,62,3,3,104,3,3,1,246866969,251296646,thru,,,,WBT,"LINESTRING (80.2433411 12.9812797, 80.2430877 12.9812815)",310.0,,auto,1,volume set by default
273,153,1454664555_4113412285_338470503_1454664553,,62,1,1,105,1,1,1,246866969,338470506,right,,,,WBR,"LINESTRING (80.2433411 12.9812797, 80.2433390 12.9813686)",110.0,,auto,1,volume set by default
274,153,1454664555_4113412285_338470503_1454664553,,62,2,2,103,2,2,1,246866969,1454664548,left,,,,WBL,"LINESTRING (80.2433411 12.9812797, 80.2432704 12.9812079)",105.0,,auto,1,volume set by default
275,154,310102870_312031374,,205,1,1,139,1,1,1,243051152,1183401857,thru,,,,EBT,"LINESTRING (80.2473906 13.0067701, 80.2475380 13.0067705)",310.0,,auto,1,volume set by default
276,154,310102870_312031374,,205,2,2,46,3,3,1,243051152,6816790398,right,,,,EBR,"LINESTRING (80.2473906 13.0067701, 80.2474531 13.0065754)",110.0,,auto,1,volume set by default
277,154,310102870_312031374,,205,3,3,92,3,3,1,243051152,6816790397,right,,,,EBR,"LINESTRING (80.2473906 13.0067701, 80.2473796 13.0066475)",110.0,,auto,1,volume set by default
278,154,310102870_312031374,,91,1,1,139,1,1,1,6816790401,1183401857,right,,,,WBR,"LINESTRING (80.2475270 13.0066519, 80.2475380 13.0067705)",110.0,,auto,1,volume set by default
279,154,310102870_312031374,,91,2,2,46,3,3,1,6816790401,6816790398,left,,,,WBL,"LINESTRING (80.2475270 13.0066519, 80.2474531 13.0065754)",105.0,,auto,1,volume set by default
280,154,310102870_312031374,,91,3,3,92,3,3,1,6816790401,6816790397,thru,,,,WBT,"LINESTRING (80.2475270 13.0066519, 80.2473796 13.0066475)",310.0,,auto,1,volume set by default
281,155,310535870_30268467_310102882,,48,2,2,140,3,3,1,5562486548,1183401849,left,,,,SBL,"LINESTRING (80.2514010 12.9879891, 80.2514915 12.9879301)",105.0,,auto,1,volume set by default
282,155,310535870_30268467_310102882,,48,1,1,134,1,1,1,5562486548,5562486549,right,,,,SBR,"LINESTRING (80.2514010 12.9879891, 80.2513067 12.9879115)",110.0,,auto,1,volume set by default
283,155,310535870_30268467_310102882,,48,3,3,138,3,3,1,5562486548,1676204874,thru,,,,SBT,"LINESTRING (80.2514010 12.9879891, 80.2514590 12.9877604)",310.0,,auto,1,volume set by default
284,155,310535870_30268467_310102882,,217,2,2,140,3,3,1,319489540_1183430691_246866721,1183401849,right,,,,NBR,"LINESTRING (80.2513423 12.9877711, 80.2514915 12.9879301)",110.0,,auto,1,volume set by default
285,155,310535870_30268467_310102882,,217,1,1,134,1,1,1,319489540_1183430691_246866721,5562486549,thru,,,,NBT,"LINESTRING (80.2513423 12.9877711, 80.2513067 12.9879115)",310.0,,auto,1,volume set by default
286,155,310535870_30268467_310102882,,217,3,3,138,3,3,1,319489540_1183430691_246866721,1676204874,right,,,,NBR,"LINESTRING (80.2513423 12.9877711, 80.2514590 12.9877604)",110.0,,auto,1,volume set by default
287,155,310535870_30268467_310102882,,84,3,3,140,3,3,1,1676204892,1183401849,right,,,,WBR,"LINESTRING (80.2515119 12.9878324, 80.2514915 12.9879301)",110.0,,auto,1,volume set by default
288,155,310535870_30268467_310102882,,84,2,2,134,3,3,1,1676204892,5562486549,right,,,,WBR,"LINESTRING (80.2515119 12.9878324, 80.2513067 12.9879115)",110.0,,auto,1,volume set by default
289,155,310535870_30268467_310102882,,84,1,1,138,1,1,1,1676204892,1676204874,left,,,,WBL,"LINESTRING (80.2515119 12.9878324, 80.2514590 12.9877604)",105.0,,auto,1,volume set by default
