If zone.csv has not been prepared, please prepare TAZ.csv from the planning model so that DTALite can help with generating access nodes that connect zone to nodes in the network.
Step 1: read network node.csv, link.csv, zone.csv 
,# of nodes = ,1056
,# of links =,2212
,# of zones =,37
,summary by multi-modal and demand types,demand_period,agent_type,# of links,avg_free_speed,total_length_in_km,total_capacity,avg_lane_capacity,avg_length_in_meter,
,,AM,auto,578,46.9239,38.6551,1.26e+06,1800,66.8774,
,,AM,walk,2004,26.1113,97.1346,3.8268e+06,1800,48.4703,
,,AM,bike,1335,36.6906,77.5325,2.6226e+06,1800,58.0768,
,,AM,bus,0,0,0,0,0,0,
,,AM,truck,0,0,0,0,0,0,
,,AM,cav,0,0,0,0,0,0,
,,AM,ev,0,0,0,0,0,0,
,summary by road link type,link_type,link_type_name,# of links,avg_free_speed,total_length,total_capacity,avg_lane_capacity,avg_length_in_meter,
,,-1,,0,0,0,0,0,0,
,,1,,0,0,0,0,0,0,
,,2,,2,5,0.0257435,3600,1800,12.8718,
,,3,,84,74.6667,6.88766,271800,1800,81.996,
,,4,,156,60,9.40748,374400,1800,60.3043,
,,5,,135,40,7.80079,248400,1800,57.7836,
,,6,,203,30,14.5592,365400,1800,71.7202,
,,7,,723,30,35.8308,1.3014e+06,1800,49.5586,
,,8,cycleway,23,5,2.51753,41400,1800,109.458,
,,9,footway,682,5,20.1946,1.2276e+06,1800,29.6108,
Step 2: read demand, defined in [demand_file_list] in settings.csv.
,file_sequence_no=,1,file_name =, input_matrix.csv,demand_period =, AM,departure_time_profile_no=,1,cumulative demand =, 999.6
,file_sequence_no=,2,file_name =, input_matrix.csv,demand_period =, AM,departure_time_profile_no=,1,cumulative demand =, 1999.22
,file_sequence_no=,3,file_name =, input_matrix.csv,demand_period =, AM,departure_time_profile_no=,1,cumulative demand =, 2998.78
,file_sequence_no=,4,file_name =, input_matrix.csv,demand_period =, AM,departure_time_profile_no=,1,cumulative demand =, 3998.34
,file_sequence_no=,5,file_name =, input_matrix.csv,demand_period =, AM,departure_time_profile_no=,1,cumulative demand =, 4997.93
,file_sequence_no=,6,file_name =, input_matrix.csv,demand_period =, AM,departure_time_profile_no=,1,cumulative demand =, 5997.52
,file_sequence_no=,7,file_name =, input_matrix.csv,demand_period =, AM,departure_time_profile_no=,1,cumulative demand =, 6997.11
,total demand =, 6997.11
,top 10 OD,rank,o,d,agent_type,departure_time,volume
,,1,9,5,bike,AM,10.6522
,,2,5,9,bus,AM,10.6522
,,3,9,5,cav,AM,10.6522
,,4,9,5,truck,AM,10.6522
,,5,9,5,bus,AM,10.6522
,,6,9,5,walk,AM,10.6522
,,7,9,5,auto,AM,10.6522
,,8,5,9,bike,AM,10.6522
,,9,5,9,walk,AM,10.6522
,,10,5,9,auto,AM,10.6522
Step 3: check OD connectivity and accessibility in od_accessibility.csv
, # of connected OD pairs =, 1259
, # of OD/agent_type/demand_type columns without paths =, 6627
Step 4: Column Generation for Traffic Assignment
Step 4.2: column pool-based flow updating for traffic assignment 
,# of flow updating iterations=,0
Step 4.3: OD estimation 
,# of ODME_iterations=,0
Step 5: traffic simulataion. 
, # of simulated agents in agent.csv=,1985,
,simu time=,0 min, CA =,0,CD=,0, speed=,60, travel time =,0,CI=,0,CR=,0
,simu time=,10 min, CA =,358,CD=,63, speed=,8.1895, travel time =,2.1842,CI=,0,CR=,0
,simu time=,20 min, CA =,1037,CD=,519, speed=,5.1779, travel time =,5.3441,CI=,0,CR=,0
,simu time=,30 min, CA =,1689,CD=,1114, speed=,4.5387, travel time =,6.7357,CI=,0,CR=,0
,simu time=,40 min, CA =,1985,CD=,1767, speed=,4.3986, travel time =,7.434,CI=,0,CR=,0
,simu time=,50 min, CA =,1985,CD=,1937, speed=,4.2897, travel time =,7.9281,CI=,0,CR=,0
,simu time=,60 min, CA =,1985,CD=,1974, speed=,4.1569, travel time =,8.2167,CI=,0,CR=,0
,simu time=,70 min, CA =,1985,CD=,1980, speed=,4.1123, travel time =,8.3194,CI=,0,CR=,0
,simu time=,80 min, CA =,1985,CD=,1983, speed=,4.0895, travel time =,8.3756,CI=,0,CR=,0
,simu time=,90 min, CA =,1985,CD=,1984, speed=,4.0809, travel time =,8.3981,CI=,0,CR=,0
,summary by multi-modal agents,agent_type,#_agents,avg_distance,avg_travel_time_in_min,avg_free_speed,
,,auto,403,0.54865,5.8443,5.6326
,,walk,859,0.56595,10.914,3.1114
,,bike,723,0.59048,7.5745,4.6773
,,bus,0,0,0,0
,,truck,0,0,0,0
,,cav,0,0,0,0
,,ev,0,0,0,0
, # of simulated agents in trajectory.csv=,1986,avg # of nodes per agent=24.445
