name,link_id,osm_way_id,from_node_id,to_node_id,dir_flag,length,lanes,free_speed,capacity,link_type_name,link_type,geometry,allowed_uses,from_biway,is_link,VDF_FFTT1,VDF_cap1
West 116th Street,0,5670539,28,269,1,9.023525212628401,1,30,,residential,6,"LINESTRING (-73.95936 40.8061125, -73.9594548 40.8061504)",walk;auto;bike,1,0,,
West 116th Street,1,5670539,269,28,1,9.023525212628401,1,30,,residential,6,"LINESTRING (-73.9594548 40.8061504, -73.95936 40.8061125)",walk;auto;bike,1,0,,
West 116th Street,2,5670539,269,3,1,154.6310293425391,1,30,,residential,6,"LINESTRING (-73.9594548 40.8061504, -73.9594936 40.8061667, -73.9610565 40.8068316)",walk;auto;bike,1,0,,
West 116th Street,3,5670539,3,269,1,154.6310293425391,1,30,,residential,6,"LINESTRING (-73.9610565 40.8068316, -73.9594936 40.8061667, -73.9594548 40.8061504)",walk;auto;bike,1,0,,
Claremont Avenue,4,5671086,187,12,1,60.505759799750884,1,30,,residential,6,"LINESTRING (-73.96488220000001 40.8084384, -73.96453649999999 40.8089155)",walk;auto;bike,1,0,,
Claremont Avenue,5,5671086,12,187,1,60.505759799750884,1,30,,residential,6,"LINESTRING (-73.96453649999999 40.8089155, -73.96488220000001 40.8084384)",walk;auto;bike,1,0,,
West 121st Street,6,5671297,414,280,1,28.712287420189146,1,30,,residential,6,"LINESTRING (-73.95829999999999 40.8098321, -73.9586027 40.8099512)",walk;auto;bike,0,0,,
West 121st Street,7,5671297,280,190,1,11.904776570776356,1,30,,residential,6,"LINESTRING (-73.9586027 40.8099512, -73.958727 40.8100023)",walk;auto;bike,0,0,,
West 115th Street,9,5671452,5,402,1,116.41866707695517,1,30,,residential,6,"LINESTRING (-73.9615515 40.8061528, -73.9603389 40.8056491)",walk;auto;bike,0,0,,
West 115th Street,10,5671452,402,415,1,34.09716203688204,1,30,,residential,6,"LINESTRING (-73.9603389 40.8056491, -73.95998489999999 40.8055)",walk;auto;bike,0,0,,
West 118th Street,11,5672063,6,270,1,154.34365280093954,1,30,,residential,6,"LINESTRING (-73.960109 40.8081275, -73.9585044 40.8074555)",walk;auto;bike,0,0,,
West 118th Street,12,5672063,270,189,1,8.987052144224899,1,30,,residential,6,"LINESTRING (-73.9585044 40.8074555, -73.9584103 40.8074173)",walk;auto;bike,0,0,,
West 122nd Street,13,5672571,416,303,1,9.6338790891247,1,30,,residential,6,"LINESTRING (-73.95829999999999 40.8106413, -73.9583999 40.8106836)",walk;auto;bike,1,0,,
West 122nd Street,14,5672571,303,416,1,9.6338790891247,1,30,,residential,6,"LINESTRING (-73.9583999 40.8106836, -73.95829999999999 40.8106413)",walk;auto;bike,1,0,,
West 122nd Street,15,5672571,303,417,1,93.78788036917643,1,30,,residential,6,"LINESTRING (-73.9583999 40.8106836, -73.9588553 40.8108762, -73.959369 40.8111)",walk;auto;bike,1,0,,
West 122nd Street,16,5672571,417,303,1,93.78788036917643,1,30,,residential,6,"LINESTRING (-73.959369 40.8111, -73.9588553 40.8108762, -73.9583999 40.8106836)",walk;auto;bike,1,0,,
West 114th Street,17,5672656,418,474,1,72.61341464703804,1,30,,residential,6,"LINESTRING (-73.9657 40.8070649, -73.96505670000001 40.8067994, -73.96494370000001 40.8067507)",walk;auto;bike,0,0,,
West 114th Street,19,5672656,474,20,1,84.106437070915,1,30,,residential,6,"LINESTRING (-73.96475890000001 40.8066746, -73.9646547 40.80663, -73.9638874 40.8063045)",walk;auto;bike,0,0,,
West 114th Street,20,5672656,20,23,1,95.55887658678859,1,30,,residential,6,"LINESTRING (-73.9638874 40.8063045, -73.9628951 40.8058869)",walk;auto;bike,0,0,,
West 114th Street,21,5672656,23,390,1,73.27265195500209,1,30,,residential,6,"LINESTRING (-73.9628951 40.8058869, -73.9621283 40.8055749)",walk;auto;bike,0,0,,
West 114th Street,22,5672656,390,26,1,11.452733479858415,1,30,,residential,6,"LINESTRING (-73.9621283 40.8055749, -73.9620084 40.8055262)",walk;auto;bike,0,0,,
West 114th Street,23,5672656,26,419,1,5.969155424468148,1,30,,residential,6,"LINESTRING (-73.9620084 40.8055262, -73.9619465 40.8055)",walk;auto;bike,0,0,,
West 119th Street,24,5672762,420,7,1,129.4491770322874,1,30,,residential,6,"LINESTRING (-73.95829999999999 40.8081983, -73.9590295 40.808499, -73.959525 40.8087035, -73.9596506 40.8087553)",walk;auto;bike,0,0,,
West 119th Street,25,5672764,188,476,1,87.30032891580902,1,30,,residential,6,"LINESTRING (-73.963477 40.810373, -73.96438790000001 40.8107486)",walk;auto;bike,0,0,,
Riverside Drive,26,46111615,421,476,1,39.98616430196919,2,60,,secondary,4,"LINESTRING (-73.9642394 40.8111, -73.96446690000001 40.8107843)",walk;auto;bike,0,0,,
Claremont Avenue,27,46562972,12,13,1,80.46305845327433,1,30,,residential,6,"LINESTRING (-73.96453649999999 40.8089155, -73.96468470000001 40.8088353, -73.96475770000001 40.8087981, -73.9648479 40.8087601, -73.96489939999999 40.8087399, -73.964962 40.8087185, -73.9649945 40.8087081, -73.96502959999999 40.8086989, -73.96507699999999 40.8086889, -73.9651446 40.8086784, -73.96526780000001 40.8086692, -73.96540899999999 40.8086624)",walk;auto;bike,0,0,,
College Walk,28,49688928,3,382,1,11.01392764032298,1,5,,footway,9,"LINESTRING (-73.9610565 40.8068316, -73.9611706 40.8068801)",walk,0,0,,
College Walk,29,49688928,382,214,1,7.462456185819628,1,5,,footway,9,"LINESTRING (-73.9611706 40.8068801, -73.9612066 40.8068954, -73.96124810000001 40.8069127)",walk,0,0,,
College Walk,30,49688928,214,68,1,69.8877178860981,1,5,,footway,9,"LINESTRING (-73.96124810000001 40.8069127, -73.96197479999999 40.8072168)",walk,0,0,,
College Walk,31,49688928,68,67,1,44.50515270740388,1,5,,footway,9,"LINESTRING (-73.96197479999999 40.8072168, -73.9624345 40.8074146)",walk,0,0,,
College Walk,32,49688928,67,62,1,44.370180140565424,1,5,,footway,9,"LINESTRING (-73.9624345 40.8074146, -73.9628965 40.8076068)",walk,0,0,,
College Walk,33,49688928,62,208,1,68.78645566855198,1,5,,footway,9,"LINESTRING (-73.9628965 40.8076068, -73.9636122 40.8079055)",walk,0,0,,
College Walk,34,49688928,208,396,1,7.592293647980192,1,5,,footway,9,"LINESTRING (-73.9636122 40.8079055, -73.96365059999999 40.8079215, -73.96369079999999 40.807939)",walk,0,0,,
College Walk,35,49688928,396,477,1,10.715548724025437,1,5,,footway,9,"LINESTRING (-73.96369079999999 40.807939, -73.96380120000001 40.807987)",walk,0,0,,
,38,165893401,37,38,1,10.54947609915237,1,5,,footway,9,"LINESTRING (-73.958586 40.8061914, -73.9587112 40.8061959)",walk,0,0,,
,39,165893410,36,34,1,10.60324256654156,1,5,,footway,9,"LINESTRING (-73.9593088 40.8056565, -73.9593856 40.8056884, -73.9593806 40.8057172)",walk,0,0,,
West 120th Street,40,165893413,422,369,1,43.53310674217747,1,30,,residential,6,"LINESTRING (-73.95829999999999 40.8089571, -73.95875100000001 40.8091488)",walk;auto;bike,1,0,,
West 120th Street,41,165893413,369,422,1,43.53310674217747,1,30,,residential,6,"LINESTRING (-73.95875100000001 40.8091488, -73.95829999999999 40.8089571)",walk;auto;bike,1,0,,
,42,166429537,32,271,1,9.575288274395025,1,5,,footway,9,"LINESTRING (-73.95915979999999 40.8060261, -73.9592327 40.8060571, -73.95925939999999 40.8060677)",walk,0,0,,
,43,166429538,34,332,1,31.24225413624209,1,5,,footway,9,"LINESTRING (-73.9593806 40.8057172, -73.9592049 40.8059647)",walk,0,0,,
,44,167912861,45,44,1,12.34855221020954,1,5,,footway,9,"LINESTRING (-73.9589649 40.8057454, -73.9591111 40.8057361)",walk,0,0,,
,45,167912872,35,43,1,10.178834403988269,1,5,,footway,9,"LINESTRING (-73.9593879 40.8055439, -73.9592774 40.8055067)",walk,0,0,,
,46,167919082,44,42,1,10.420908229031735,1,5,,footway,9,"LINESTRING (-73.9591111 40.8057361, -73.9591877 40.8057735, -73.9592196 40.8057788)",walk,0,0,,
,47,167919089,35,423,1,5.388065337104171,1,5,,footway,9,"LINESTRING (-73.9593879 40.8055439, -73.95941500000001 40.8055)",walk,0,0,,
,48,167919091,43,44,1,29.096024874360435,1,5,,footway,9,"LINESTRING (-73.9592774 40.8055067, -73.9591111 40.8057361)",walk,0,0,,
,49,167919097,42,379,1,12.0806559182364,1,5,,footway,9,"LINESTRING (-73.9592196 40.8057788, -73.959289 40.8056837)",walk,0,0,,
West 116th Street,50,167920333,31,256,1,16.133457099665144,1,5,,footway,9,"LINESTRING (-73.9585154 40.8059018, -73.95840440000001 40.8058407, -73.9583578 40.8058194)",walk,0,0,,
West 116th Street,51,167920334,30,424,1,27.38737185587767,1,5,,footway,9,"LINESTRING (-73.9585854 40.8056588, -73.9583883 40.8055766, -73.95829999999999 40.8055405)",walk,0,0,,
,52,167920335,36,380,1,3.326895218039055,1,5,,footway,9,"LINESTRING (-73.9593088 40.8056565, -73.95932740000001 40.8056301)",walk,0,0,,
Broadway,53,195743139,425,473,1,68.49416603194788,3,80,,primary,3,"LINESTRING (-73.965608 40.8055, -73.9652507 40.8059931, -73.96524669999999 40.8059985, -73.9652167 40.8060401)",walk;auto;bike,0,0,,
Broadway,54,195743139,473,474,1,80.38927456678124,3,80,,primary,3,"LINESTRING (-73.9652167 40.8060401, -73.9651679 40.8061073, -73.964798 40.8066195, -73.96475890000001 40.8066746)",walk;auto;bike,0,0,,
Broadway,55,195743139,474,339,1,72.8858478642411,3,80,,primary,3,"LINESTRING (-73.96475890000001 40.8066746, -73.96471289999999 40.8067362, -73.9645316 40.8069814, -73.9644753 40.8070584, -73.9643379 40.8072474)",walk;auto;bike,0,0,,
Broadway,56,195743139,339,475,1,7.338646327532951,3,80,,primary,3,"LINESTRING (-73.9643379 40.8072474, -73.9642951 40.8073049)",walk;auto;bike,0,0,,
Amsterdam Avenue,57,196116971,25,319,1,11.972565359837112,1,60,,secondary,4,"LINESTRING (-73.959211 40.8093443, -73.95918380000001 40.8093816, -73.95914209999999 40.8094385)",walk;auto;bike,1,0,,
Amsterdam Avenue,58,196116971,319,25,1,11.972565359837112,1,60,,secondary,4,"LINESTRING (-73.95914209999999 40.8094385, -73.95918380000001 40.8093816, -73.959211 40.8093443)",walk;auto;bike,1,0,,
Amsterdam Avenue,59,196116971,319,320,1,65.35181583238115,1,60,,secondary,4,"LINESTRING (-73.95914209999999 40.8094385, -73.9591071 40.8094863, -73.95876389999999 40.8099518)",walk;auto;bike,1,0,,
Amsterdam Avenue,60,196116971,320,319,1,65.35181583238115,1,60,,secondary,4,"LINESTRING (-73.95876389999999 40.8099518, -73.9591071 40.8094863, -73.95914209999999 40.8094385)",walk;auto;bike,1,0,,
Amsterdam Avenue,61,196116971,320,190,1,6.4168958166678465,1,60,,secondary,4,"LINESTRING (-73.95876389999999 40.8099518, -73.958727 40.8100023)",walk;auto;bike,1,0,,
Amsterdam Avenue,62,196116971,190,320,1,6.4168958166678465,1,60,,secondary,4,"LINESTRING (-73.958727 40.8100023, -73.95876389999999 40.8099518)",walk;auto;bike,1,0,,
Broadway,63,196116983,478,426,1,75.70892226595595,3,80,,primary,3,"LINESTRING (-73.961977 40.8105047, -73.9615404 40.8111)",walk;auto;bike,0,0,,
Broadway,64,196116984,478,480,1,72.24020201798655,3,40,,primary,3,"LINESTRING (-73.9621791 40.8105898, -73.96259120000001 40.8100199)",walk;auto;bike,0,0,,
Broadway,65,196116984,480,481,1,82.25200296146434,3,40,,primary,3,"LINESTRING (-73.96259120000001 40.8100199, -73.96305940000001 40.8093706)",walk;auto;bike,0,0,,
West 120th Street,66,196117063,478,9,1,84.06716746792942,1,30,,residential,6,"LINESTRING (-73.9621791 40.8105898, -73.9630559 40.810952)",walk;auto;bike,1,0,,
West 120th Street,67,196117063,9,478,1,84.06716746792942,1,30,,residential,6,"LINESTRING (-73.9630559 40.810952, -73.9621791 40.8105898)",walk;auto;bike,1,0,,
West 120th Street,68,196117063,9,427,1,33.39667713364724,1,30,,residential,6,"LINESTRING (-73.9630559 40.810952, -73.96340120000001 40.8111)",walk;auto;bike,1,0,,
West 120th Street,69,196117063,427,9,1,33.39667713364724,1,30,,residential,6,"LINESTRING (-73.96340120000001 40.8111, -73.9630559 40.810952)",walk;auto;bike,1,0,,
West 120th Street,70,196117064,25,336,1,12.781194606658062,1,30,,residential,6,"LINESTRING (-73.959211 40.8093443, -73.95934339999999 40.8094006)",walk;auto;bike,1,0,,
West 120th Street,71,196117064,336,25,1,12.781194606658062,1,30,,residential,6,"LINESTRING (-73.95934339999999 40.8094006, -73.959211 40.8093443)",walk;auto;bike,1,0,,
West 120th Street,72,196117064,336,158,1,214.03299232561284,1,30,,residential,6,"LINESTRING (-73.95934339999999 40.8094006, -73.960329 40.8098094, -73.96156910000001 40.8103318)",walk;auto;bike,1,0,,
West 120th Street,73,196117064,158,336,1,214.03299232561284,1,30,,residential,6,"LINESTRING (-73.96156910000001 40.8103318, -73.960329 40.8098094, -73.95934339999999 40.8094006)",walk;auto;bike,1,0,,
West 120th Street,74,196117064,158,478,1,39.346118280439576,1,30,,residential,6,"LINESTRING (-73.96156910000001 40.8103318, -73.961977 40.8105047)",walk;auto;bike,1,0,,
West 120th Street,75,196117064,478,158,1,39.346118280439576,1,30,,residential,6,"LINESTRING (-73.961977 40.8105047, -73.96156910000001 40.8103318)",walk;auto;bike,1,0,,
,76,221915369,56,90,1,5.8462824279168535,1,5,,footway,9,"LINESTRING (-73.9617143 40.8074412, -73.9616809 40.8074873)",walk,0,0,,
,77,221915369,90,57,1,19.678515666409062,1,5,,footway,9,"LINESTRING (-73.9616809 40.8074873, -73.96156499999999 40.807641)",walk,0,0,,
,78,221915369,57,73,1,10.217989573004484,1,5,,footway,9,"LINESTRING (-73.96156499999999 40.807641, -73.961671 40.8076858)",walk,0,0,,
,79,221915369,73,200,1,16.31940845319579,1,5,,footway,9,"LINESTRING (-73.961671 40.8076858, -73.9618407 40.8077568)",walk,0,0,,
,80,221915369,200,176,1,25.27431754861637,1,5,,footway,9,"LINESTRING (-73.9618407 40.8077568, -73.9619122 40.8077858, -73.9621037 40.8078665)",walk,0,0,,
,81,221915369,176,196,1,23.9540486352768,1,5,,footway,9,"LINESTRING (-73.9621037 40.8078665, -73.9623028 40.8079476, -73.9623541 40.8079689)",walk,0,0,,
,82,221915369,196,54,1,16.607602044088882,1,5,,footway,9,"LINESTRING (-73.9623541 40.8079689, -73.9625272 40.8080406)",walk,0,0,,
,83,221915369,54,48,1,12.740731805072988,1,5,,footway,9,"LINESTRING (-73.9625272 40.8080406, -73.96266 40.8080956)",walk,0,0,,
,84,221915369,48,105,1,19.44808439868939,1,5,,footway,9,"LINESTRING (-73.96266 40.8080956, -73.962771 40.8079422)",walk,0,0,,
,85,221915369,105,66,1,5.702609521679767,1,5,,footway,9,"LINESTRING (-73.962771 40.8079422, -73.96280350000001 40.8078972)",walk,0,0,,
,86,221915370,63,58,1,10.661840861374188,1,5,,footway,9,"LINESTRING (-73.961884 40.80741, -73.9619458 40.8073263)",walk,0,0,,
,87,221915371,178,175,1,9.555824492017425,1,5,,footway,9,"LINESTRING (-73.9621933 40.8077429, -73.9622492 40.8076681)",walk,0,0,,
,88,221915371,175,177,1,10.005097564493116,1,5,,footway,9,"LINESTRING (-73.9622492 40.8076681, -73.96230799999999 40.8075899)",walk,0,0,,
,89,221915372,54,194,1,21.817601232603025,1,5,,footway,9,"LINESTRING (-73.9625272 40.8080406, -73.9624027 40.8082127)",walk,0,0,,
,90,221915372,194,60,1,9.24023610818246,1,5,,footway,9,"LINESTRING (-73.9624027 40.8082127, -73.96235 40.8082856)",walk,0,0,,
,91,221915372,60,78,1,30.363745984087526,1,5,,footway,9,"LINESTRING (-73.96235 40.8082856, -73.9621767 40.8085251)",walk,0,0,,
,92,221915372,78,131,1,10.707088208328974,1,5,,footway,9,"LINESTRING (-73.9621767 40.8085251, -73.9621157 40.8086096)",walk,0,0,,
,93,221915372,131,321,1,15.495591261362389,1,5,,footway,9,"LINESTRING (-73.9621157 40.8086096, -73.96202719999999 40.8087318)",walk,0,0,,
,94,221915372,321,70,1,0.8612770660287696,1,5,,footway,9,"LINESTRING (-73.96202719999999 40.8087318, -73.9620223 40.8087386)",walk,0,0,,
,95,221915372,70,71,1,21.33375111048614,1,5,,footway,9,"LINESTRING (-73.9620223 40.8087386, -73.96190060000001 40.8089069)",walk,0,0,,
,96,221915372,71,142,1,11.746160849909714,1,5,,footway,9,"LINESTRING (-73.96190060000001 40.8089069, -73.96196620000001 40.8089341, -73.96193510000001 40.8089771)",walk,0,0,,
,97,221915372,142,359,1,25.76022094913767,1,5,,footway,9,"LINESTRING (-73.96193510000001 40.8089771, -73.96178810000001 40.8091803)",walk,0,0,,
,98,221915372,359,69,1,40.832845924680804,1,5,,footway,9,"LINESTRING (-73.96178810000001 40.8091803, -73.9615551 40.8095024)",walk,0,0,,
,99,221915373,251,205,1,2.329983890929821,1,5,,footway,9,"LINESTRING (-73.9629822 40.8074839, -73.9629692 40.8075024)",walk,0,0,,
,100,221915373,205,62,1,13.122584913822541,1,5,,footway,9,"LINESTRING (-73.9629692 40.8075024, -73.9628965 40.8076068)",walk,0,0,,
,101,221915373,62,61,1,12.24381793712096,1,5,,footway,9,"LINESTRING (-73.9628965 40.8076068, -73.96282789999999 40.8077039)",walk,0,0,,
,102,221915376,50,158,1,9.573884567996712,1,5,,footway,9,"LINESTRING (-73.9616213 40.8102553, -73.96156910000001 40.8103318)",walk,0,0,,
,103,221915377,51,132,1,15.90959168204974,1,5,,footway,9,"LINESTRING (-73.96104010000001 40.8085551, -73.9612085 40.8086201)",walk,0,0,,
,104,221915377,132,139,1,50.967874398203065,1,5,,footway,9,"LINESTRING (-73.9612085 40.8086201, -73.9617397 40.8088402)",walk,0,0,,
,105,221915377,139,71,1,15.439801494861863,1,5,,footway,9,"LINESTRING (-73.9617397 40.8088402, -73.96190060000001 40.8089069)",walk,0,0,,
,106,221915378,56,77,1,11.169209926449065,1,5,,footway,9,"LINESTRING (-73.9617143 40.8074412, -73.9617286 40.8074469, -73.9618308 40.8074893)",walk,0,0,,
,107,221915380,73,198,1,21.348378071180598,1,5,,footway,9,"LINESTRING (-73.961671 40.8076858, -73.96154869999999 40.807854)",walk,0,0,,
,108,221915380,198,104,1,9.262137528764535,1,5,,footway,9,"LINESTRING (-73.96154869999999 40.807854, -73.9614957 40.807927)",walk,0,0,,
,109,221915380,104,109,1,15.02397575825253,1,5,,footway,9,"LINESTRING (-73.9614957 40.807927, -73.9614097 40.8080454)",walk,0,0,,
,110,221915380,109,113,1,14.009275030494695,1,5,,footway,9,"LINESTRING (-73.9614097 40.8080454, -73.96132950000001 40.8081558)",walk,0,0,,
,111,221915380,113,116,1,12.505086985335474,1,5,,footway,9,"LINESTRING (-73.96132950000001 40.8081558, -73.9612578 40.8082543)",walk,0,0,,
,112,221915380,116,123,1,14.541807199582562,1,5,,footway,9,"LINESTRING (-73.9612578 40.8082543, -73.96117479999999 40.808369)",walk,0,0,,
,113,221915380,123,51,1,23.59531080360727,1,5,,footway,9,"LINESTRING (-73.96117479999999 40.808369, -73.96104010000001 40.8085551)",walk,0,0,,
,114,221915380,51,128,1,6.580333006059556,1,5,,footway,9,"LINESTRING (-73.96104010000001 40.8085551, -73.9609708 40.8085277)",walk,0,0,,
,115,221915380,128,124,1,30.30399840736659,1,5,,footway,9,"LINESTRING (-73.9609708 40.8085277, -73.96065369999999 40.8083986)",walk,0,0,,
,116,221915380,124,119,1,17.769076433453495,1,5,,footway,9,"LINESTRING (-73.96065369999999 40.8083986, -73.96046870000001 40.8083216)",walk,0,0,,
,117,221915380,119,115,1,17.280457936631603,1,5,,footway,9,"LINESTRING (-73.96046870000001 40.8083216, -73.9602888 40.8082467)",walk,0,0,,
,118,221915381,69,172,1,30.601116119953872,1,5,,footway,9,"LINESTRING (-73.9615551 40.8095024, -73.9616327 40.809534, -73.9615912 40.8095912, -73.9616882 40.809631, -73.9616503 40.8096834)",walk,0,0,,
,119,221915381,172,53,1,28.609421769979818,1,5,,footway,9,"LINESTRING (-73.9616503 40.8096834, -73.9614871 40.8099091)",walk,0,0,,
,120,221915382,64,74,1,74.67861315435997,1,5,,footway,9,"LINESTRING (-73.9613835 40.8096048, -73.9606046 40.8092831)",walk,0,0,,
,121,221915385,47,363,1,16.098117273186137,1,5,,footway,9,"LINESTRING (-73.9617808 40.8100317, -73.9617191 40.8101201, -73.9617617 40.8101381, -73.9617567 40.810145)",walk,0,0,,
,122,221915386,52,75,1,10.3866651976311,1,5,,footway,9,"LINESTRING (-73.9627297 40.8077689, -73.9627923 40.8076884)",walk,0,0,,
,123,224160377,428,79,1,126.24504071937022,1,5,,footway,9,"LINESTRING (-73.9657 40.8098336, -73.9656698 40.8098747, -73.9655245 40.8100898, -73.96528669999999 40.8104437, -73.9651794 40.8105877, -73.9651195 40.8107003, -73.9650582 40.8108385, -73.96505089999999 40.8108548)",walk,0,0,,
,124,224160377,79,429,1,29.282310703258005,1,5,,footway,9,"LINESTRING (-73.96505089999999 40.8108548, -73.9649999 40.8109697, -73.96495539999999 40.8110591, -73.9649259 40.8111)",walk,0,0,,
,125,224160393,412,430,1,7.098966038330178,1,5,,footway,9,"LINESTRING (-73.96562590000001 40.8088739, -73.9657 40.8089044)",walk,0,0,,
,126,224160416,431,79,1,27.45117837251091,1,5,,footway,9,"LINESTRING (-73.96505980000001 40.8111, -73.96504280000001 40.8110315, -73.96503850000001 40.8109724, -73.96504280000001 40.8109207, -73.96505089999999 40.8108548)",walk,0,0,,
,127,225299197,60,122,1,16.20940319599994,1,5,,footway,9,"LINESTRING (-73.96235 40.8082856, -73.9625157 40.8083599)",walk,0,0,,
,128,225299197,122,127,1,29.320852022794988,1,5,,footway,9,"LINESTRING (-73.9625157 40.8083599, -73.9628185 40.8084903)",walk,0,0,,
,129,225299197,127,134,1,27.686411663041767,1,5,,footway,9,"LINESTRING (-73.9628185 40.8084903, -73.96293420000001 40.8085402, -73.9629474 40.8086034, -73.9628968 40.8086784)",walk,0,0,,
,130,225299197,134,135,1,22.87438677942737,1,5,,footway,9,"LINESTRING (-73.9628968 40.8086784, -73.9628563 40.8087297, -73.9627959 40.8087447, -73.96266730000001 40.8087348)",walk,0,0,,
,131,225299197,135,130,1,31.85548562464087,1,5,,footway,9,"LINESTRING (-73.96266730000001 40.8087348, -73.9623404 40.8085904)",walk,0,0,,
,132,225299197,130,78,1,15.573769131474949,1,5,,footway,9,"LINESTRING (-73.9623404 40.8085904, -73.9621767 40.8085251)",walk,0,0,,
,133,225299199,88,241,1,3.2059792522991404,1,5,,footway,9,"LINESTRING (-73.9600818 40.8074249, -73.9600478 40.8074119)",walk,0,0,,
,134,225299199,241,85,1,28.268712952713997,1,5,,footway,9,"LINESTRING (-73.9600478 40.8074119, -73.95975319999999 40.8072898)",walk,0,0,,
,135,225299200,136,134,1,14.698811104182948,1,5,,footway,9,"LINESTRING (-73.9630488 40.8087435, -73.9628968 40.8086784)",walk,0,0,,
,136,225299201,91,81,1,50.31623730135509,1,5,,footway,9,"LINESTRING (-73.9606263 40.8075619, -73.96091629999999 40.8071662)",walk,0,0,,
,137,225299202,108,110,1,1.7814161098906516,1,5,,footway,9,"LINESTRING (-73.9631447 40.8080504, -73.9631349 40.8080646)",walk,0,0,,
,138,225299203,152,151,1,15.840268336901723,1,5,,footway,9,"LINESTRING (-73.96062670000001 40.8097473, -73.9604611 40.8096796)",walk,0,0,,
,139,225299204,154,156,1,15.873029178213555,1,5,,footway,9,"LINESTRING (-73.96078919999999 40.8098138, -73.96095510000001 40.8098817)",walk,0,0,,
,140,225299205,84,83,1,5.897876038120357,1,5,,footway,9,"LINESTRING (-73.9610625 40.8072276, -73.9610012 40.8072019)",walk,0,0,,
,141,225299206,140,138,1,20.72444858350495,1,5,,footway,9,"LINESTRING (-73.96071240000001 40.8088934, -73.9604978 40.808802)",walk,0,0,,
,142,225299207,155,153,1,13.282286232226236,1,5,,footway,9,"LINESTRING (-73.9610223 40.8098727, -73.96109730000001 40.8097676)",walk,0,0,,
,143,225299208,119,103,1,51.12678760962741,1,5,,footway,9,"LINESTRING (-73.96046870000001 40.8083216, -73.9607614 40.8079187)",walk,0,0,,
,144,225299209,148,147,1,12.33530610123478,1,5,,footway,9,"LINESTRING (-73.9605519 40.8093561, -73.96042300000001 40.8093033)",walk,0,0,,
,145,225299210,479,407,1,11.786170692326044,1,5,,footway,9,"LINESTRING (-73.9632044 40.8088168, -73.96308550000001 40.8087608)",walk,0,0,,
,146,225299210,407,136,1,3.6388280160163444,1,5,,footway,9,"LINESTRING (-73.96308550000001 40.8087608, -73.9630488 40.8087435)",walk,0,0,,
,147,225299212,93,92,1,18.835135972522632,1,5,,footway,9,"LINESTRING (-73.9609049 40.8076789, -73.9607093 40.8075966)",walk,0,0,,
,148,225299213,150,149,1,11.390797607294324,1,5,,footway,9,"LINESTRING (-73.9604233 40.8096181, -73.9604877 40.809528)",walk,0,0,,
,149,225299214,90,314,1,34.02921447657934,1,5,,footway,9,"LINESTRING (-73.9616809 40.8074873, -73.96132729999999 40.8073389)",walk,0,0,,
,150,225299214,314,322,1,1.6267943663023696,1,5,,footway,9,"LINESTRING (-73.96132729999999 40.8073389, -73.9613104 40.8073318)",walk,0,0,,
,151,225299214,322,84,1,23.865717160927048,1,5,,footway,9,"LINESTRING (-73.9613104 40.8073318, -73.9612302 40.8072981, -73.9610625 40.8072276)",walk,0,0,,
,152,225299216,118,121,1,13.149256035348065,1,5,,footway,9,"LINESTRING (-73.96297850000001 40.8082772, -73.9631139 40.8083362)",walk,0,0,,
,153,225299217,96,98,1,7.591972265893813,1,5,,footway,9,"LINESTRING (-73.9606095 40.807716, -73.9606878 40.8077499)",walk,0,0,,
,154,225299218,109,106,1,18.638520282137414,1,5,,footway,9,"LINESTRING (-73.9614097 40.8080454, -73.961217 40.8079628)",walk,0,0,,
,155,225299218,106,328,1,6.387918108538032,1,5,,footway,9,"LINESTRING (-73.961217 40.8079628, -73.9611511 40.8079343)",walk,0,0,,
,156,225299219,124,107,1,51.108109219036145,1,5,,footway,9,"LINESTRING (-73.96065369999999 40.8083986, -73.9609469 40.8079961)",walk,0,0,,
,157,225299220,94,97,1,10.453840975304628,1,5,,footway,9,"LINESTRING (-73.96080310000001 40.8076879, -73.9609109 40.8077346)",walk,0,0,,
,158,225299221,99,102,1,7.3524322317310435,1,5,,footway,9,"LINESTRING (-73.9606869 40.8078394, -73.9607632 40.8078716)",walk,0,0,,
,159,225299222,126,164,1,8.760651313492772,1,5,,footway,9,"LINESTRING (-73.9624309 40.8084738, -73.9625205 40.8085139)",walk,0,0,,
,160,225299224,144,147,1,18.262859404348287,1,5,,footway,9,"LINESTRING (-73.96052950000001 40.8091602, -73.96042300000001 40.8093033)",walk,0,0,,
,161,225299224,147,166,1,11.29609107443127,1,5,,footway,9,"LINESTRING (-73.96042300000001 40.8093033, -73.96036909999999 40.8093757, -73.9603571 40.8093918)",walk,0,0,,
,162,225299225,154,152,1,15.54728884874927,1,5,,footway,9,"LINESTRING (-73.96078919999999 40.8098138, -73.96070659999999 40.80978, -73.96062670000001 40.8097473)",walk,0,0,,
,163,225299226,111,106,1,14.236208907531053,1,5,,footway,9,"LINESTRING (-73.9611287 40.808072, -73.961217 40.8079628)",walk,0,0,,
,164,225299226,106,100,1,14.859948348071242,1,5,,footway,9,"LINESTRING (-73.961217 40.8079628, -73.9613049 40.8078469)",walk,0,0,,
,165,225299227,155,156,1,8.061863878604864,1,5,,footway,9,"LINESTRING (-73.9610223 40.8098727, -73.9610021 40.8099009, -73.96095510000001 40.8098817)",walk,0,0,,
,166,225299228,48,117,1,35.69412328476055,1,5,,footway,9,"LINESTRING (-73.96266 40.8080956, -73.96264600000001 40.8081149, -73.9629896 40.8082624)",walk,0,0,,
,167,225299229,142,143,1,38.643447930863736,1,5,,footway,9,"LINESTRING (-73.96193510000001 40.8089771, -73.9623366 40.8091457)",walk,0,0,,
,168,225299229,143,276,1,1.7018225799362612,1,5,,footway,9,"LINESTRING (-73.9623366 40.8091457, -73.9623543 40.8091531)",walk,0,0,,
,169,225299229,276,146,1,25.215750744192288,1,5,,footway,9,"LINESTRING (-73.9623543 40.8091531, -73.96261629999999 40.8092631)",walk,0,0,,
,170,225299230,87,86,1,23.407064615076095,1,5,,footway,9,"LINESTRING (-73.96040499999999 40.8074201, -73.9601615 40.8073184)",walk,0,0,,
,171,225299230,86,82,1,31.696030156519207,1,5,,footway,9,"LINESTRING (-73.9601615 40.8073184, -73.95983219999999 40.8071801)",walk,0,0,,
,172,225299231,151,150,1,10.54751542666813,1,5,,footway,9,"LINESTRING (-73.9604611 40.8096796, -73.9603979 40.8096537, -73.9604233 40.8096181)",walk,0,0,,
,173,225299232,72,153,1,14.451164707927639,1,5,,footway,9,"LINESTRING (-73.96123799999999 40.8098059, -73.9611117 40.8097511, -73.96109730000001 40.8097676)",walk,0,0,,
,174,225299233,122,126,1,14.537616963247297,1,5,,footway,9,"LINESTRING (-73.9625157 40.8083599, -73.9624309 40.8084738)",walk,0,0,,
,175,225299233,126,130,1,15.03711760680373,1,5,,footway,9,"LINESTRING (-73.9624309 40.8084738, -73.9623404 40.8085904)",walk,0,0,,
,176,225299235,105,112,1,33.375424803507734,1,5,,footway,9,"LINESTRING (-73.962771 40.8079422, -73.9631131 40.808094)",walk,0,0,,
,177,225299235,112,114,1,26.914989998585593,1,5,,footway,9,"LINESTRING (-73.9631131 40.808094, -73.9633966 40.808206)",walk,0,0,,
,178,225299236,172,157,1,54.56110560770344,1,5,,footway,9,"LINESTRING (-73.9616503 40.8096834, -73.9619206 40.8097952, -73.96175409999999 40.8100198)",walk,0,0,,
,179,225299237,135,249,1,18.1342520006949,1,5,,footway,9,"LINESTRING (-73.96266730000001 40.8087348, -73.96255789999999 40.8088753)",walk,0,0,,
,180,225299237,249,141,1,8.241257044545902,1,5,,footway,9,"LINESTRING (-73.96255789999999 40.8088753, -73.9625099 40.8089399)",walk,0,0,,
,181,225299237,141,250,1,7.601717390649055,1,5,,footway,9,"LINESTRING (-73.9625099 40.8089399, -73.9624645 40.808999)",walk,0,0,,
,182,225299237,250,276,1,19.484177135456562,1,5,,footway,9,"LINESTRING (-73.9624645 40.808999, -73.9623543 40.8091531)",walk,0,0,,
,183,225299238,97,95,1,5.173428134023841,1,5,,footway,9,"LINESTRING (-73.9609109 40.8077346, -73.9609402 40.8076937)",walk,0,0,,
,184,225299238,95,159,1,27.520192045221172,1,5,,footway,9,"LINESTRING (-73.9609402 40.8076937, -73.961101 40.8074782)",walk,0,0,,
,185,225299239,132,125,1,22.66759263795102,1,5,,footway,9,"LINESTRING (-73.9612085 40.8086201, -73.96133930000001 40.8084419)",walk,0,0,,
,186,225299239,125,120,1,15.006368197386342,1,5,,footway,9,"LINESTRING (-73.96133930000001 40.8084419, -73.9614234 40.8083229)",walk,0,0,,
,187,225299239,120,116,1,15.88833449919909,1,5,,footway,9,"LINESTRING (-73.9614234 40.8083229, -73.9612578 40.8082543)",walk,0,0,,
,188,225299240,139,133,1,22.544017502185625,1,5,,footway,9,"LINESTRING (-73.9617397 40.8088402, -73.9618689 40.8086626)",walk,0,0,,
,189,225299240,133,129,1,15.142741262282446,1,5,,footway,9,"LINESTRING (-73.9618689 40.8086626, -73.96195470000001 40.8085429)",walk,0,0,,
,190,225299240,129,131,1,15.447236938777433,1,5,,footway,9,"LINESTRING (-73.96195470000001 40.8085429, -73.9621157 40.8086096)",walk,0,0,,
,191,225299241,83,81,1,8.174214935044278,1,5,,footway,9,"LINESTRING (-73.9610012 40.8072019, -73.96091629999999 40.8071662)",walk,0,0,,
,192,225299241,81,404,1,1.646912506641105,1,5,,footway,9,"LINESTRING (-73.96091629999999 40.8071662, -73.9608992 40.807159)",walk,0,0,,
,193,225299242,110,112,1,3.748812822312256,1,5,,footway,9,"LINESTRING (-73.9631349 40.8080646, -73.9631131 40.808094)",walk,0,0,,
,194,225299242,112,117,1,21.41666786341275,1,5,,footway,9,"LINESTRING (-73.9631131 40.808094, -73.9629896 40.8082624)",walk,0,0,,
,195,225299242,117,118,1,1.892362723920397,1,5,,footway,9,"LINESTRING (-73.9629896 40.8082624, -73.96297850000001 40.8082772)",walk,0,0,,
,196,225299242,118,127,1,27.254728723666318,1,5,,footway,9,"LINESTRING (-73.96297850000001 40.8082772, -73.9628185 40.8084903)",walk,0,0,,
,197,225299243,92,91,1,7.980412284434352,1,5,,footway,9,"LINESTRING (-73.9607093 40.8075966, -73.9606263 40.8075619)",walk,0,0,,
,198,225299243,91,406,1,1.6066768513619647,1,5,,footway,9,"LINESTRING (-73.9606263 40.8075619, -73.9606096 40.8075549)",walk,0,0,,
,199,225299245,98,99,1,10.325464985588273,1,5,,footway,9,"LINESTRING (-73.9606878 40.8077499, -73.96068459999999 40.8077681, -73.96068459999999 40.8077872, -73.9606976 40.8078227, -73.9606869 40.8078394)",walk,0,0,,
,200,225299246,104,101,1,16.084850704358743,1,5,,footway,9,"LINESTRING (-73.9614957 40.807927, -73.9613286 40.8078568)",walk,0,0,,
,201,225299246,101,100,1,2.278290264864341,1,5,,footway,9,"LINESTRING (-73.9613286 40.8078568, -73.9613049 40.8078469)",walk,0,0,,
,202,225299246,100,95,1,35.10492805323372,1,5,,footway,9,"LINESTRING (-73.9613049 40.8078469, -73.9609402 40.8076937)",walk,0,0,,
,203,225299246,95,93,1,3.396337821956407,1,5,,footway,9,"LINESTRING (-73.9609402 40.8076937, -73.9609049 40.8076789)",walk,0,0,,
,204,225299247,98,94,1,12.805841300602758,1,5,,footway,9,"LINESTRING (-73.9606878 40.8077499, -73.9606983 40.8077373, -73.9607091 40.8077277, -73.9607208 40.8077219, -73.9607352 40.8077161, -73.96075140000001 40.8077116, -73.9607882 40.8077087, -73.96080310000001 40.8076879)",walk,0,0,,
,205,225299248,102,103,1,7.07077756613667,1,5,,footway,9,"LINESTRING (-73.9607632 40.8078716, -73.96073629999999 40.8079082, -73.9607614 40.8079187)",walk,0,0,,
,206,225299248,103,107,1,17.827475145681014,1,5,,footway,9,"LINESTRING (-73.9607614 40.8079187, -73.9609469 40.8079961)",walk,0,0,,
,207,225299248,107,111,1,17.47422930847434,1,5,,footway,9,"LINESTRING (-73.9609469 40.8079961, -73.9610007 40.8080185, -73.9611287 40.808072)",walk,0,0,,
,208,225299248,111,113,1,19.298708981650833,1,5,,footway,9,"LINESTRING (-73.9611287 40.808072, -73.96132950000001 40.8081558)",walk,0,0,,
,209,225299249,86,88,1,13.610119466752042,1,5,,footway,9,"LINESTRING (-73.9601615 40.8073184, -73.9600818 40.8074249)",walk,0,0,,
,210,225299250,141,248,1,16.840052573488535,1,5,,footway,9,"LINESTRING (-73.9625099 40.8089399, -73.96233429999999 40.8088673)",walk,0,0,,
,211,225299250,248,70,1,29.905243940752147,1,5,,footway,9,"LINESTRING (-73.96233429999999 40.8088673, -73.9620223 40.8087386)",walk,0,0,,
,212,258180805,163,159,1,4.939360200051541,1,5,,footway,9,"LINESTRING (-73.9610484 40.8074585, -73.961101 40.8074782)",walk,0,0,,
West 121st Street,213,309956783,190,337,1,13.556820018002988,1,30,,residential,6,"LINESTRING (-73.958727 40.8100023, -73.9588689 40.81006)",walk;auto;bike,0,0,,
West 121st Street,214,309956783,337,432,1,237.26781599016775,1,30,,residential,6,"LINESTRING (-73.9588689 40.81006, -73.9613306 40.8111)",walk;auto;bike,0,0,,
,215,320581786,480,226,1,42.94546096001099,1,5,,footway,9,"LINESTRING (-73.96259120000001 40.8100199, -73.9630209 40.8102282)",walk;bike,0,0,,
,216,320581786,226,173,1,41.3813575530731,1,5,,footway,9,"LINESTRING (-73.9630209 40.8102282, -73.96345030000001 40.8104095)",walk;bike,0,0,,
,217,327917953,177,63,1,40.91003868120329,1,5,,footway,9,"LINESTRING (-73.96230799999999 40.8075899, -73.961884 40.80741)",walk,0,0,,
,218,327917953,63,77,1,9.889456337468546,1,5,,footway,9,"LINESTRING (-73.961884 40.80741, -73.9618308 40.8074893)",walk,0,0,,
,219,327917953,77,175,1,40.43925050273875,1,5,,footway,9,"LINESTRING (-73.9618308 40.8074893, -73.9622492 40.8076681)",walk,0,0,,
,220,327917953,175,59,1,40.677754603474455,1,5,,footway,9,"LINESTRING (-73.9622492 40.8076681, -73.96248749999999 40.8077658, -73.9626742 40.8078423)",walk,0,0,,
,221,327917953,59,52,1,9.403867418677867,1,5,,footway,9,"LINESTRING (-73.9626742 40.8078423, -73.9627297 40.8077689)",walk,0,0,,
,222,327917953,52,177,1,40.6921632796317,1,5,,footway,9,"LINESTRING (-73.9627297 40.8077689, -73.96230799999999 40.8075899)",walk,0,0,,
,223,327917955,65,67,1,11.934466246790313,1,5,,footway,9,"LINESTRING (-73.9623663 40.8075087, -73.9624345 40.8074146)",walk,0,0,,
,224,327917955,67,210,1,13.209211204523141,1,5,,footway,9,"LINESTRING (-73.9624345 40.8074146, -73.9625084 40.8073098)",walk,0,0,,
,225,327917957,177,65,1,10.276181301757399,1,5,,footway,9,"LINESTRING (-73.96230799999999 40.8075899, -73.9623663 40.8075087)",walk,0,0,,
,226,327917959,66,59,1,12.47769948071677,1,5,,footway,9,"LINESTRING (-73.96280350000001 40.8078972, -73.9626742 40.8078423)",walk,0,0,,
Amsterdam Avenue,227,327917960,179,6,1,128.98936789431718,1,60,,secondary,4,"LINESTRING (-73.9608515 40.8071127, -73.960109 40.8081275)",walk;auto;bike,1,0,,
Amsterdam Avenue,228,327917960,6,179,1,128.98936789431718,1,60,,secondary,4,"LINESTRING (-73.960109 40.8081275, -73.9608515 40.8071127)",walk;auto;bike,1,0,,
Amsterdam Avenue,229,327917960,6,7,1,79.76060242172929,1,60,,secondary,4,"LINESTRING (-73.960109 40.8081275, -73.9600647 40.8081901, -73.9596506 40.8087553)",walk;auto;bike,1,0,,
Amsterdam Avenue,230,327917960,7,6,1,79.76060242172929,1,60,,secondary,4,"LINESTRING (-73.9596506 40.8087553, -73.9600647 40.8081901, -73.960109 40.8081275)",walk;auto;bike,1,0,,
Amsterdam Avenue,231,327917960,7,25,1,75.221575190091,1,60,,secondary,4,"LINESTRING (-73.9596506 40.8087553, -73.9596104 40.8088092, -73.9592869 40.8092431, -73.959211 40.8093443)",walk;auto;bike,1,0,,
Amsterdam Avenue,232,327917960,25,7,1,75.221575190091,1,60,,secondary,4,"LINESTRING (-73.959211 40.8093443, -73.9592869 40.8092431, -73.9596104 40.8088092, -73.9596506 40.8087553)",walk;auto;bike,1,0,,
,233,352179149,101,180,1,8.441485737752153,1,5,,footway,9,"LINESTRING (-73.9613286 40.8078568, -73.96137450000001 40.8077893)",walk,0,0,,
,234,352179150,57,275,1,24.770756409948554,1,5,,footway,9,"LINESTRING (-73.96156499999999 40.807641, -73.96155469999999 40.8076547, -73.961444 40.8076093, -73.9613143 40.807556)",walk,0,0,,
,235,352179150,275,315,1,11.268092000390654,1,5,,footway,9,"LINESTRING (-73.9613143 40.807556, -73.961198 40.8075058)",walk,0,0,,
,236,352179150,315,159,1,9.030418187185212,1,5,,footway,9,"LINESTRING (-73.961198 40.8075058, -73.96112909999999 40.8074764, -73.961101 40.8074782)",walk,0,0,,
,237,352179155,181,182,1,31.526616960112218,1,5,,footway,9,"LINESTRING (-73.9624385 40.8065193, -73.9621107 40.8063821)",walk,0,0,,
,238,352179156,182,183,1,5.488115234482231,1,5,,footway,9,"LINESTRING (-73.9621107 40.8063821, -73.9620809 40.806426)",walk,0,0,,
,239,352179156,183,184,1,15.798840846987547,1,5,,footway,9,"LINESTRING (-73.9620809 40.806426, -73.9619163 40.8063577)",walk,0,0,,
,240,352179156,184,346,1,6.350473208181195,1,5,,footway,9,"LINESTRING (-73.9619163 40.8063577, -73.96195299999999 40.8063078)",walk,0,0,,
,241,352179156,346,185,1,7.378967782934216,1,5,,footway,9,"LINESTRING (-73.96195299999999 40.8063078, -73.96199559999999 40.8062498)",walk,0,0,,
,242,352179156,185,186,1,15.519858764945576,1,5,,footway,9,"LINESTRING (-73.96199559999999 40.8062498, -73.9621585 40.8063152)",walk,0,0,,
,243,352179156,186,182,1,8.457152875831124,1,5,,footway,9,"LINESTRING (-73.9621585 40.8063152, -73.9621107 40.8063821)",walk,0,0,,
,244,387468086,120,192,1,9.146851635785653,1,5,,footway,9,"LINESTRING (-73.9614234 40.8083229, -73.9615226 40.8082893)",walk,0,0,,
,245,387468087,129,193,1,9.62610938624105,1,5,,footway,9,"LINESTRING (-73.96195470000001 40.8085429, -73.96192310000001 40.8084597)",walk,0,0,,
,246,387468088,194,195,1,16.655021130492536,1,5,,footway,9,"LINESTRING (-73.9624027 40.8082127, -73.96223209999999 40.8081368)",walk,0,0,,
,247,387468088,195,196,1,21.306958867585045,1,5,,footway,9,"LINESTRING (-73.96223209999999 40.8081368, -73.9623541 40.8079689)",walk,0,0,,
,248,387468089,195,197,1,7.752663108541213,1,5,,footway,9,"LINESTRING (-73.96223209999999 40.8081368, -73.9621427 40.8081536)",walk,0,0,,
,249,387468090,198,199,1,16.775257133196668,1,5,,footway,9,"LINESTRING (-73.96154869999999 40.807854, -73.96172540000001 40.8079238)",walk,0,0,,
,250,387468090,199,200,1,20.952283256028636,1,5,,footway,9,"LINESTRING (-73.96172540000001 40.8079238, -73.9618407 40.8077568)",walk,0,0,,
,251,387468091,199,201,1,7.341468798182013,1,5,,footway,9,"LINESTRING (-73.96172540000001 40.8079238, -73.9617452 40.8079881)",walk,0,0,,
Low Library Steps,252,387468092,178,191,1,10.491142972592042,1,5,,footway,9,"LINESTRING (-73.9621933 40.8077429, -73.9621333 40.8078256)",walk,0,0,,
,253,387468093,289,293,1,2.8461679492453396,1,5,,footway,9,"LINESTRING (-73.9629748 40.8066729, -73.96299140000001 40.8066506)",walk,0,0,,
,254,387468095,61,207,1,68.3155075584492,1,5,,footway,9,"LINESTRING (-73.96282789999999 40.8077039, -73.96290070000001 40.8077343, -73.9635455 40.807991)",walk,0,0,,
,255,387468095,207,397,1,7.944278614378385,1,5,,footway,9,"LINESTRING (-73.9635455 40.807991, -73.9635892 40.8080084, -73.9636275 40.8080263)",walk,0,0,,
,256,387468095,397,204,1,10.993942896185361,1,5,,footway,9,"LINESTRING (-73.9636275 40.8080263, -73.9637386 40.8080783)",walk,0,0,,
,257,387468096,211,383,1,11.050650835190806,1,5,,footway,9,"LINESTRING (-73.9611213 40.8067427, -73.96123590000001 40.8067912)",walk,0,0,,
,258,387468096,383,215,1,7.4804139323182115,1,5,,footway,9,"LINESTRING (-73.96123590000001 40.8067912, -73.96127130000001 40.8068062, -73.961314 40.8068233)",walk,0,0,,
,259,387468096,215,55,1,69.3925839816603,1,5,,footway,9,"LINESTRING (-73.961314 40.8068233, -73.96204280000001 40.8071151)",walk,0,0,,
,260,387468096,55,286,1,33.18997591763183,1,5,,footway,9,"LINESTRING (-73.96204280000001 40.8071151, -73.962388 40.8072594)",walk,0,0,,
,261,387468096,286,210,1,11.579892283750759,1,5,,footway,9,"LINESTRING (-73.962388 40.8072594, -73.9625084 40.8073098)",walk,0,0,,
,262,387468096,210,290,1,13.276365832294207,1,5,,footway,9,"LINESTRING (-73.9625084 40.8073098, -73.96264650000001 40.8073675)",walk,0,0,,
,263,387468096,290,205,1,31.026868830468207,1,5,,footway,9,"LINESTRING (-73.96264650000001 40.8073675, -73.9629692 40.8075024)",walk,0,0,,
,264,387468096,205,309,1,4.2793392210808285,1,5,,footway,9,"LINESTRING (-73.9629692 40.8075024, -73.963014 40.8075206)",walk,0,0,,
,265,387468096,309,209,1,64.62250076427404,1,5,,footway,9,"LINESTRING (-73.963014 40.8075206, -73.96368029999999 40.8078094)",walk,0,0,,
,266,387468096,209,398,1,7.69522850835829,1,5,,footway,9,"LINESTRING (-73.96368029999999 40.8078094, -73.9637183 40.8078257, -73.9637603 40.8078429)",walk,0,0,,
,267,387468096,398,206,1,10.578740086415204,1,5,,footway,9,"LINESTRING (-73.9637603 40.8078429, -73.9638709 40.8078881)",walk,0,0,,
,268,387468097,207,208,1,11.04084327998325,1,5,,footway,9,"LINESTRING (-73.9635455 40.807991, -73.9636122 40.8079055)",walk,0,0,,
,269,387468097,208,209,1,12.12591961374467,1,5,,footway,9,"LINESTRING (-73.9636122 40.8079055, -73.96368029999999 40.8078094)",walk,0,0,,
,270,387468099,76,213,1,70.13772300502549,1,5,,footway,9,"LINESTRING (-73.9619089 40.8073103, -73.9618444 40.8072826, -73.9611833 40.8070001)",walk,0,0,,
,271,387468099,213,381,1,7.537603618489345,1,5,,footway,9,"LINESTRING (-73.9611833 40.8070001, -73.9611432 40.806983, -73.961105 40.8069672)",walk,0,0,,
,272,387468099,381,212,1,10.861396781655467,1,5,,footway,9,"LINESTRING (-73.961105 40.8069672, -73.9609918 40.8069203)",walk,0,0,,
,273,387468100,213,214,1,11.144194914618,1,5,,footway,9,"LINESTRING (-73.9611833 40.8070001, -73.96124810000001 40.8069127)",walk,0,0,,
,274,387468100,214,215,1,11.383480036718948,1,5,,footway,9,"LINESTRING (-73.96124810000001 40.8069127, -73.961314 40.8068233)",walk,0,0,,
,275,387468101,80,216,1,15.20795661710692,1,5,,footway,9,"LINESTRING (-73.9595393 40.8070516, -73.9593826 40.8069835)",walk,0,0,,
Broadway,276,402097156,477,204,1,11.437823137523097,3,40,,primary,3,"LINESTRING (-73.96380120000001 40.807987, -73.9637386 40.8080783)",walk;auto;bike,0,0,,
Broadway,277,402097156,204,479,1,93.61987343540981,3,40,,primary,3,"LINESTRING (-73.9637386 40.8080783, -73.9632044 40.8088168)",walk;auto;bike,0,0,,
Broadway,278,402097156,479,481,1,59.96017297288196,3,40,,primary,3,"LINESTRING (-73.9632044 40.8088168, -73.9628599 40.8092888)",walk;auto;bike,0,0,,
Broadway,279,402097157,477,344,1,12.27715917564188,3,80,,primary,3,"LINESTRING (-73.9639988 40.8080665, -73.9640665 40.8079687)",walk;auto;bike,0,0,,
Broadway,280,402097157,344,341,1,67.18371700628694,3,80,,primary,3,"LINESTRING (-73.9640665 40.8079687, -73.9644536 40.8074403)",walk;auto;bike,0,0,,
Broadway,281,402097157,341,475,1,6.619733669974756,3,80,,primary,3,"LINESTRING (-73.9644536 40.8074403, -73.96448890000001 40.8073871)",walk;auto;bike,0,0,,
West 116th Street,282,402097158,477,374,1,9.257913794224008,1,30,,residential,6,"LINESTRING (-73.9639988 40.8080665, -73.9640952 40.8081066)",walk;auto;bike,1,0,,
West 116th Street,283,402097158,374,477,1,9.257913794224008,1,30,,residential,6,"LINESTRING (-73.9640952 40.8081066, -73.9639988 40.8080665)",walk;auto;bike,1,0,,
West 116th Street,284,402097158,374,187,1,75.81921671657106,1,30,,residential,6,"LINESTRING (-73.9640952 40.8081066, -73.96413080000001 40.8081221, -73.96488220000001 40.8084384)",walk;auto;bike,1,0,,
West 116th Street,285,402097158,187,374,1,75.81921671657106,1,30,,residential,6,"LINESTRING (-73.96488220000001 40.8084384, -73.96413080000001 40.8081221, -73.9640952 40.8081066)",walk;auto;bike,1,0,,
Morningside Drive,286,418371676,433,28,1,77.70771293301252,1,40,,tertiary,5,"LINESTRING (-73.9598026 40.8055, -73.9597984 40.8055128, -73.9597701 40.8055613, -73.95972810000001 40.8056186, -73.959648 40.8057239, -73.9595285 40.8058883, -73.9594158 40.8060354, -73.959385 40.8060778, -73.95936 40.8061125)",walk;auto;bike,1,0,,
Morningside Drive,287,418371676,28,433,1,77.70771293301252,1,40,,tertiary,5,"LINESTRING (-73.95936 40.8061125, -73.959385 40.8060778, -73.9594158 40.8060354, -73.9595285 40.8058883, -73.959648 40.8057239, -73.95972810000001 40.8056186, -73.9597701 40.8055613, -73.9597984 40.8055128, -73.9598026 40.8055)",walk;auto;bike,1,0,,
Morningside Drive,288,418371676,28,345,1,158.6102737359849,1,40,,tertiary,5,"LINESTRING (-73.95936 40.8061125, -73.9591348 40.8064255, -73.95890489999999 40.8067415, -73.958451 40.807362)",walk;auto;bike,1,0,,
Morningside Drive,289,418371676,345,28,1,158.6102737359849,1,40,,tertiary,5,"LINESTRING (-73.958451 40.807362, -73.95890489999999 40.8067415, -73.9591348 40.8064255, -73.95936 40.8061125)",walk;auto;bike,1,0,,
Morningside Drive,290,418371676,345,189,1,7.038837513064288,1,40,,tertiary,5,"LINESTRING (-73.958451 40.807362, -73.9584103 40.8074173)",walk;auto;bike,1,0,,
Morningside Drive,291,418371676,189,345,1,7.038837513064288,1,40,,tertiary,5,"LINESTRING (-73.9584103 40.8074173, -73.958451 40.807362)",walk;auto;bike,1,0,,
Morningside Drive,292,418371676,189,335,1,7.305706322820854,1,40,,tertiary,5,"LINESTRING (-73.9584103 40.8074173, -73.9583669 40.8074742)",walk;auto;bike,1,0,,
Morningside Drive,293,418371676,335,189,1,7.305706322820854,1,40,,tertiary,5,"LINESTRING (-73.9583669 40.8074742, -73.9584103 40.8074173)",walk;auto;bike,1,0,,
Morningside Drive,294,418371676,335,434,1,11.852862372863557,1,40,,tertiary,5,"LINESTRING (-73.9583669 40.8074742, -73.95829999999999 40.807568)",walk;auto;bike,1,0,,
Morningside Drive,295,418371676,434,335,1,11.852862372863557,1,40,,tertiary,5,"LINESTRING (-73.95829999999999 40.807568, -73.9583669 40.8074742)",walk;auto;bike,1,0,,
,296,442444278,217,222,1,30.71396518548891,1,5,,footway,9,"LINESTRING (-73.9631524 40.8073126, -73.9634726 40.8074451)",walk,0,0,,
,297,442444278,222,219,1,13.202723707436254,1,5,,footway,9,"LINESTRING (-73.9634726 40.8074451, -73.96360970000001 40.8075028)",walk,0,0,,
,298,442444278,219,218,1,2.5692120029306498,1,5,,footway,9,"LINESTRING (-73.96360970000001 40.8075028, -73.9636364 40.807514)",walk,0,0,,
,299,442444279,219,254,1,6.4297465741757724,1,5,,footway,9,"LINESTRING (-73.96360970000001 40.8075028, -73.9636483 40.8074529)",walk,0,0,,
,300,442444280,221,253,1,41.98888941182799,1,5,,footway,9,"LINESTRING (-73.9637608 40.8070679, -73.96351129999999 40.8073949)",walk,0,0,,
Claremont Avenue,301,444907552,188,173,1,4.639157959835444,1,30,,residential,6,"LINESTRING (-73.963477 40.810373, -73.96345030000001 40.8104095)",walk;auto;bike,1,0,,
Claremont Avenue,302,444907552,173,188,1,4.639157959835444,1,30,,residential,6,"LINESTRING (-73.96345030000001 40.8104095, -73.963477 40.810373)",walk;auto;bike,1,0,,
Claremont Avenue,303,444907552,173,9,1,68.8524651611014,1,30,,residential,6,"LINESTRING (-73.96345030000001 40.8104095, -73.9630559 40.810952)",walk;auto;bike,1,0,,
Claremont Avenue,304,444907552,9,173,1,68.8524651611014,1,30,,residential,6,"LINESTRING (-73.9630559 40.810952, -73.96345030000001 40.8104095)",walk;auto;bike,1,0,,
Claremont Avenue,305,444907552,9,435,1,18.804148675471613,1,30,,residential,6,"LINESTRING (-73.9630559 40.810952, -73.96294779999999 40.8111)",walk;auto;bike,1,0,,
Claremont Avenue,306,444907552,435,9,1,18.804148675471613,1,30,,residential,6,"LINESTRING (-73.96294779999999 40.8111, -73.9630559 40.810952)",walk;auto;bike,1,0,,
Amsterdam Avenue,309,455689184,190,375,1,70.97394425978226,1,60,,secondary,4,"LINESTRING (-73.958727 40.8100023, -73.958681 40.8100653, -73.9583221 40.8105622)",walk;auto;bike,1,0,,
Amsterdam Avenue,310,455689184,375,190,1,70.97394425978226,1,60,,secondary,4,"LINESTRING (-73.9583221 40.8105622, -73.958681 40.8100653, -73.958727 40.8100023)",walk;auto;bike,1,0,,
Amsterdam Avenue,311,455689184,375,436,1,3.7805457584821647,1,60,,secondary,4,"LINESTRING (-73.9583221 40.8105622, -73.95829999999999 40.8105918)",walk;auto;bike,1,0,,
Amsterdam Avenue,312,455689184,436,375,1,3.7805457584821647,1,60,,secondary,4,"LINESTRING (-73.95829999999999 40.8105918, -73.9583221 40.8105622)",walk;auto;bike,1,0,,
,313,511671660,224,223,1,7.764243562606637,1,30,,service,7,"LINESTRING (-73.9650353 40.8100052, -73.9649529 40.8099738)",walk;bike,1,0,,
,314,511671660,223,224,1,7.764243562606637,1,30,,service,7,"LINESTRING (-73.9649529 40.8099738, -73.9650353 40.8100052)",walk;bike,1,0,,
Riverside Drive,315,511671666,437,223,1,130.4801283855124,2,60,,secondary,4,"LINESTRING (-73.9657 40.8089456, -73.9649529 40.8099738)",walk;auto;bike,0,0,,
Riverside Drive,316,511671666,223,476,1,98.40512956481952,2,60,,secondary,4,"LINESTRING (-73.9649529 40.8099738, -73.96438790000001 40.8107486)",walk;auto;bike,0,0,,
Riverside Drive,317,511671667,476,438,1,44.7057407870408,2,60,,secondary,4,"LINESTRING (-73.96438790000001 40.8107486, -73.96412979999999 40.8111)",walk;auto;bike,0,0,,
Riverside Drive,318,511671668,476,224,1,98.96200110696583,2,60,,secondary,4,"LINESTRING (-73.96446690000001 40.8107843, -73.9650353 40.8100052)",walk;auto;bike,0,0,,
Riverside Drive,319,511671668,224,439,1,114.94139527186269,2,60,,secondary,4,"LINESTRING (-73.9650353 40.8100052, -73.9657 40.8091022)",walk;auto;bike,0,0,,
Claremont Avenue,320,511673770,12,188,1,184.97774818702396,1,30,,residential,6,"LINESTRING (-73.96453649999999 40.8089155, -73.963477 40.810373)",walk;auto;bike,1,0,,
Claremont Avenue,321,511673770,188,12,1,184.97774818702396,1,30,,residential,6,"LINESTRING (-73.963477 40.810373, -73.96453649999999 40.8089155)",walk;auto;bike,1,0,,
Broadway,322,524569306,475,342,1,7.067999316261793,3,80,,primary,3,"LINESTRING (-73.9642951 40.8073049, -73.9642544 40.8073605)",walk;auto;bike,0,0,,
Broadway,323,524569306,342,206,1,66.95937488944354,3,80,,primary,3,"LINESTRING (-73.9642544 40.8073605, -73.9638709 40.8078881)",walk;auto;bike,0,0,,
Broadway,324,524569306,206,343,1,1.0951870746396521,3,80,,primary,3,"LINESTRING (-73.9638709 40.8078881, -73.9638648 40.8078968)",walk;auto;bike,0,0,,
Broadway,325,524569306,343,477,1,11.36878557819297,3,80,,primary,3,"LINESTRING (-73.9638648 40.8078968, -73.96380120000001 40.807987)",walk;auto;bike,0,0,,
West 115th Street,326,524569313,475,340,1,8.874895151441791,1,30,,residential,6,"LINESTRING (-73.96448890000001 40.8073871, -73.9645817 40.807425)",walk;auto;bike,0,0,,
West 115th Street,327,524569313,340,440,1,107.29730505961687,1,30,,residential,6,"LINESTRING (-73.9645817 40.807425, -73.9657 40.8078883)",walk;auto;bike,0,0,,
Broadway,328,524569322,475,338,1,7.646686215509069,3,80,,primary,3,"LINESTRING (-73.96448890000001 40.8073871, -73.9645316 40.8073264)",walk;auto;bike,0,0,,
Broadway,329,524569322,338,474,1,72.80858524099341,3,80,,primary,3,"LINESTRING (-73.9645316 40.8073264, -73.9648962 40.8068146, -73.96494370000001 40.8067507)",walk;auto;bike,0,0,,
Broadway,330,524569322,474,473,1,80.3022633876213,3,80,,primary,3,"LINESTRING (-73.96494370000001 40.8067507, -73.96498080000001 40.8066972, -73.9653526 40.8061866, -73.9654027 40.8061176)",walk;auto;bike,0,0,,
Broadway,331,524569322,473,441,1,51.74255582082908,3,80,,primary,3,"LINESTRING (-73.9654027 40.8061176, -73.9654366 40.8060712, -73.9657 40.8057103)",walk;auto;bike,0,0,,
,332,531272641,7,384,1,11.96535709465075,1,30,,service,7,"LINESTRING (-73.9596506 40.8087553, -73.95977600000001 40.808806)",walk;bike,1,0,,
,333,531272641,384,7,1,11.96535709465075,1,30,,service,7,"LINESTRING (-73.95977600000001 40.808806, -73.9596506 40.8087553)",walk;bike,1,0,,
,334,531272641,384,329,1,2.921255329397925,1,30,,service,7,"LINESTRING (-73.95977600000001 40.808806, -73.95980659999999 40.8088184)",walk;bike,1,0,,
,335,531272641,329,384,1,2.921255329397925,1,30,,service,7,"LINESTRING (-73.95980659999999 40.8088184, -73.95977600000001 40.808806)",walk;bike,1,0,,
,336,624302100,479,408,1,10.183810156633212,1,5,,footway,9,"LINESTRING (-73.96339879999999 40.8088993, -73.9635068 40.8089406)",walk,0,0,,
,337,624302100,408,229,1,19.260174083119708,1,5,,footway,9,"LINESTRING (-73.9635068 40.8089406, -73.96370880000001 40.809022)",walk,0,0,,
,338,627569360,230,261,1,31.478926074906184,1,5,,footway,9,"LINESTRING (-73.9621545 40.8069096, -73.96182640000001 40.8067737)",walk,0,0,,
,339,627569360,261,278,1,7.109792952023034,1,5,,footway,9,"LINESTRING (-73.96182640000001 40.8067737, -73.9617523 40.806743)",walk,0,0,,
,340,627569360,278,235,1,8.643432917176561,1,5,,footway,9,"LINESTRING (-73.9617523 40.806743, -73.96166220000001 40.8067057)",walk,0,0,,
,341,627569360,235,231,1,11.412439331801927,1,5,,footway,9,"LINESTRING (-73.96166220000001 40.8067057, -73.96154319999999 40.8066565)",walk,0,0,,
,342,627569361,393,236,1,2.053152890162053,1,5,,footway,9,"LINESTRING (-73.96262040000001 40.8062268, -73.9626098 40.8062223, -73.96259910000001 40.8062178)",walk,0,0,,
,343,627569362,184,260,1,34.590848152279364,1,5,,footway,9,"LINESTRING (-73.9619163 40.8063577, -73.9617171 40.8066298)",walk,0,0,,
,344,627569362,260,257,1,1.540170935766603,1,5,,footway,9,"LINESTRING (-73.9617171 40.8066298, -73.9617071 40.8066414)",walk,0,0,,
,345,627569363,236,237,1,5.061495221468964,1,5,,footway,9,"LINESTRING (-73.96259910000001 40.8062178, -73.9625466 40.8061956)",walk,0,0,,
,346,635474642,374,373,1,1.3201105737591103,1,5,,footway,9,"LINESTRING (-73.9640952 40.8081066, -73.9640874 40.8081169)",walk,0,0,,
,347,635474644,241,85,1,73.416692674289,1,5,,footway,9,"LINESTRING (-73.9600478 40.8074119, -73.9599212 40.8075913, -73.95962710000001 40.8074686, -73.95975319999999 40.8072898)",walk,0,0,,
,348,635474644,85,82,1,13.89254232793302,1,5,,footway,9,"LINESTRING (-73.95975319999999 40.8072898, -73.95983219999999 40.8071801)",walk,0,0,,
,349,635474644,82,80,1,28.493507572853833,1,5,,footway,9,"LINESTRING (-73.95983219999999 40.8071801, -73.9595393 40.8070516)",walk,0,0,,
,350,635474646,237,242,1,45.55797079393816,1,5,,footway,9,"LINESTRING (-73.9625466 40.8061956, -73.9624669 40.8063023, -73.96227589999999 40.8062227, -73.9623548 40.8061162)",walk,0,0,,
West 113th Street,351,658579519,442,473,1,124.62320343933465,1,30,,residential,6,"LINESTRING (-73.9639193 40.8055, -73.9651156 40.805998, -73.9652167 40.8060401)",walk;auto;bike,0,0,,
West 113th Street,353,658579519,473,443,1,28.61842147308074,1,30,,residential,6,"LINESTRING (-73.9654027 40.8061176, -73.9657 40.8062425)",walk;auto;bike,0,0,,
,354,660475986,240,243,1,32.46094415205414,1,5,,footway,9,"LINESTRING (-73.9639358 40.8088417, -73.9642037 40.8089493, -73.9641845 40.8089767, -73.9642211 40.8089914)",walk,0,0,,
,360,666019306,165,141,1,11.938522191243496,1,5,,footway,9,"LINESTRING (-73.96263399999999 40.8089919, -73.9626198 40.8089862, -73.9625099 40.8089399)",walk,0,0,,
,361,666019307,250,248,1,24.18808944351737,1,5,,footway,9,"LINESTRING (-73.9624645 40.808999, -73.96229080000001 40.8089256, -73.96233429999999 40.8088673)",walk,0,0,,
,362,666019307,248,249,1,25.229726883734994,1,5,,footway,9,"LINESTRING (-73.96233429999999 40.8088673, -73.9623833 40.8088015, -73.96255789999999 40.8088753)",walk,0,0,,
,363,668466534,252,251,1,2.628841905017506,1,5,,footway,9,"LINESTRING (-73.9629968 40.807463, -73.9629822 40.8074839)",walk,0,0,,
,364,668466535,20,21,1,64.7223599654559,1,5,,footway,9,"LINESTRING (-73.9638874 40.8063045, -73.9638248 40.8063922, -73.96351369999999 40.8068132)",walk,0,0,,
,365,668466535,21,19,1,14.525258203664002,1,5,,footway,9,"LINESTRING (-73.96351369999999 40.8068132, -73.9634346 40.8069293)",walk,0,0,,
,366,668466535,19,217,1,48.7921911179505,1,5,,footway,9,"LINESTRING (-73.9634346 40.8069293, -73.9631524 40.8073126)",walk,0,0,,
,367,668466535,217,307,1,8.082097731387487,1,5,,footway,9,"LINESTRING (-73.9631524 40.8073126, -73.9631347 40.8073324, -73.9631205 40.8073449, -73.9630911 40.8073683)",walk,0,0,,
,368,668466535,307,22,1,9.718280516702025,1,5,,footway,9,"LINESTRING (-73.9630911 40.8073683, -73.9630617 40.8073924, -73.96304600000001 40.8074069, -73.96301889999999 40.8074363)",walk,0,0,,
,369,668466535,22,252,1,3.5034456109920913,1,5,,footway,9,"LINESTRING (-73.96301889999999 40.8074363, -73.9629968 40.807463)",walk,0,0,,
,370,668466537,253,222,1,6.462794792299702,1,5,,footway,9,"LINESTRING (-73.96351129999999 40.8073949, -73.9634726 40.8074451)",walk,0,0,,
,371,668466539,254,220,1,42.145482422566005,1,5,,footway,9,"LINESTRING (-73.9636483 40.8074529, -73.96390150000001 40.8071259)",walk,0,0,,
,372,669621717,38,39,1,23.66279914112078,1,5,,footway,9,"LINESTRING (-73.9587112 40.8061959, -73.95885920000001 40.8061293, -73.95893030000001 40.8060668)",walk,0,0,,
,373,669621718,39,33,1,5.310413152455901,1,5,,footway,9,"LINESTRING (-73.95893030000001 40.8060668, -73.9589713 40.8060305)",walk,0,0,,
,374,669622638,40,33,1,85.9972383301733,1,5,,footway,9,"LINESTRING (-73.9586248 40.8066886, -73.95862940000001 40.8066789, -73.95863610000001 40.8066713, -73.9586453 40.8066625, -73.9586639 40.8066502, -73.9586894 40.8066396, -73.95870189999999 40.806636, -73.9587099 40.8066308, -73.95871820000001 40.806622, -73.95885010000001 40.8064405, -73.9589847 40.8062629, -73.95904160000001 40.8061901, -73.9590512 40.8061661, -73.9590512 40.8061491, -73.9590427 40.8061209, -73.9590275 40.8060949, -73.9589713 40.8060305)",walk,0,0,,
,375,669622639,41,40,1,8.14720700138447,1,5,,footway,9,"LINESTRING (-73.95862390000001 40.8067614, -73.9586269 40.8067491, -73.9586262 40.8067333, -73.958624 40.8067166, -73.9586225 40.8067001, -73.9586248 40.8066886)",walk,0,0,,
,376,669622640,255,41,1,47.455291275776105,1,5,,footway,9,"LINESTRING (-73.95832919999999 40.8071211, -73.9583736 40.807088, -73.95841420000001 40.8070509, -73.9584811 40.8069758, -73.95854799999999 40.8068848, -73.9585889 40.8068276, -73.9586125 40.806792, -73.9586199 40.8067754, -73.95862390000001 40.8067614)",walk,0,0,,
,377,669622641,444,255,1,3.6525174045024285,1,5,,footway,9,"LINESTRING (-73.95829999999999 40.8071454, -73.95832919999999 40.8071211)",walk,0,0,,
West 116th Street,378,669622648,256,46,1,4.589013106022376,1,5,,footway,9,"LINESTRING (-73.9583578 40.8058194, -73.9583111 40.8057981)",walk,0,0,,
West 116th Street,379,669622649,46,445,1,1.0651064506665933,1,5,,footway,9,"LINESTRING (-73.9583111 40.8057981, -73.95829999999999 40.8057935)",walk,0,0,,
,380,671120447,258,235,1,4.319820813937354,1,5,,footway,9,"LINESTRING (-73.9616863 40.8066714, -73.96166220000001 40.8067057)",walk,0,0,,
,381,671120448,257,258,1,3.7673112846215115,1,5,,footway,9,"LINESTRING (-73.9617071 40.8066414, -73.9616863 40.8066714)",walk,0,0,,
,382,671120449,260,259,1,15.534680383383163,1,5,,footway,9,"LINESTRING (-73.9617171 40.8066298, -73.9618787 40.8066973)",walk,0,0,,
,383,671120450,262,261,1,3.1125599792335126,1,5,,footway,9,"LINESTRING (-73.9618425 40.8067485, -73.96182640000001 40.8067737)",walk,0,0,,
,384,671120451,263,262,1,4.974571694415638,1,5,,footway,9,"LINESTRING (-73.96187 40.8067089, -73.9618425 40.8067485)",walk,0,0,,
,385,671120452,183,259,1,34.636419777535515,1,5,,footway,9,"LINESTRING (-73.9620809 40.806426, -73.9618787 40.8066973)",walk,0,0,,
,386,671120452,259,263,1,1.4832117487482814,1,5,,footway,9,"LINESTRING (-73.9618787 40.8066973, -73.96187 40.8067089)",walk,0,0,,
,387,723008686,264,160,1,3.560070741293917,1,5,,footway,9,"LINESTRING (-73.9595101 40.8085662, -73.9595283 40.808541, -73.95953059999999 40.8085382)",walk,0,0,,
,388,723008691,265,264,1,3.2049947654101216,1,5,,footway,9,"LINESTRING (-73.95949210000001 40.8085916, -73.9595101 40.8085662)",walk,0,0,,
,389,724159838,446,271,1,71.93090962275166,1,5,,footway,9,"LINESTRING (-73.9596689 40.8055, -73.95966110000001 40.8055139, -73.9593132 40.8059958, -73.95925939999999 40.8060677)",walk,0,0,,
,390,724159838,271,272,1,86.00482136844846,1,5,,footway,9,"LINESTRING (-73.95925939999999 40.8060677, -73.9587593 40.8067422)",walk,0,0,,
,391,724159838,272,273,1,72.98304663341028,1,5,,footway,9,"LINESTRING (-73.9587593 40.8067422, -73.958339 40.8073163)",walk,0,0,,
,392,724159838,273,447,1,6.668213655364872,1,5,,footway,9,"LINESTRING (-73.958339 40.8073163, -73.95829999999999 40.8073685)",walk,0,0,,
,393,724159840,279,330,1,37.09671462233814,1,5,,footway,9,"LINESTRING (-73.9590228 40.8093852, -73.95880699999999 40.8096761)",walk,0,0,,
,394,724159840,330,281,1,29.00888382991595,1,5,,footway,9,"LINESTRING (-73.95880699999999 40.8096761, -73.9586383 40.8099036)",walk,0,0,,
,395,724159840,281,297,1,2.6982903832695406,1,5,,footway,9,"LINESTRING (-73.9586383 40.8099036, -73.95862270000001 40.8099248)",walk,0,0,,
,396,726001653,266,448,1,25.19542156714618,1,5,,footway,9,"LINESTRING (-73.9585618 40.8100066, -73.95829999999999 40.8098967)",walk,0,0,,
,397,726177749,275,274,1,10.187387118987724,1,5,,footway,9,"LINESTRING (-73.9613143 40.807556, -73.9612989 40.8075802, -73.96128469999999 40.8075995, -73.9612845 40.8076064, -73.9612903 40.8076135, -73.9613219 40.8076269)",walk,0,0,,
Low Library Steps,398,726177750,191,176,1,5.185508799821129,1,5,,footway,9,"LINESTRING (-73.9621333 40.8078256, -73.9621037 40.8078665)",walk,0,0,,
Low Library Steps,399,726177750,176,174,1,14.96648116298929,1,5,,footway,9,"LINESTRING (-73.9621037 40.8078665, -73.96202289999999 40.8079864)",walk,0,0,,
,400,727184582,143,145,1,7.1915381405802234,1,5,,footway,9,"LINESTRING (-73.9623366 40.8091457, -73.962298 40.8092034)",walk,0,0,,
,401,727303061,278,162,1,3.8404455996364213,1,5,,footway,9,"LINESTRING (-73.9617523 40.806743, -73.96173039999999 40.8067733)",walk,0,0,,
,402,727357581,333,269,1,7.588388397795722,1,5,,footway,9,"LINESTRING (-73.959498 40.8060905, -73.9594548 40.8061504)",walk,0,0,,
,403,727357581,269,267,1,159.34387105086145,1,5,,footway,9,"LINESTRING (-73.9594548 40.8061504, -73.958991 40.8067904, -73.95893150000001 40.8068727, -73.9589093 40.8068999, -73.95886400000001 40.8069624, -73.95882779999999 40.8070123, -73.9587872 40.807068, -73.95874190000001 40.8071278, -73.9586984 40.8071901, -73.9585539 40.8073889, -73.95854180000001 40.8074057)",walk,0,0,,
,404,727357581,267,348,1,1.7972551362221731,1,5,,footway,9,"LINESTRING (-73.95854180000001 40.8074057, -73.9585316 40.8074199)",walk,0,0,,
,405,727357582,277,266,1,1.5140069190314653,1,5,,footway,9,"LINESTRING (-73.95857030000001 40.8099946, -73.9585618 40.8100066)",walk,0,0,,
,406,727357582,266,449,1,45.61546254003391,1,5,,footway,9,"LINESTRING (-73.9585618 40.8100066, -73.95829999999999 40.8103658)",walk,0,0,,
,407,727357583,318,281,1,3.3213726052964083,1,5,,footway,9,"LINESTRING (-73.9586733 40.8099174, -73.9586383 40.8099036)",walk,0,0,,
,408,727357583,281,450,1,32.449755983064215,1,5,,footway,9,"LINESTRING (-73.9586383 40.8099036, -73.95829999999999 40.8097636)",walk,0,0,,
,409,727357585,451,279,1,69.89259715017762,1,5,,footway,9,"LINESTRING (-73.95829999999999 40.8090757, -73.9590228 40.8093852)",walk,0,0,,
,410,727357585,279,298,1,3.0424178067605983,1,5,,footway,9,"LINESTRING (-73.9590228 40.8093852, -73.9590537 40.8093994)",walk,0,0,,
,411,728210785,283,239,1,21.39540739953008,1,5,,footway,9,"LINESTRING (-73.9639919 40.8085277, -73.96403239999999 40.808544, -73.9639815 40.8086128, -73.9640732 40.8086502)",walk,0,0,,
,412,729191768,292,286,1,2.488895668457694,1,5,,footway,9,"LINESTRING (-73.9624032 40.8072402, -73.962388 40.8072594)",walk,0,0,,
,413,729191769,284,292,1,3.952118168631176,1,5,,footway,9,"LINESTRING (-73.9624252 40.8072088, -73.9624032 40.8072402)",walk,0,0,,
,414,729191770,17,289,1,74.91351257534112,1,5,,footway,9,"LINESTRING (-73.96262780000001 40.8072742, -73.96299260000001 40.8067594, -73.9629984 40.8067451, -73.96299689999999 40.8067318, -73.9629748 40.8066729)",walk,0,0,,
,415,729191772,15,288,1,33.22686751936066,1,5,,footway,9,"LINESTRING (-73.9620918 40.807047, -73.9624364 40.8071928)",walk,0,0,,
,416,729191772,288,16,1,5.3852652930555776,1,5,,footway,9,"LINESTRING (-73.9624364 40.8071928, -73.9624922 40.8072165)",walk,0,0,,
,417,729191772,16,17,1,13.092594751080972,1,5,,footway,9,"LINESTRING (-73.9624922 40.8072165, -73.96255669999999 40.8072438, -73.96262780000001 40.8072742)",walk,0,0,,
,418,729191772,17,291,1,6.404198878532051,1,5,,footway,9,"LINESTRING (-73.96262780000001 40.8072742, -73.96269479999999 40.8073015)",walk,0,0,,
,419,729191772,291,22,1,31.124733187940468,1,5,,footway,9,"LINESTRING (-73.96269479999999 40.8073015, -73.96301889999999 40.8074363)",walk,0,0,,
,420,729191773,367,366,1,10.425305847718002,1,5,,footway,9,"LINESTRING (-73.9642056 40.8072307, -73.9641446 40.8073123)",walk,0,0,,
,421,729191774,21,202,1,47.24528718074669,1,5,,footway,9,"LINESTRING (-73.96351369999999 40.8068132, -73.96308380000001 40.8066307, -73.9630243 40.8066051)",walk,0,0,,
,422,729191774,202,14,1,48.049173592396556,1,5,,footway,9,"LINESTRING (-73.9630243 40.8066051, -73.96296630000001 40.8065805, -73.9625207 40.8064016)",walk,0,0,,
,423,729191775,293,285,1,3.1699264744344067,1,5,,footway,9,"LINESTRING (-73.96299140000001 40.8066506, -73.9630095 40.8066256)",walk,0,0,,
,424,729191776,285,202,1,2.59764294202966,1,5,,footway,9,"LINESTRING (-73.9630095 40.8066256, -73.9630243 40.8066051)",walk,0,0,,
,425,729191776,202,203,1,4.092104352652957,1,5,,footway,9,"LINESTRING (-73.9630243 40.8066051, -73.9630476 40.8065728)",walk,0,0,,
,426,729191777,76,68,1,11.783680440501227,1,5,,footway,9,"LINESTRING (-73.9619089 40.8073103, -73.96197479999999 40.8072168)",walk,0,0,,
,427,729191777,68,55,1,12.67430086108463,1,5,,footway,9,"LINESTRING (-73.96197479999999 40.8072168, -73.96204280000001 40.8071151)",walk,0,0,,
,428,729191777,55,15,1,8.622583409254073,1,5,,footway,9,"LINESTRING (-73.96204280000001 40.8071151, -73.9620918 40.807047)",walk,0,0,,
,429,729191777,15,230,1,16.163887025348426,1,5,,footway,9,"LINESTRING (-73.9620918 40.807047, -73.9621545 40.8069096)",walk,0,0,,
,430,729191777,230,181,1,49.546539764828815,1,5,,footway,9,"LINESTRING (-73.9621545 40.8069096, -73.9624385 40.8065193)",walk,0,0,,
,431,729191777,181,14,1,14.803751930154172,1,5,,footway,9,"LINESTRING (-73.9624385 40.8065193, -73.9625207 40.8064016)",walk,0,0,,
,432,729191777,14,232,1,21.066029006723483,1,5,,footway,9,"LINESTRING (-73.9625207 40.8064016, -73.9626418 40.8062358)",walk,0,0,,
,433,729191777,232,23,1,44.267781099141814,1,5,,footway,9,"LINESTRING (-73.9626418 40.8062358, -73.9628403 40.8059624, -73.9628951 40.8058869)",walk,0,0,,
,434,729191778,61,75,1,3.4565913317960257,1,5,,footway,9,"LINESTRING (-73.96282789999999 40.8077039, -73.9627923 40.8076884)",walk,0,0,,
,435,729191778,75,65,1,41.04607691670239,1,5,,footway,9,"LINESTRING (-73.9627923 40.8076884, -73.9623663 40.8075087)",walk,0,0,,
,436,729191778,65,58,1,40.79087908495544,1,5,,footway,9,"LINESTRING (-73.9623663 40.8075087, -73.9619458 40.8073263)",walk,0,0,,
,437,729191778,58,76,1,3.5791762538133374,1,5,,footway,9,"LINESTRING (-73.9619458 40.8073263, -73.9619089 40.8073103)",walk,0,0,,
,438,729191780,288,284,1,2.013416614633701,1,5,,footway,9,"LINESTRING (-73.9624364 40.8071928, -73.9624252 40.8072088)",walk,0,0,,
,439,729191781,291,294,1,2.092434725456419,1,5,,footway,9,"LINESTRING (-73.96269479999999 40.8073015, -73.96268360000001 40.8073183)",walk,0,0,,
,440,729191782,289,16,1,74.80959540388545,1,5,,footway,9,"LINESTRING (-73.9629748 40.8066729, -73.9628926 40.8066909, -73.9628783 40.8066984, -73.9628707 40.8067087, -73.9624922 40.8072165)",walk,0,0,,
,441,729191783,287,290,1,2.3493715613732857,1,5,,footway,9,"LINESTRING (-73.9626609 40.8073494, -73.96264650000001 40.8073675)",walk,0,0,,
,442,729191785,294,287,1,3.950828367185426,1,5,,footway,9,"LINESTRING (-73.96268360000001 40.8073183, -73.9626609 40.8073494)",walk,0,0,,
,443,730041288,186,233,1,27.417517640697067,1,5,,footway,9,"LINESTRING (-73.9621585 40.8063152, -73.9623122 40.8060978)",walk,0,0,,
,444,730041288,233,234,1,4.697706978578654,1,5,,footway,9,"LINESTRING (-73.9623122 40.8060978, -73.96233890000001 40.8060607)",walk,0,0,,
,445,730041294,296,295,1,2.528311866425416,1,5,,footway,9,"LINESTRING (-73.96226780000001 40.8060309, -73.9622828 40.8060112)",walk,0,0,,
,446,730041299,234,296,1,6.840392941060421,1,5,,footway,9,"LINESTRING (-73.96233890000001 40.8060607, -73.96226780000001 40.8060309)",walk,0,0,,
,447,730041299,296,185,1,40.742755860293705,1,5,,footway,9,"LINESTRING (-73.96226780000001 40.8060309, -73.9621811 40.8059945, -73.96199559999999 40.8062498)",walk,0,0,,
,448,730074263,232,393,1,2.0605017548762383,1,5,,footway,9,"LINESTRING (-73.9626418 40.8062358, -73.9626311 40.8062313, -73.96262040000001 40.8062268)",walk,0,0,,
,449,730074264,237,242,1,18.399674729824262,1,5,,footway,9,"LINESTRING (-73.9625466 40.8061956, -73.9623548 40.8061162)",walk,0,0,,
,450,730074264,242,233,1,4.128165317218339,1,5,,footway,9,"LINESTRING (-73.9623548 40.8061162, -73.9623122 40.8060978)",walk,0,0,,
Amsterdam Avenue,451,732794019,452,26,1,3.3274169992682907,1,60,,secondary,4,"LINESTRING (-73.9620275 40.8055, -73.9620084 40.8055262)",walk;auto;bike,1,0,,
Amsterdam Avenue,452,732794019,26,452,1,3.3274169992682907,1,60,,secondary,4,"LINESTRING (-73.9620084 40.8055262, -73.9620275 40.8055)",walk;auto;bike,1,0,,
Amsterdam Avenue,453,732794019,26,5,1,79.58273713648805,1,60,,secondary,4,"LINESTRING (-73.9620084 40.8055262, -73.96159539999999 40.8060926, -73.9615515 40.8061528)",walk;auto;bike,1,0,,
Amsterdam Avenue,454,732794019,5,26,1,79.58273713648805,1,60,,secondary,4,"LINESTRING (-73.9615515 40.8061528, -73.96159539999999 40.8060926, -73.9620084 40.8055262)",walk;auto;bike,1,0,,
Amsterdam Avenue,455,732794019,5,211,1,74.92388098596922,1,60,,secondary,4,"LINESTRING (-73.9615515 40.8061528, -73.961513 40.8062057, -73.9611213 40.8067427)",walk;auto;bike,1,0,,
Amsterdam Avenue,456,732794019,211,5,1,74.92388098596922,1,60,,secondary,4,"LINESTRING (-73.9611213 40.8067427, -73.961513 40.8062057, -73.9615515 40.8061528)",walk;auto;bike,1,0,,
Amsterdam Avenue,457,732794019,211,3,1,11.28995014378067,1,60,,secondary,4,"LINESTRING (-73.9611213 40.8067427, -73.9610565 40.8068316)",walk;auto;bike,1,0,,
Amsterdam Avenue,458,732794019,3,211,1,11.28995014378067,1,60,,secondary,4,"LINESTRING (-73.9610565 40.8068316, -73.9611213 40.8067427)",walk;auto;bike,1,0,,
Amsterdam Avenue,459,732794019,3,212,1,11.266409327448985,1,60,,secondary,4,"LINESTRING (-73.9610565 40.8068316, -73.9609918 40.8069203)",walk;auto;bike,1,0,,
Amsterdam Avenue,460,732794019,212,3,1,11.266409327448985,1,60,,secondary,4,"LINESTRING (-73.9609918 40.8069203, -73.9610565 40.8068316)",walk;auto;bike,1,0,,
Amsterdam Avenue,461,732794019,212,179,1,24.436384248175482,1,60,,secondary,4,"LINESTRING (-73.9609918 40.8069203, -73.9609871 40.8069268, -73.9608515 40.8071127)",walk;auto;bike,1,0,,
Amsterdam Avenue,462,732794019,179,212,1,24.436384248175482,1,60,,secondary,4,"LINESTRING (-73.9608515 40.8071127, -73.9609871 40.8069268, -73.9609918 40.8069203)",walk;auto;bike,1,0,,
,464,733393248,476,299,1,22.882945010714163,1,5,,footway,9,"LINESTRING (-73.96446690000001 40.8107843, -73.96470739999999 40.8108803)",walk,0,0,,
West 116th Street,465,733393249,187,13,1,50.85445005559155,1,30,,residential,6,"LINESTRING (-73.96488220000001 40.8084384, -73.96540899999999 40.8086624)",walk;auto;bike,1,0,,
West 116th Street,466,733393249,13,187,1,50.85445005559155,1,30,,residential,6,"LINESTRING (-73.96540899999999 40.8086624, -73.96488220000001 40.8084384)",walk;auto;bike,1,0,,
West 116th Street,467,733393250,13,413,1,27.438873230769914,1,30,,residential,6,"LINESTRING (-73.96540899999999 40.8086624, -73.9656964 40.8087789)",walk;auto;bike,1,0,,
West 116th Street,468,733393250,413,13,1,27.438873230769914,1,30,,residential,6,"LINESTRING (-73.9656964 40.8087789, -73.96540899999999 40.8086624)",walk;auto;bike,1,0,,
West 116th Street,469,733393250,413,453,1,0.3458618654289898,1,30,,residential,6,"LINESTRING (-73.9656964 40.8087789, -73.9657 40.8087804)",walk;auto;bike,1,0,,
West 116th Street,470,733393250,453,413,1,0.3458618654289898,1,30,,residential,6,"LINESTRING (-73.9657 40.8087804, -73.9656964 40.8087789)",walk;auto;bike,1,0,,
,471,733404058,454,301,1,0.2693149257873881,1,5,,footway,9,"LINESTRING (-73.95829999999999 40.8107501, -73.9583027 40.8107514)",walk,0,0,,
,472,735241946,301,300,1,3.4712793210618287,1,5,,footway,9,"LINESTRING (-73.9583027 40.8107514, -73.95833880000001 40.8107665)",walk,0,0,,
,473,735241946,300,455,1,76.63679508847865,1,5,,footway,9,"LINESTRING (-73.95833880000001 40.8107665, -73.9591357 40.8111)",walk,0,0,,
,474,735241947,302,300,1,3.574946625002283,1,5,,footway,9,"LINESTRING (-73.9583592 40.8107383, -73.95833880000001 40.8107665)",walk,0,0,,
,475,735241947,300,456,1,6.815477176907154,1,5,,footway,9,"LINESTRING (-73.95833880000001 40.8107665, -73.95829999999999 40.8108203)",walk,0,0,,
,476,735241950,377,376,1,3.2814755904458,1,5,,footway,9,"LINESTRING (-73.9584164 40.8106027, -73.95844990000001 40.8106178)",walk,0,0,,
,477,736338935,312,308,1,1.889254500296164,1,5,,footway,9,"LINESTRING (-73.9612875 40.8073898, -73.9612992 40.8073753)",walk,0,0,,
,478,736338936,311,309,1,2.8471066227288797,1,5,,footway,9,"LINESTRING (-73.9630299 40.807498, -73.963014 40.8075206)",walk,0,0,,
,479,736338938,307,313,1,6.939091667448087,1,5,,footway,9,"LINESTRING (-73.9630911 40.8073683, -73.9630796 40.8073847, -73.9630779 40.8073896, -73.96307760000001 40.8073944, -73.9630804 40.8074023, -73.9630829 40.8074145, -73.96308260000001 40.8074207, -73.9630815 40.8074243, -73.9630798 40.8074276)",walk,0,0,,
,480,736338939,308,314,1,4.68781116014738,1,5,,footway,9,"LINESTRING (-73.9612992 40.8073753, -73.96132729999999 40.8073389)",walk,0,0,,
,481,736338940,313,311,1,8.883575745086373,1,5,,footway,9,"LINESTRING (-73.9630798 40.8074276, -73.9630299 40.807498)",walk,0,0,,
,482,737375312,315,312,1,14.937073917796416,1,5,,footway,9,"LINESTRING (-73.961198 40.8075058, -73.9612875 40.8073898)",walk,0,0,,
,483,737716342,317,316,1,6.589879236624762,1,5,,footway,9,"LINESTRING (-73.962861 40.81043, -73.9628257 40.8104829)",walk,0,0,,
,484,737716343,228,317,1,22.24560562594204,1,5,,footway,9,"LINESTRING (-73.9629523 40.8103126, -73.9629833 40.8103421, -73.96290689999999 40.8104499, -73.962861 40.81043)",walk,0,0,,
,485,737716343,317,228,1,21.86020658734403,1,5,,footway,9,"LINESTRING (-73.962861 40.81043, -73.9628187 40.8104125, -73.9629059 40.8103069, -73.9629523 40.8103126)",walk,0,0,,
,486,738603182,318,320,1,8.530675203641433,1,5,,footway,9,"LINESTRING (-73.9586733 40.8099174, -73.95876389999999 40.8099518)",walk,0,0,,
,487,738603182,320,306,1,9.16019365434909,1,5,,footway,9,"LINESTRING (-73.95876389999999 40.8099518, -73.9588597 40.8099909)",walk,0,0,,
,488,738603185,298,319,1,8.617145090477822,1,5,,footway,9,"LINESTRING (-73.9590537 40.8093994, -73.95914209999999 40.8094385)",walk,0,0,,
,489,738603185,319,304,1,9.054102328458274,1,5,,footway,9,"LINESTRING (-73.95914209999999 40.8094385, -73.9592361 40.8094781)",walk,0,0,,
,490,738973804,72,53,1,23.899762929007533,1,5,,footway,9,"LINESTRING (-73.96123799999999 40.8098059, -73.9614871 40.8099091)",walk,0,0,,
,491,738973804,53,157,1,25.62163265825252,1,5,,footway,9,"LINESTRING (-73.9614871 40.8099091, -73.96175409999999 40.8100198)",walk,0,0,,
,492,738973804,157,47,1,2.607757296327221,1,5,,footway,9,"LINESTRING (-73.96175409999999 40.8100198, -73.9617808 40.8100317)",walk,0,0,,
,493,738973804,47,49,1,5.219021595738999,1,5,,footway,9,"LINESTRING (-73.9617808 40.8100317, -73.9618332 40.8100568)",walk,0,0,,
,494,738973805,322,310,1,6.761891914031029,1,5,,footway,9,"LINESTRING (-73.9613104 40.8073318, -73.96132660000001 40.8073089, -73.9613481 40.8072781)",walk,0,0,,
,495,738973807,329,323,1,19.252357922878502,1,30,,service,7,"LINESTRING (-73.95980659999999 40.8088184, -73.96000669999999 40.8089023)",walk;bike,1,0,,
,496,738973807,323,329,1,19.252357922878502,1,30,,service,7,"LINESTRING (-73.96000669999999 40.8089023, -73.95980659999999 40.8088184)",walk;bike,1,0,,
,497,738973808,323,326,1,31.80649602824675,1,30,,service,7,"LINESTRING (-73.96000669999999 40.8089023, -73.96003229999999 40.8089083, -73.9601418 40.8089139, -73.96026089999999 40.808755)",walk;bike,1,0,,
,498,738973808,326,323,1,31.80649602824675,1,30,,service,7,"LINESTRING (-73.96026089999999 40.808755, -73.9601418 40.8089139, -73.96003229999999 40.8089083, -73.96000669999999 40.8089023)",walk;bike,1,0,,
,499,738973809,325,140,1,7.379401672295905,1,5,,footway,9,"LINESTRING (-73.960672 40.8089523, -73.96071240000001 40.8088934)",walk,0,0,,
,500,738973809,140,128,1,46.11423339971824,1,5,,footway,9,"LINESTRING (-73.96071240000001 40.8088934, -73.9609708 40.8085277)",walk,0,0,,
,501,738973810,69,64,1,24.125761804878643,1,5,,footway,9,"LINESTRING (-73.9615551 40.8095024, -73.96147999999999 40.8094713, -73.9613835 40.8096048)",walk,0,0,,
,502,738973810,64,72,1,25.49471960291462,1,5,,footway,9,"LINESTRING (-73.9613835 40.8096048, -73.9612865 40.8097388, -73.96123799999999 40.8098059)",walk,0,0,,
,503,738973814,149,148,1,23.777311272292906,1,5,,footway,9,"LINESTRING (-73.9604877 40.809528, -73.9604417 40.809509, -73.9605519 40.8093561)",walk,0,0,,
,504,738973814,148,74,1,9.249958051126253,1,5,,footway,9,"LINESTRING (-73.9605519 40.8093561, -73.9606046 40.8092831)",walk,0,0,,
,505,738973814,74,144,1,20.690897652397446,1,5,,footway,9,"LINESTRING (-73.9606046 40.8092831, -73.96065350000001 40.8092153, -73.96052950000001 40.8091602)",walk,0,0,,
,506,738973814,144,327,1,19.061098881317726,1,5,,footway,9,"LINESTRING (-73.96052950000001 40.8091602, -73.9606337 40.809008)",walk,0,0,,
,507,738973815,327,325,1,6.982166136727535,1,5,,footway,9,"LINESTRING (-73.9606337 40.809008, -73.960672 40.8089523)",walk,0,0,,
,508,738973816,321,133,1,15.385400822893263,1,5,,footway,9,"LINESTRING (-73.96202719999999 40.8087318, -73.9618689 40.8086626)",walk,0,0,,
,509,738973816,133,125,1,50.88276519092441,1,5,,footway,9,"LINESTRING (-73.9618689 40.8086626, -73.96144200000001 40.8084858, -73.96133930000001 40.8084419)",walk,0,0,,
,510,738973816,125,123,1,16.04336236392793,1,5,,footway,9,"LINESTRING (-73.96133930000001 40.8084419, -73.96117479999999 40.808369)",walk,0,0,,
,511,738973816,123,324,1,9.93433533655766,1,5,,footway,9,"LINESTRING (-73.96117479999999 40.808369, -73.96107170000001 40.8083255)",walk,0,0,,
,512,739858418,330,161,1,18.025121577447663,1,5,,footway,9,"LINESTRING (-73.95880699999999 40.8096761, -73.95867079999999 40.8096179, -73.9586427 40.8096561)",walk,0,0,,
,513,747180773,332,32,1,7.811648662014031,1,5,,footway,9,"LINESTRING (-73.9592049 40.8059647, -73.95915979999999 40.8060261)",walk,0,0,,
,514,747461110,272,334,1,7.540789985493205,1,5,,footway,9,"LINESTRING (-73.9587593 40.8067422, -73.9587008 40.806717, -73.9586814 40.8067087)",walk,0,0,,
,515,747961062,33,45,1,32.12346984165994,1,5,,footway,9,"LINESTRING (-73.9589713 40.8060305, -73.95895609999999 40.8060097, -73.9589522 40.8059831, -73.9589538 40.8059283, -73.95896689999999 40.8058513, -73.9589649 40.8057454)",walk,0,0,,
,516,747961062,45,457,1,27.759656786674114,1,5,,footway,9,"LINESTRING (-73.9589649 40.8057454, -73.95897050000001 40.805654, -73.9589781 40.8056103, -73.9589962 40.8055491, -73.9590161 40.8055)",walk,0,0,,
,517,748869403,239,355,1,10.047387777300305,1,5,,footway,9,"LINESTRING (-73.9640732 40.8086502, -73.9640172 40.80873)",walk,0,0,,
,518,748869404,240,229,1,33.574163707336524,1,5,,footway,9,"LINESTRING (-73.9639358 40.8088417, -73.9638629 40.8088127, -73.96370880000001 40.809022)",walk,0,0,,
,519,748869404,229,226,1,159.24093382164114,1,5,,footway,9,"LINESTRING (-73.96370880000001 40.809022, -73.96355320000001 40.8092494, -73.96369799999999 40.8093123, -73.96350219999999 40.8095783, -73.9633279 40.809826, -73.9630209 40.8102282)",walk,0,0,,
,520,748869404,226,228,1,11.018534097970603,1,5,,footway,9,"LINESTRING (-73.9630209 40.8102282, -73.9629523 40.8103126)",walk,0,0,,
,521,749923138,331,347,1,18.931494494250778,1,5,,footway,9,"LINESTRING (-73.9617068 40.8062113, -73.96190660000001 40.8062895)",walk,0,0,,
,522,749923139,347,346,1,4.403643841589566,1,5,,footway,9,"LINESTRING (-73.96190660000001 40.8062895, -73.96195299999999 40.8063078)",walk,0,0,,
,523,755308479,458,350,1,0.3281321263556221,1,5,,footway,9,"LINESTRING (-73.95829999999999 40.8074471, -73.9583035 40.8074484)",walk,0,0,,
,524,755488709,349,268,1,2.2792264904885693,1,5,,footway,9,"LINESTRING (-73.958476 40.8074927, -73.9584619 40.8075102)",walk,0,0,,
,525,755488709,268,459,1,28.557269021553388,1,5,,footway,9,"LINESTRING (-73.9584619 40.8075102, -73.95829999999999 40.8077359)",walk,0,0,,
,526,755488710,348,270,1,4.5728351147392035,1,5,,footway,9,"LINESTRING (-73.9585316 40.8074199, -73.9585044 40.8074555)",walk,0,0,,
,527,755488710,270,349,1,4.777408565312671,1,5,,footway,9,"LINESTRING (-73.9585044 40.8074555, -73.958476 40.8074927)",walk,0,0,,
,528,755488711,350,335,1,6.058334846491781,1,5,,footway,9,"LINESTRING (-73.9583035 40.8074484, -73.9583669 40.8074742)",walk,0,0,,
,529,755488711,335,351,1,6.2742038242983975,1,5,,footway,9,"LINESTRING (-73.9583669 40.8074742, -73.9584334 40.8074997)",walk,0,0,,
,530,755488712,273,353,1,4.583737334679784,1,5,,footway,9,"LINESTRING (-73.958339 40.8073163, -73.95838740000001 40.8073352)",walk,0,0,,
,531,755488713,351,268,1,2.667746160948526,1,5,,footway,9,"LINESTRING (-73.9584334 40.8074997, -73.9584619 40.8075102)",walk,0,0,,
,532,755488714,352,267,1,2.8628099065734003,1,5,,footway,9,"LINESTRING (-73.9585158 40.8073891, -73.95854180000001 40.8074057)",walk,0,0,,
,533,755488715,353,345,1,6.126484022201133,1,5,,footway,9,"LINESTRING (-73.95838740000001 40.8073352, -73.958451 40.807362)",walk,0,0,,
,534,755488715,345,352,1,6.2309845918314775,1,5,,footway,9,"LINESTRING (-73.958451 40.807362, -73.9585158 40.8073891)",walk,0,0,,
,535,758571060,354,240,1,3.305486694240302,1,5,,footway,9,"LINESTRING (-73.96395459999999 40.8088156, -73.9639358 40.8088417)",walk,0,0,,
,536,758571061,355,354,1,10.879148518324435,1,5,,footway,9,"LINESTRING (-73.9640172 40.80873, -73.96395459999999 40.8088156)",walk,0,0,,
,537,760859831,357,362,1,2.5229309476207504,1,5,,footway,9,"LINESTRING (-73.96175940000001 40.8092905, -73.9617738 40.8092706)",walk,0,0,,
,538,760859832,361,356,1,2.239660474442877,1,5,,footway,9,"LINESTRING (-73.9617849 40.8092553, -73.9617976 40.8092376)",walk,0,0,,
,539,760859833,363,358,1,11.293761403243712,1,5,,footway,9,"LINESTRING (-73.9617567 40.810145, -73.961732 40.8101786, -73.9616893 40.8101607, -73.9616728 40.8101837)",walk,0,0,,
,540,760859834,362,361,1,1.940900163410282,1,5,,footway,9,"LINESTRING (-73.9617738 40.8092706, -73.9617849 40.8092553)",walk,0,0,,
,541,760859835,356,359,1,9.127019094730418,1,5,,footway,9,"LINESTRING (-73.9617976 40.8092376, -73.9618282 40.8091953, -73.96178810000001 40.8091803)",walk,0,0,,
,542,760859836,358,50,1,9.06490432974348,1,5,,footway,9,"LINESTRING (-73.9616728 40.8101837, -73.9616213 40.8102553)",walk,0,0,,
,543,760859837,360,357,1,12.54567916723294,1,5,,footway,9,"LINESTRING (-73.9616879 40.8093895, -73.96175940000001 40.8092905)",walk,0,0,,
,544,760880914,460,299,1,27.935604850617256,1,5,,footway,9,"LINESTRING (-73.9645464 40.8111, -73.96470739999999 40.8108803)",walk,0,0,,
,545,760880914,299,461,1,172.23945064217,1,5,,footway,9,"LINESTRING (-73.96470739999999 40.8108803, -73.9657 40.8095257)",walk,0,0,,
,546,762267343,365,367,1,3.7864743879907863,1,5,,footway,9,"LINESTRING (-73.9642283 40.8072013, -73.9642056 40.8072307)",walk,0,0,,
,547,762267344,368,338,1,9.123038731159287,1,5,,footway,9,"LINESTRING (-73.96462320000001 40.8073692, -73.9645982 40.8073523, -73.9645316 40.8073264)",walk,0,0,,
,548,762267344,338,339,1,18.519065969378197,1,5,,footway,9,"LINESTRING (-73.9645316 40.8073264, -73.9644651 40.8072998, -73.96440029999999 40.8072731, -73.9643379 40.8072474)",walk,0,0,,
,549,762267344,339,365,1,10.553709754849857,1,5,,footway,9,"LINESTRING (-73.9643379 40.8072474, -73.9642702 40.8072195, -73.9642283 40.8072013)",walk,0,0,,
,550,762267345,364,340,1,6.518400488863744,1,5,,footway,9,"LINESTRING (-73.9645462 40.8074771, -73.96455949999999 40.8074578, -73.9645817 40.807425)",walk,0,0,,
,551,762267345,340,368,1,7.120605652477609,1,5,,footway,9,"LINESTRING (-73.9645817 40.807425, -73.9646099 40.8073877, -73.96462320000001 40.8073692)",walk,0,0,,
,552,762267346,366,342,1,10.683139204734928,1,5,,footway,9,"LINESTRING (-73.9641446 40.8073123, -73.9641901 40.807332, -73.9642544 40.8073605)",walk,0,0,,
,553,762267346,342,341,1,18.973648078719805,1,5,,footway,9,"LINESTRING (-73.9642544 40.8073605, -73.9643145 40.8073863, -73.9643849 40.8074145, -73.9644536 40.8074403)",walk,0,0,,
,554,762267346,341,364,1,8.803755734598308,1,5,,footway,9,"LINESTRING (-73.9644536 40.8074403, -73.96451450000001 40.8074652, -73.9645462 40.8074771)",walk,0,0,,
,555,762267347,367,220,1,28.264968560727233,1,5,,footway,9,"LINESTRING (-73.9642056 40.8072307, -73.9641652 40.8072143, -73.964004 40.8071482, -73.96390150000001 40.8071259)",walk,0,0,,
,556,762267347,220,221,1,13.484320788348798,1,5,,footway,9,"LINESTRING (-73.96390150000001 40.8071259, -73.9637608 40.8070679)",walk,0,0,,
,557,762267347,221,19,1,31.484546358376093,1,5,,footway,9,"LINESTRING (-73.9637608 40.8070679, -73.9634346 40.8069293)",walk,0,0,,
West 120th Street,558,767729564,369,25,1,44.40035172746653,2,30,,residential,6,"LINESTRING (-73.95875100000001 40.8091488, -73.9590912 40.8092934, -73.959211 40.8093443)",walk;auto;bike,1,0,,
West 120th Street,559,767729564,25,369,1,44.40035172746653,1,30,,residential,6,"LINESTRING (-73.959211 40.8093443, -73.9590912 40.8092934, -73.95875100000001 40.8091488)",walk;auto;bike,1,0,,
,560,767918759,370,371,1,49.36232595675251,1,5,,footway,9,"LINESTRING (-73.958536 40.805987, -73.9585131 40.8059997, -73.9585033 40.8060152, -73.95849490000001 40.8060361, -73.9584895 40.8060681, -73.9584863 40.8060892, -73.9584806 40.8061124, -73.95846899999999 40.8061409, -73.9584517 40.8061701, -73.9584359 40.8062077, -73.9584217 40.8062421, -73.9584151 40.8062748, -73.9584136 40.8062901, -73.9584176 40.806303, -73.95842450000001 40.8063141, -73.9584344 40.8063233, -73.9584644 40.806336, -73.9584871 40.8063447, -73.9585338 40.8063584)",walk,0,0,,
,561,768952250,372,400,1,6.592761085474038,1,5,,footway,9,"LINESTRING (-73.9640292 40.8081993, -73.9639928 40.8082518)",walk,0,0,,
,562,768952250,400,401,1,23.386281203819266,1,5,,footway,9,"LINESTRING (-73.9639928 40.8082518, -73.9638636 40.808438)",walk,0,0,,
,563,768952250,401,238,1,3.7948059754579813,1,5,,footway,9,"LINESTRING (-73.9638636 40.808438, -73.96384260000001 40.8084682)",walk,0,0,,
,564,768952251,373,372,1,10.389624583501035,1,5,,footway,9,"LINESTRING (-73.9640874 40.8081169, -73.9640292 40.8081993)",walk,0,0,,
,565,768952252,238,282,1,2.8203072515645418,1,5,,footway,9,"LINESTRING (-73.96384260000001 40.8084682, -73.9638724 40.8084798)",walk,0,0,,
,566,771172705,378,303,1,6.0366704774162985,1,5,,footway,9,"LINESTRING (-73.9584358 40.8106366, -73.9583999 40.8106836)",walk,0,0,,
,567,771172705,303,302,1,6.980545422630004,1,5,,footway,9,"LINESTRING (-73.9583999 40.8106836, -73.9583592 40.8107383)",walk,0,0,,
,568,771172707,383,382,1,11.310337407662203,1,5,,footway,9,"LINESTRING (-73.96123590000001 40.8067912, -73.9611706 40.8068801)",walk,0,0,,
,569,771172707,382,381,1,11.14831011706548,1,5,,footway,9,"LINESTRING (-73.9611706 40.8068801, -73.961105 40.8069672)",walk,0,0,,
,570,771172707,381,386,1,24.477288745118102,1,5,,footway,9,"LINESTRING (-73.961105 40.8069672, -73.96096609999999 40.8071606)",walk,0,0,,
,571,771172708,462,375,1,2.1842945752044085,1,5,,footway,9,"LINESTRING (-73.95829999999999 40.8105519, -73.9583221 40.8105622)",walk,0,0,,
,572,771172708,375,377,1,9.125026602557899,1,5,,footway,9,"LINESTRING (-73.9583221 40.8105622, -73.9584164 40.8106027)",walk,0,0,,
,573,777112722,379,36,1,3.453236840681086,1,5,,footway,9,"LINESTRING (-73.959289 40.8056837, -73.9593088 40.8056565)",walk,0,0,,
,574,777112726,297,280,1,3.383886463433256,1,5,,footway,9,"LINESTRING (-73.95862270000001 40.8099248, -73.9586027 40.8099512)",walk,0,0,,
,575,777112726,280,277,1,5.542969832239775,1,5,,footway,9,"LINESTRING (-73.9586027 40.8099512, -73.95857030000001 40.8099946)",walk,0,0,,
,576,777112727,380,35,1,10.853651356123605,1,5,,footway,9,"LINESTRING (-73.95932740000001 40.8056301, -73.9593879 40.8055439)",walk,0,0,,
,577,784001413,385,384,1,151.44332671069319,1,5,,footway,9,"LINESTRING (-73.960639 40.8076109, -73.95977600000001 40.808806)",walk,0,0,,
,578,784001413,384,387,1,66.83366323656122,1,5,,footway,9,"LINESTRING (-73.95977600000001 40.808806, -73.95939559999999 40.8093336)",walk,0,0,,
,579,784001414,386,385,1,57.140419364214985,1,5,,footway,9,"LINESTRING (-73.96096609999999 40.8071606, -73.960639 40.8076109)",walk,0,0,,
,580,784001415,387,336,1,8.648939630492464,1,5,,footway,9,"LINESTRING (-73.95939559999999 40.8093336, -73.95934339999999 40.8094006)",walk,0,0,,
,581,784001415,336,305,1,9.076167847793393,1,5,,footway,9,"LINESTRING (-73.95934339999999 40.8094006, -73.95928859999999 40.8094709)",walk,0,0,,
,582,784001416,305,388,1,70.5555855214612,1,5,,footway,9,"LINESTRING (-73.95928859999999 40.8094709, -73.9588912 40.8100296)",walk,0,0,,
,583,784001417,389,376,1,65.27720356467151,1,5,,footway,9,"LINESTRING (-73.95883379999999 40.8101077, -73.95844990000001 40.8106178)",walk,0,0,,
,584,784001417,376,378,1,2.403791294954978,1,5,,footway,9,"LINESTRING (-73.95844990000001 40.8106178, -73.9584358 40.8106366)",walk,0,0,,
,585,784001418,388,337,1,3.866389373165801,1,5,,footway,9,"LINESTRING (-73.9588912 40.8100296, -73.9588689 40.81006)",walk,0,0,,
,586,784001418,337,389,1,6.071149688178287,1,5,,footway,9,"LINESTRING (-73.9588689 40.81006, -73.95883379999999 40.8101077)",walk,0,0,,
,587,784334479,463,391,1,3.518181846078834,1,5,,footway,9,"LINESTRING (-73.9621829 40.8055, -73.96216269999999 40.8055277)",walk,0,0,,
,588,784334480,391,390,1,5.9940573626890945,1,5,,footway,9,"LINESTRING (-73.96216269999999 40.8055277, -73.9621283 40.8055749)",walk,0,0,,
,589,784334480,390,392,1,4.821869661821159,1,5,,footway,9,"LINESTRING (-73.9621283 40.8055749, -73.96210069999999 40.8056129)",walk,0,0,,
,590,810529811,171,394,1,4.1894466770425725,1,5,,footway,9,"LINESTRING (-73.9640046 40.8075558, -73.9639959 40.8075677, -73.9639681 40.807556)",walk,0,0,,
,591,810529812,169,395,1,4.434538842808282,1,5,,footway,9,"LINESTRING (-73.9636112 40.8080943, -73.9636225 40.8080782, -73.9635972 40.8080681)",walk,0,0,,
,592,810529813,399,395,1,24.83813377070852,1,5,,footway,9,"LINESTRING (-73.9634554 40.808264, -73.9635972 40.8080681)",walk,0,0,,
,593,810529813,395,397,1,5.301580205546283,1,5,,footway,9,"LINESTRING (-73.9635972 40.8080681, -73.9636275 40.8080263)",walk,0,0,,
,594,810529813,397,396,1,11.073168010015138,1,5,,footway,9,"LINESTRING (-73.9636275 40.8080263, -73.96369079999999 40.807939)",walk,0,0,,
,595,810529813,396,398,1,12.182055410852769,1,5,,footway,9,"LINESTRING (-73.96369079999999 40.807939, -73.9637603 40.8078429)",walk,0,0,,
,596,810529813,398,394,1,36.38135611523645,1,5,,footway,9,"LINESTRING (-73.9637603 40.8078429, -73.9639681 40.807556)",walk,0,0,,
,597,810529813,394,366,1,30.902833374061483,1,5,,footway,9,"LINESTRING (-73.9639681 40.807556, -73.9641446 40.8073123)",walk,0,0,,
,598,810529814,170,399,1,4.508460215126052,1,5,,footway,9,"LINESTRING (-73.9634923 40.8082575, -73.96348020000001 40.8082743, -73.9634554 40.808264)",walk,0,0,,
,599,810529815,168,400,1,4.6769669081576914,1,5,,footway,9,"LINESTRING (-73.963956 40.8082623, -73.96397 40.8082425, -73.9639928 40.8082518)",walk,0,0,,
,600,810529816,401,167,1,4.6598413267508665,1,5,,footway,9,"LINESTRING (-73.9638636 40.808438, -73.9638384 40.8084277, -73.9638511 40.8084099)",walk,0,0,,
,601,815728799,402,464,1,18.98499878380133,1,30,,service,7,"LINESTRING (-73.9603389 40.8056491, -73.96044879999999 40.8055)",walk;bike,1,0,,
,602,815728799,464,402,1,18.98499878380133,1,30,,service,7,"LINESTRING (-73.96044879999999 40.8055, -73.9603389 40.8056491)",walk;bike,1,0,,
,603,815943215,403,89,1,48.14109628235353,1,5,,footway,9,"LINESTRING (-73.9607743 40.8071066, -73.960748 40.8070956, -73.9604851 40.8074543)",walk,0,0,,
,604,815943216,404,403,1,12.018979377624742,1,5,,footway,9,"LINESTRING (-73.9608992 40.807159, -73.9607743 40.8071066)",walk,0,0,,
,605,815943217,405,89,1,7.273365801559883,1,5,,footway,9,"LINESTRING (-73.96048469999999 40.8075025, -73.960458 40.8074913, -73.9604851 40.8074543)",walk,0,0,,
,606,815943217,89,87,1,7.740202235404408,1,5,,footway,9,"LINESTRING (-73.9604851 40.8074543, -73.96040499999999 40.8074201)",walk,0,0,,
,607,815943218,406,405,1,12.018924524918853,1,5,,footway,9,"LINESTRING (-73.9606096 40.8075549, -73.96048469999999 40.8075025)",walk,0,0,,
,608,816882168,399,407,1,63.410081834433875,1,5,,footway,9,"LINESTRING (-73.9634554 40.808264, -73.96308550000001 40.8087608)",walk,0,0,,
,609,816882169,238,408,1,59.64878873542417,1,5,,footway,9,"LINESTRING (-73.96384260000001 40.8084682, -73.9635068 40.8089406)",walk,0,0,,
,610,816882170,372,409,1,9.298118973782213,1,5,,footway,9,"LINESTRING (-73.9640292 40.8081993, -73.9639324 40.808159)",walk,0,0,,
,611,816882170,409,204,1,18.61635888976634,1,5,,footway,9,"LINESTRING (-73.9639324 40.808159, -73.9637386 40.8080783)",walk,0,0,,
,612,816882171,374,410,1,12.80371206234359,1,5,,footway,9,"LINESTRING (-73.9640952 40.8081066, -73.96417839999999 40.8080102)",walk,0,0,,
,613,816882171,410,344,1,10.48770660177291,1,5,,footway,9,"LINESTRING (-73.96417839999999 40.8080102, -73.9640665 40.8079687)",walk,0,0,,
,614,816882171,344,343,1,18.764295442046212,1,5,,footway,9,"LINESTRING (-73.9640665 40.8079687, -73.9638648 40.8078968)",walk,0,0,,
Broadway,615,828303725,465,478,1,64.95619039323721,3,80,,primary,3,"LINESTRING (-73.96180320000001 40.8111, -73.9621791 40.8105898)",walk;auto;bike,0,0,,
,616,829910550,368,466,1,103.74524540732087,1,5,,footway,9,"LINESTRING (-73.96462320000001 40.8073692, -73.9657 40.8078233)",walk,0,0,,
,617,829910552,467,411,1,66.50728177462184,1,5,,footway,9,"LINESTRING (-73.9657 40.8071443, -73.96501259999999 40.8068493)",walk,0,0,,
,618,829910553,368,411,1,66.45411403384439,1,5,,footway,9,"LINESTRING (-73.96462320000001 40.8073692, -73.96501259999999 40.8068493)",walk,0,0,,
,619,829910554,468,410,1,146.40544494711372,1,5,,footway,9,"LINESTRING (-73.9657 40.8086483, -73.96417839999999 40.8080102)",walk,0,0,,
,620,829910555,364,410,1,66.87399782621475,1,5,,footway,9,"LINESTRING (-73.9645462 40.8074771, -73.96417839999999 40.8080102)",walk,0,0,,
,621,834049791,469,413,1,0.6234323235232045,1,5,,footway,9,"LINESTRING (-73.9657 40.808774, -73.9656964 40.8087789)",walk,0,0,,
,622,834049791,413,412,1,12.11586070109474,1,5,,footway,9,"LINESTRING (-73.9656964 40.8087789, -73.96562590000001 40.8088739)",walk,0,0,,
,623,834049794,470,364,1,111.24109537583641,1,5,,footway,9,"LINESTRING (-73.9657 40.8079651, -73.9645462 40.8074771)",walk,0,0,,
Broadway,624,849974884,481,479,1,59.68550758066992,3,40,,primary,3,"LINESTRING (-73.96305940000001 40.8093706, -73.9630937 40.809323, -73.9633627 40.80895, -73.96339879999999 40.8088993)",walk;auto;bike,0,0,,
Broadway,625,849974884,479,409,1,93.77126209418232,3,40,,primary,3,"LINESTRING (-73.96339879999999 40.8088993, -73.9639256 40.8081684, -73.9639324 40.808159)",walk;auto;bike,0,0,,
Broadway,626,849974884,409,477,1,11.705688832379717,3,40,,primary,3,"LINESTRING (-73.9639324 40.808159, -73.9639988 40.8080665)",walk;auto;bike,0,0,,
Broadway,627,849974885,481,480,1,81.48392475044817,3,40,,primary,3,"LINESTRING (-73.9628599 40.8092888, -73.9623955 40.8099318)",walk;auto;bike,0,0,,
Broadway,628,849974885,480,478,1,72.79211678840157,3,40,,primary,3,"LINESTRING (-73.9623955 40.8099318, -73.961977 40.8105047)",walk;auto;bike,0,0,,
Giraffe Path,629,857870239,471,30,1,17.990180558049996,1,5,,footway,9,"LINESTRING (-73.95862630000001 40.8055, -73.9585854 40.8056588)",walk,0,0,,
Giraffe Path,630,857870239,30,31,1,27.65547644949731,1,5,,footway,9,"LINESTRING (-73.9585854 40.8056588, -73.9585665 40.8057266, -73.9585154 40.8059018)",walk,0,0,,
Giraffe Path,631,857870239,31,370,1,9.631157632580207,1,5,,footway,9,"LINESTRING (-73.9585154 40.8059018, -73.958536 40.805987)",walk,0,0,,
Giraffe Path,632,857870239,370,37,1,23.118322884749244,1,5,,footway,9,"LINESTRING (-73.958536 40.805987, -73.9585502 40.8060457, -73.9585785 40.8061533, -73.958586 40.8061914)",walk,0,0,,
Giraffe Path,633,857870239,37,371,1,19.306262480063616,1,5,,footway,9,"LINESTRING (-73.958586 40.8061914, -73.95858699999999 40.806217, -73.95858459999999 40.8062413, -73.9585763 40.8062712, -73.9585649 40.8063018, -73.9585338 40.8063584)",walk,0,0,,
Giraffe Path,634,857870239,371,472,1,39.52752572060823,1,5,,footway,9,"LINESTRING (-73.9585338 40.8063584, -73.9584912 40.8064274, -73.95829999999999 40.8066663)",walk,0,0,,
