mvmt_id,node_id,osm_node_id,name,ib_link_id,start_ib_lane,end_ib_lane,ob_link_id,start_ob_lane,end_ob_lane,lanes,ib_osm_node_id,ob_osm_node_id,type,penalty,capacity,ctrl_type,mvmt_txt_id,geometry,volume,free_speed,allowed_uses
0,0,80294795,,222,1,1,0,1,1,1,80227395,80219498,thru,,,,WBT,"LINESTRING (-96.7858452 43.4926672, -96.7860369 43.4926316)",,,auto
1,0,80294795,,222,2,2,3,4,4,1,80227395,80247699,right,,,,WBR,"LINESTRING (-96.7858452 43.4926672, -96.7860378 43.4926342)",,,auto
2,1,80219498,,0,1,2,218,1,2,2,80294795,80219495,thru,,,,SBT,"LINESTRING (-96.7972403 43.4812927, -96.7971821 43.4811550)",,,auto
3,2,80227342,,4,3,3,1,2,2,1,481801168,2445411692,thru,,,,WBT,"LINESTRING (-96.7625091 43.4983928, -96.7626868 43.4983295)",,,auto
4,2,80227342,,4,1,2,221,1,2,2,481801168,80227395,thru,,,,WBT,"LINESTRING (-96.7625091 43.4983928, -96.7626839 43.4983254)",,,auto
5,3,2445411692,,1,1,2,226,1,2,2,80227342,8455317723_80227378_8455317724,thru,,,,WBT,"LINESTRING (-96.7683103 43.4970793, -96.7685063 43.4970594)",,,auto
6,4,80240485,,6,2,2,2,4,4,1,8454812884,2445411741,thru,,,,EBT,"LINESTRING (-96.7776756 43.4936630, -96.7774804 43.4936863)",,,auto
7,4,80240485,,6,1,1,7,1,1,1,8454812884,80279234,thru,,,,EBT,"LINESTRING (-96.7776756 43.4936630, -96.7774815 43.4936910)",,,auto
8,5,2445411741,,2,3,4,223,1,2,2,80240485,80240513,thru,,,,EBT,"LINESTRING (-96.7703641 43.4929087, -96.7701679 43.4928913)",,,auto
9,6,80247699,,3,1,2,90,1,2,2,80294795,2445461593,right,,,,WBR,"LINESTRING (-96.7908281 43.4956818, -96.7907514 43.4958145)",,,auto
10,6,80247699,,89,1,2,90,1,2,2,495864127,2445461593,thru,,,,NBT,"LINESTRING (-96.7908352 43.4956839, -96.7907514 43.4958145)",,,auto
11,7,481801168,,85,1,3,4,1,3,3,481801189,80227342,thru,,,,WBT,"LINESTRING (-96.7566528 43.5006190, -96.7568282 43.5005522)",,,auto
12,8,80216348,,576,1,1,5,1,1,1,8454812885,8454812884,thru,,,,NBT,"LINESTRING (-96.7865241 43.4920558, -96.7863330 43.4920931)",,,auto
13,9,8454812884,,5,1,2,6,1,2,2,80216348,80240485,thru,,,,EBT,"LINESTRING (-96.7843900 43.4924978, -96.7841998 43.4925376)",,,auto
14,9,8454812884,,575,1,1,6,2,2,1,495864140,80240485,thru,,,,EBT,"LINESTRING (-96.7843905 43.4924992, -96.7841998 43.4925376)",,,auto
15,10,80279234,,7,1,2,228,1,2,2,80240485,8455317758,thru,,,,EBT,"LINESTRING (-96.7696699 43.4953832, -96.7694914 43.4954455)",,,auto
16,11,80639233,,159,3,3,8,4,4,1,1010794959,1350913400,thru,,,,NBT,"LINESTRING (-96.7802394 43.5375227, -96.7802303 43.5376664)",,,auto
17,11,80639233,,159,1,2,160,1,2,2,1010794959,495863903,thru,,,,NBT,"LINESTRING (-96.7802394 43.5375227, -96.7802365 43.5376667)",,,auto
18,12,1350913400,,8,3,4,277,1,2,2,80639233,2447946686,thru,,,,NBT,"LINESTRING (-96.7798724 43.5407931, -96.7798600 43.5409369)",,,auto
19,14,80640295,,9,1,4,408,1,4,4,80640296,80640294,thru,,,,WBT,"LINESTRING (-96.7117453 43.5158220, -96.7119277 43.5157677)",,,auto
20,14,80640295,,407,1,4,408,1,4,4,2451195250,80640294,thru,,,,WBT,"LINESTRING (-96.7117543 43.5158371, -96.7119277 43.5157677)",,,auto
21,15,80640685,,412,3,3,10,4,4,1,80640294,80640687,thru,,,,WBT,"LINESTRING (-96.7265700 43.5119762, -96.7267529 43.5119211)",,,auto
22,15,80640685,,412,1,2,410,1,2,2,80640294,524415278,thru,,,,WBT,"LINESTRING (-96.7265700 43.5119762, -96.7267508 43.5119175)",,,auto
23,16,80640687,,10,3,4,401,1,2,2,80640685,5488961705,thru,,,,WBT,"LINESTRING (-96.7294803 43.5113229, -96.7296735 43.5112916)",,,auto
24,17,80640782,,233,3,3,11,4,4,1,2445461593,80640779,thru,,,,NBT,"LINESTRING (-96.7808972 43.5114322, -96.7808400 43.5115701)",,,auto
25,17,80640782,,233,1,2,234,1,2,2,2445461593,80640767,thru,,,,NBT,"LINESTRING (-96.7808972 43.5114322, -96.7808437 43.5115709)",,,auto
26,18,80640779,,11,1,3,252,1,3,3,80640782,80640777,thru,,,,NBT,"LINESTRING (-96.7795594 43.5143884, -96.7795020 43.5145262)",,,auto
27,18,80640779,,11,4,4,253,4,4,1,80640782,2446667081,thru,,,,NBT,"LINESTRING (-96.7795594 43.5143884, -96.7794830 43.5145210)",,,auto
28,19,80640861,,268,4,4,12,1,1,1,1751873217,80640872,thru,,,,NBT,"LINESTRING (-96.7782353 43.5660458, -96.7782034 43.5661876)",,,auto
29,19,80640861,,268,1,3,262,1,3,3,1751873217,80641795,thru,,,,NBT,"LINESTRING (-96.7782353 43.5660458, -96.7782171 43.5661893)",,,auto
30,20,80640872,,12,1,1,511,1,1,1,80640861,2447768017,thru,,,,NBT,"LINESTRING (-96.7743763 43.5703773, -96.7742069 43.5704520)",,,auto
31,22,80640916,,13,1,1,258,4,4,1,1331643600,80673106,thru,,,,NBT,"LINESTRING (-96.7721978 43.5754948, -96.7720971 43.5756188)",,,auto
32,22,80640916,,263,1,3,258,1,3,3,80641795,80673106,thru,,,,NBT,"LINESTRING (-96.7722054 43.5754982, -96.7720971 43.5756188)",,,auto
33,23,80640974,,331,4,4,14,4,4,1,80645238,2449984662,thru,,,,NBT,"LINESTRING (-96.7709771 43.5971554, -96.7709678 43.5972992)",,,auto
34,23,80640974,,331,1,3,355,1,3,3,80645238,80640987,thru,,,,NBT,"LINESTRING (-96.7709771 43.5971554, -96.7709750 43.5972994)",,,auto
35,24,2449984662,,14,3,4,352,1,2,2,80640974,6317011391,thru,,,,NBT,"LINESTRING (-96.7697658 43.6006364, -96.7696987 43.6007720)",,,auto
36,25,80641200,,371,3,3,15,4,4,1,1360596386,616070037,right,,,,SBR,"LINESTRING (-96.7707060 43.6124950, -96.7707202 43.6123514)",,,auto
37,25,80641200,,371,1,2,372,1,2,2,1360596386,2450109682,thru,,,,SBT,"LINESTRING (-96.7707060 43.6124950, -96.7707162 43.6123512)",,,auto
38,26,616070037,,15,1,3,140,1,3,3,80641200,616070040,right,,,,WBR,"LINESTRING (-96.7711160 43.6126115, -96.7709182 43.6126183)",,,auto
39,26,616070037,,370,1,2,140,1,2,2,1360596320,616070040,thru,,,,EBT,"LINESTRING (-96.7711164 43.6126188, -96.7709182 43.6126183)",,,auto
40,27,80641222,,126,3,3,16,2,2,1,524421061,80641212,thru,,,,NBT,"LINESTRING (-96.6931502 43.5814556, -96.6931301 43.5815988)",,,auto
41,27,80641222,,126,1,2,431,1,2,2,524421061,80641201,thru,,,,NBT,"LINESTRING (-96.6931502 43.5814556, -96.6931376 43.5815994)",,,auto
42,28,80641212,,16,1,2,17,1,2,2,80641222,80641201,thru,,,,NBT,"LINESTRING (-96.6901874 43.5871418, -96.6901648 43.5872834)",,,auto
43,29,80641201,,17,1,2,383,2,3,2,80641212,80717511,thru,,,,NBT,"LINESTRING (-96.6909060 43.5918425, -96.6908878 43.5919859)",,,auto
44,29,80641201,,431,1,2,383,1,2,2,80641222,80717511,thru,,,,NBT,"LINESTRING (-96.6909141 43.5918431, -96.6908878 43.5919859)",,,auto
45,30,80641241,,295,4,4,18,4,4,1,1751873252,1860609878,thru,,,,SBT,"LINESTRING (-96.7806789 43.5488954, -96.7806821 43.5487514)",,,auto
46,30,80641241,,295,1,3,297,1,3,3,1751873252,1860609951,thru,,,,SBT,"LINESTRING (-96.7806789 43.5488954, -96.7806733 43.5487515)",,,auto
47,31,1860609878,,18,1,4,185,1,4,4,80641241,1860609882,thru,,,,SBT,"LINESTRING (-96.7807290 43.5478718, -96.7807362 43.5477278)",,,auto
48,32,80641312,,385,1,1,19,1,1,1,2450191346,80641333,thru,,,,SBT,"LINESTRING (-96.6910643 43.5931142, -96.6910906 43.5929715)",,,auto
49,32,80641312,,385,2,2,386,2,2,1,2450191346,80641333,thru,,,,SBT,"LINESTRING (-96.6910643 43.5931142, -96.6910822 43.5929707)",,,auto
50,33,80641333,,19,2,4,434,1,3,3,80641312,524420939,thru,,,,SBT,"LINESTRING (-96.6933405 43.5828172, -96.6933504 43.5826736)",,,auto
51,33,80641333,,386,1,2,434,2,3,2,80641312,524420939,thru,,,,SBT,"LINESTRING (-96.6933257 43.5828165, -96.6933504 43.5826736)",,,auto
52,34,80641409,,165,3,3,20,4,4,1,504669441,80641433,right,,,,SBR,"LINESTRING (-96.7712335 43.6023773, -96.7712430 43.6022334)",,,auto
53,34,80641409,,165,1,2,166,1,2,2,504669441,80640128,thru,,,,SBT,"LINESTRING (-96.7712335 43.6023773, -96.7712381 43.6022333)",,,auto
54,35,80641433,,20,3,4,349,1,2,2,80641409,1028817268,right,,,,WBR,"LINESTRING (-96.7737259 43.6005130, -96.7737761 43.6006518)",,,auto
55,36,80641582,,440,3,3,21,4,4,1,2456582622,2458750888,thru,,,,NBT,"LINESTRING (-96.6939457 43.5437218, -96.6939433 43.5438657)",,,auto
56,36,80641582,,440,1,2,438,1,2,2,2456582622,2458750873,thru,,,,NBT,"LINESTRING (-96.6939457 43.5437218, -96.6939501 43.5438658)",,,auto
57,37,2458750888,,21,3,4,450,1,2,2,80641582,80641574,thru,,,,NBT,"LINESTRING (-96.6936672 43.5458263, -96.6936621 43.5459703)",,,auto
58,38,80641583,,124,3,3,22,4,4,1,524420941,7843948547,thru,,,,SBT,"LINESTRING (-96.6936190 43.5677652, -96.6936220 43.5676212)",,,auto
59,38,80641583,,124,1,2,436,1,2,2,524420941,80717653,thru,,,,SBT,"LINESTRING (-96.6936190 43.5677652, -96.6936157 43.5676212)",,,auto
60,39,7843948547,,22,1,4,23,1,4,4,80641583,1924976149,thru,,,,SBT,"LINESTRING (-96.6950528 43.5633600, -96.6950271 43.5632172)",,,auto
61,41,80641631,,167,4,4,24,4,4,1,80640767,2446584775,thru,,,,NBT,"LINESTRING (-96.7802595 43.5230718, -96.7802509 43.5232156)",,,auto
62,41,80641631,,167,1,3,241,1,3,3,80640767,80673071,thru,,,,NBT,"LINESTRING (-96.7802595 43.5230718, -96.7802602 43.5232158)",,,auto
63,42,2446584775,,24,3,4,246,1,2,2,80641631,5488961688,thru,,,,NBT,"LINESTRING (-96.7792824 43.5261868, -96.7792116 43.5263213)",,,auto
64,43,80641722,,122,3,3,25,4,4,1,80717659,2458750911,thru,,,,SBT,"LINESTRING (-96.6939557 43.5507919, -96.6939773 43.5506488)",,,auto
65,43,80641722,,122,1,2,441,1,2,2,80717659,2458750816,thru,,,,SBT,"LINESTRING (-96.6939557 43.5507919, -96.6939697 43.5506482)",,,auto
66,44,2458750911,,25,3,4,455,1,2,2,80641722,80641729,thru,,,,SBT,"LINESTRING (-96.6945268 43.5476445, -96.6945255 43.5475005)",,,auto
67,45,80641729,,455,1,1,26,1,1,1,2458750911,2458750889,thru,,,,SBT,"LINESTRING (-96.6945151 43.5472326, -96.6944848 43.5470914)",,,auto
68,45,80641729,,455,2,2,449,4,4,1,2458750911,2458750840,thru,,,,SBT,"LINESTRING (-96.6945151 43.5472326, -96.6945172 43.5470887)",,,auto
69,46,2458750889,,26,1,4,27,1,4,4,80641729,2458750811,thru,,,,SBT,"LINESTRING (-96.6943840 43.5469178, -96.6942584 43.5468069)",,,auto
70,47,2458750811,,27,4,4,28,4,4,1,2458750889,2986769591,thru,,,,EBT,"LINESTRING (-96.6941753 43.5467497, -96.6940542 43.5467068)",,,auto
71,47,2458750811,,27,1,3,114,1,3,3,2458750889,80643501,left,,,,EBL,"LINESTRING (-96.6941753 43.5467497, -96.6939930 43.5467486)",,,auto
72,47,2458750811,,113,4,4,28,4,4,1,2986769590,2986769591,right,,,,EBR,"LINESTRING (-96.6941156 43.5467066, -96.6940542 43.5467068)",,,auto
73,47,2458750811,,113,1,3,114,1,3,3,2986769590,80643501,thru,,,,EBT,"LINESTRING (-96.6941156 43.5467066, -96.6939930 43.5467486)",,,auto
74,48,2986769591,,28,1,3,29,1,3,3,2458750811,2458750793,thru,,,,EBT,"LINESTRING (-96.6940542 43.5467068, -96.6939294 43.5466714)",,,auto
75,48,2986769591,,28,4,4,117,4,4,1,2458750811,2458750841,right,,,,EBR,"LINESTRING (-96.6940542 43.5467068, -96.6940554 43.5466765)",,,auto
76,48,2986769591,,116,1,3,29,1,3,3,2458750912,2458750793,uturn,,,,WBU,"LINESTRING (-96.6939287 43.5467122, -96.6939294 43.5466714)",,,auto
77,48,2986769591,,116,4,4,117,4,4,1,2458750912,2458750841,thru,,,,WBT,"LINESTRING (-96.6939287 43.5467122, -96.6940554 43.5466765)",,,auto
78,50,80641897,,120,3,3,30,4,4,1,524419525,2456582568,right,,,,NBR,"LINESTRING (-96.6932666 43.5645056, -96.6932615 43.5646495)",,,auto
79,50,80641897,,120,1,2,439,1,2,2,524419525,80641856,thru,,,,NBT,"LINESTRING (-96.6932666 43.5645056, -96.6932685 43.5646496)",,,auto
80,51,2456582568,,30,1,3,432,1,3,3,80641897,80641874,right,,,,EBR,"LINESTRING (-96.6916407 43.5646961, -96.6915949 43.5645564)",,,auto
81,51,2456582568,,30,4,4,437,4,4,1,80641897,2456582597,right,,,,EBR,"LINESTRING (-96.6916407 43.5646961, -96.6916197 43.5645532)",,,auto
82,52,80641914,,396,3,3,31,4,4,1,80644302,80641916,thru,,,,EBT,"LINESTRING (-96.7359575 43.5081841, -96.7357805 43.5082487)",,,auto
83,52,80641914,,396,1,2,403,1,2,2,80644302,524415509,thru,,,,EBT,"LINESTRING (-96.7359575 43.5081841, -96.7357826 43.5082517)",,,auto
84,53,80641916,,31,3,4,176,1,2,2,80641914,5488961701,thru,,,,EBT,"LINESTRING (-96.7326791 43.5089692, -96.7324857 43.5089998)",,,auto
85,54,80641941,,411,3,3,32,4,4,1,80641931,2451195066,thru,,,,EBT,"LINESTRING (-96.7167132 43.5139471, -96.7165222 43.5139848)",,,auto
86,54,80641941,,411,1,2,406,1,2,2,80641931,524415422,thru,,,,EBT,"LINESTRING (-96.7167132 43.5139471, -96.7165237 43.5139889)",,,auto
87,55,2451195066,,32,3,4,405,1,2,2,80641941,80641937,thru,,,,EBT,"LINESTRING (-96.7133760 43.5142520, -96.7131780 43.5142548)",,,auto
88,56,80641970,,426,2,2,33,4,4,1,80717759,2451211142,thru,,,,SBT,"LINESTRING (-96.7061850 43.5188061, -96.7062697 43.5186769)",,,auto
89,56,80641970,,426,1,1,427,1,1,1,80717759,80717794,thru,,,,SBT,"LINESTRING (-96.7061850 43.5188061, -96.7062466 43.5186691)",,,auto
90,57,2451211142,,33,3,4,414,1,2,2,80641970,80641962,thru,,,,WBT,"LINESTRING (-96.7094973 43.5168148, -96.7096884 43.5167773)",,,auto
91,58,2447759605,,132,4,4,34,1,1,1,80644081,80641988,thru,,,,SBT,"LINESTRING (-96.7711067 43.5806637, -96.7711092 43.5805197)",,,auto
92,58,2447759605,,132,1,3,325,1,3,3,80644081,80641531,thru,,,,SBT,"LINESTRING (-96.7711067 43.5806637, -96.7711032 43.5805197)",,,auto
93,59,80641988,,34,1,1,273,1,1,1,2447759605,80641991,thru,,,,SBT,"LINESTRING (-96.7767614 43.5743991, -96.7768992 43.5742964)",,,auto
94,60,1360596320,,364,3,3,35,4,4,1,1751874026,504669441,right,,,,EBR,"LINESTRING (-96.7767319 43.6125633, -96.7765339 43.6125669)",,,auto
95,60,1360596320,,364,1,2,370,1,2,2,1751874026,616070037,thru,,,,EBT,"LINESTRING (-96.7767319 43.6125633, -96.7765339 43.6125703)",,,auto
96,61,504669441,,35,1,3,165,1,3,3,1360596320,80641409,right,,,,EBR,"LINESTRING (-96.7710416 43.6086944, -96.7710447 43.6085505)",,,auto
97,61,504669441,,373,1,2,165,1,2,2,2450109682,80641409,thru,,,,SBT,"LINESTRING (-96.7710319 43.6086943, -96.7710447 43.6085505)",,,auto
98,62,80673149,,356,3,3,36,4,4,1,80640987,504669387,right,,,,NBR,"LINESTRING (-96.7704218 43.6085888, -96.7703961 43.6087314)",,,auto
99,62,80673149,,356,1,2,357,1,2,2,80640987,1360596353,thru,,,,NBT,"LINESTRING (-96.7704218 43.6085888, -96.7704088 43.6087326)",,,auto
100,63,504669387,,36,1,2,163,1,2,2,80673149,718859554,right,,,,EBR,"LINESTRING (-96.7637544 43.6126485, -96.7635564 43.6126534)",,,auto
101,63,504669387,,369,1,2,163,1,2,2,2450085737,718859554,thru,,,,EBT,"LINESTRING (-96.7637546 43.6126526, -96.7635564 43.6126534)",,,auto
102,65,80673106,,37,1,1,259,4,4,1,80642646,80644092,thru,,,,NBT,"LINESTRING (-96.7706627 43.5788485, -96.7706520 43.5789924)",,,auto
103,65,80673106,,258,1,4,259,1,4,4,80640916,80644092,thru,,,,NBT,"LINESTRING (-96.7706659 43.5788487, -96.7706520 43.5789924)",,,auto
104,66,80642815,,381,2,2,38,4,4,1,80646164,80642810,thru,,,,WBT,"LINESTRING (-96.7059414 43.6057796, -96.7061391 43.6057874)",,,auto
105,66,80642815,,381,1,1,382,1,1,1,80646164,399684847,thru,,,,WBT,"LINESTRING (-96.7059414 43.6057796, -96.7061396 43.6057801)",,,auto
106,67,80642810,,38,3,4,378,1,2,2,80642815,5218726580,thru,,,,WBT,"LINESTRING (-96.7092617 43.6061387, -96.7094569 43.6061641)",,,auto
107,68,80643353,,421,3,3,39,4,4,1,80717365,2451210884,thru,,,,NBT,"LINESTRING (-96.7035698 43.5236856, -96.7035025 43.5238209)",,,auto
108,68,80643353,,421,1,2,413,1,2,2,80717365,80641466,thru,,,,NBT,"LINESTRING (-96.7035698 43.5236856, -96.7035093 43.5238227)",,,auto
109,69,2451210884,,39,3,4,416,1,2,2,80643353,2451210972,thru,,,,NBT,"LINESTRING (-96.6991335 43.5281577, -96.6991086 43.5283007)",,,auto
110,70,80643663,,480,2,2,40,4,4,1,2469701308,2450224399,thru,,,,NBT,"LINESTRING (-96.6905930 43.6014955, -96.6905898 43.6016395)",,,auto
111,70,80643663,,480,1,1,481,1,1,1,2469701308,80641535,thru,,,,NBT,"LINESTRING (-96.6905930 43.6014955, -96.6905936 43.6016395)",,,auto
112,71,2450224399,,40,1,2,389,1,2,2,80643663,2469701307,thru,,,,NBT,"LINESTRING (-96.6843988 43.6071195, -96.6842028 43.6071410)",,,auto
113,71,2450224399,,130,1,2,389,1,2,2,524421881,2469701307,thru,,,,EBT,"LINESTRING (-96.6843997 43.6071240, -96.6842028 43.6071410)",,,auto
114,72,80643757,,135,3,3,41,4,4,1,616070040,1360596353,right,,,,EBR,"LINESTRING (-96.7696871 43.6126160, -96.7695495 43.6126093)",,,auto
115,72,80643757,,135,1,2,136,1,2,2,616070040,2450085737,thru,,,,EBT,"LINESTRING (-96.7696871 43.6126160, -96.7695492 43.6126164)",,,auto
116,73,1360596353,,41,1,3,358,1,3,3,80643757,1360596346,right,,,,WBR,"LINESTRING (-96.7700851 43.6123330, -96.7700799 43.6124769)",,,auto
117,73,1360596353,,357,1,3,358,1,3,3,80673149,1360596346,thru,,,,NBT,"LINESTRING (-96.7700920 43.6123331, -96.7700799 43.6124769)",,,auto
118,74,80643788,,71,2,2,42,4,4,1,80644756,80643841,thru,,,,EBT,"LINESTRING (-96.6975417 43.6059713, -96.6973446 43.6059863)",,,auto
119,74,80643788,,71,1,1,72,1,1,1,80644756,524421793,thru,,,,EBT,"LINESTRING (-96.6975417 43.6059713, -96.6973449 43.6059884)",,,auto
120,75,80643841,,42,1,3,384,1,3,3,80643788,2450191346,right,,,,EBR,"LINESTRING (-96.6909385 43.6022321, -96.6909308 43.6020883)",,,auto
121,75,80643841,,169,1,2,384,1,2,2,80646106,2450191346,thru,,,,SBT,"LINESTRING (-96.6909291 43.6022323, -96.6909308 43.6020883)",,,auto
122,76,80643982,,404,3,3,43,4,4,1,80640703,80643992,thru,,,,WBT,"LINESTRING (-96.7453682 43.5048957, -96.7455454 43.5048316)",,,auto
123,76,80643982,,404,1,2,400,1,2,2,80640703,80644019,thru,,,,WBT,"LINESTRING (-96.7453682 43.5048957, -96.7455423 43.5048272)",,,auto
124,77,80643992,,43,3,4,394,1,2,2,80643982,2451174098,thru,,,,WBT,"LINESTRING (-96.7481552 43.5043351, -96.7483523 43.5043219)",,,auto
125,78,80644038,,348,4,4,44,4,4,1,80640128,2449935702,thru,,,,SBT,"LINESTRING (-96.7713990 43.5914574, -96.7714039 43.5913136)",,,auto
126,78,80644038,,348,1,3,330,1,3,3,80640128,603129632,thru,,,,SBT,"LINESTRING (-96.7713990 43.5914574, -96.7713938 43.5913134)",,,auto
127,79,2449935702,,44,3,4,337,1,2,2,80644038,80644039,thru,,,,SBT,"LINESTRING (-96.7716791 43.5889051, -96.7716972 43.5887616)",,,auto
128,80,80644039,,337,2,2,45,1,1,1,2449935702,2449159153,thru,,,,SBT,"LINESTRING (-96.7717563 43.5883277, -96.7717767 43.5881844)",,,auto
129,80,80644039,,337,1,1,340,1,1,1,2449935702,2449159182,thru,,,,SBT,"LINESTRING (-96.7717563 43.5883277, -96.7717646 43.5881840)",,,auto
130,83,80644074,,46,1,1,338,1,1,1,80644048,80644081,thru,,,,SBT,"LINESTRING (-96.7717603 43.5867030, -96.7717358 43.5865600)",,,auto
131,83,80644074,,329,1,1,338,1,1,1,2449935703,80644081,thru,,,,SBT,"LINESTRING (-96.7717431 43.5867034, -96.7717358 43.5865600)",,,auto
132,84,80644092,,259,4,4,47,4,4,1,80673106,2449935722,thru,,,,NBT,"LINESTRING (-96.7707616 43.5831946, -96.7707584 43.5833385)",,,auto
133,84,80644092,,259,1,3,324,1,3,3,80673106,603129628,thru,,,,NBT,"LINESTRING (-96.7707616 43.5831946, -96.7707672 43.5833386)",,,auto
134,85,2449935722,,47,3,4,336,1,2,2,80644092,80644096,thru,,,,NBT,"LINESTRING (-96.7704551 43.5859484, -96.7704352 43.5860917)",,,auto
135,86,80644323,,83,3,3,48,4,4,1,481801185,80644314,thru,,,,EBT,"LINESTRING (-96.7525838 43.5018690, -96.7524640 43.5019076)",,,auto
136,86,80644323,,83,1,2,392,1,2,2,481801185,80644302,thru,,,,EBT,"LINESTRING (-96.7525838 43.5018690, -96.7524681 43.5019138)",,,auto
137,87,80644314,,48,3,4,398,1,2,2,80644323,7855046562,thru,,,,EBT,"LINESTRING (-96.7499079 43.5023369, -96.7497101 43.5023413)",,,auto
138,89,2456530652,,49,1,4,429,1,4,4,80641602,80717653,right,,,,NBR,"LINESTRING (-96.6949846 43.5634895, -96.6950122 43.5636322)",,,auto
139,89,2456530652,,430,1,4,429,1,4,4,2456530876,80717653,right,,,,WBR,"LINESTRING (-96.6949639 43.5634932, -96.6950122 43.5636322)",,,auto
140,90,80644412,,239,4,4,50,2,2,1,80644648,2445461661,thru,,,,SBT,"LINESTRING (-96.7806042 43.5189973, -96.7806214 43.5188544)",,,auto
141,90,80644412,,239,1,3,63,1,3,3,80644648,2445461650,thru,,,,SBT,"LINESTRING (-96.7806042 43.5189973, -96.7806021 43.5188533)",,,auto
142,91,2445461661,,50,1,2,244,1,2,2,80644412,2445461632,thru,,,,SBT,"LINESTRING (-96.7810808 43.5164665, -96.7811495 43.5163314)",,,auto
143,92,2451211066,,96,2,2,51,4,4,1,524414896,80644741,thru,,,,SBT,"LINESTRING (-96.7011264 43.5290241, -96.7012360 43.5289044)",,,auto
144,92,2451211066,,96,1,1,97,1,1,1,524414896,80643563,thru,,,,SBT,"LINESTRING (-96.7011264 43.5290241, -96.7012268 43.5288999)",,,auto
145,93,80644741,,51,1,3,52,1,3,3,2451211066,8450869026,right,,,,WBR,"LINESTRING (-96.7030241 43.5283869, -96.7031170 43.5285140)",,,auto
146,93,80644741,,51,4,4,574,4,4,1,2451211066,8450869032,right,,,,WBR,"LINESTRING (-96.7030241 43.5283869, -96.7030950 43.5285195)",,,auto
147,95,80644773,,145,2,2,53,4,4,1,718857576,5218726559,thru,,,,EBT,"LINESTRING (-96.7167650 43.6056973, -96.7165683 43.6056798)",,,auto
148,95,80644773,,145,1,1,146,1,1,1,718857576,399685874,thru,,,,EBT,"LINESTRING (-96.7167650 43.6056973, -96.7165675 43.6056847)",,,auto
149,96,5218726559,,53,1,3,498,1,3,3,80644773,9149450440,thru,,,,EBT,"LINESTRING (-96.7129372 43.6052888, -96.7127399 43.6052742)",,,auto
150,96,5218726559,,53,4,4,516,4,4,1,80644773,2450178824,thru,,,,EBT,"LINESTRING (-96.7129372 43.6052888, -96.7127407 43.6052698)",,,auto
151,97,1360596399,,137,3,3,54,4,4,1,616070038,1360596386,right,,,,WBR,"LINESTRING (-96.7710242 43.6128719, -96.7711529 43.6128762)",,,auto
152,97,1360596399,,137,1,2,138,1,2,2,616070038,2450085730,thru,,,,WBT,"LINESTRING (-96.7710242 43.6128719, -96.7711530 43.6128715)",,,auto
153,98,1360596386,,54,1,3,371,1,3,3,1360596399,80641200,right,,,,EBR,"LINESTRING (-96.7706730 43.6131212, -96.7706739 43.6129773)",,,auto
154,98,1360596386,,94,1,2,371,1,2,2,80645882,80641200,thru,,,,SBT,"LINESTRING (-96.7706644 43.6131212, -96.7706739 43.6129773)",,,auto
155,99,1360596346,,358,3,3,55,4,4,1,1360596353,616070039,right,,,,NBR,"LINESTRING (-96.7700407 43.6129653, -96.7700214 43.6131086)",,,auto
156,99,1360596346,,358,1,2,359,1,2,2,1360596353,1360596181,thru,,,,NBT,"LINESTRING (-96.7700407 43.6129653, -96.7700285 43.6131091)",,,auto
157,100,616070039,,55,1,3,139,1,3,3,1360596346,616070038,right,,,,EBR,"LINESTRING (-96.7696327 43.6128796, -96.7698306 43.6128736)",,,auto
158,100,616070039,,152,1,2,139,1,2,2,1360596151,616070038,thru,,,,WBT,"LINESTRING (-96.7696324 43.6128730, -96.7698306 43.6128736)",,,auto
159,101,1360596151,,151,2,2,56,4,4,1,80658561,1360596181,thru,,,,WBT,"LINESTRING (-96.7640356 43.6128877, -96.7642337 43.6128915)",,,auto
160,101,1360596151,,151,1,1,152,1,1,1,80658561,616070039,thru,,,,WBT,"LINESTRING (-96.7640356 43.6128877, -96.7642338 43.6128863)",,,auto
161,103,80641574,,450,2,2,57,4,4,1,2458750888,2458750803,thru,,,,NBT,"LINESTRING (-96.6936633 43.5461630, -96.6936575 43.5463068)",,,auto
162,103,80641574,,450,1,1,451,1,1,1,2458750888,524418097,thru,,,,NBT,"LINESTRING (-96.6936633 43.5461630, -96.6936835 43.5463058)",,,auto
163,106,504669434,,58,1,3,368,1,3,3,2450165610,1751874027,thru,,,,WBT,"LINESTRING (-96.7764318 43.6128266, -96.7766295 43.6128163)",,,auto
164,106,504669434,,367,1,2,368,1,2,2,2450085730,1751874027,thru,,,,WBT,"LINESTRING (-96.7764313 43.6128200, -96.7766295 43.6128163)",,,auto
165,108,80645973,,59,1,1,269,4,4,1,4423084501,80673665,thru,,,,SBT,"LINESTRING (-96.7784726 43.5673333, -96.7784885 43.5671897)",,,auto
166,108,80645973,,266,1,3,269,1,3,3,80673657,80673665,thru,,,,SBT,"LINESTRING (-96.7784639 43.5673326, -96.7784885 43.5671897)",,,auto
167,109,80646164,,127,3,3,60,4,4,1,524421817,80646106,right,,,,WBR,"LINESTRING (-96.6915672 43.6067381, -96.6917643 43.6067238)",,,auto
168,109,80646164,,127,1,2,381,1,2,2,524421817,80642815,thru,,,,WBT,"LINESTRING (-96.6915672 43.6067381, -96.6917635 43.6067179)",,,auto
169,110,80646106,,60,3,4,169,1,2,2,80646164,80643841,right,,,,EBR,"LINESTRING (-96.6909157 43.6070261, -96.6909135 43.6068821)",,,auto
170,111,80644096,,336,2,2,61,1,1,1,2449935722,80646199,thru,,,,NBT,"LINESTRING (-96.7703760 43.5864976, -96.7703535 43.5866407)",,,auto
171,111,80644096,,336,1,1,332,1,1,1,2449935722,2449159183,thru,,,,NBT,"LINESTRING (-96.7703760 43.5864976, -96.7703705 43.5866411)",,,auto
172,113,481801166,,230,2,3,62,1,2,2,80240546,481801190,thru,,,,EBT,"LINESTRING (-96.7560168 43.5005652, -96.7558415 43.5006321)",,,auto
173,114,481801190,,62,1,2,82,1,2,2,481801166,481801185,thru,,,,EBT,"LINESTRING (-96.7543693 43.5011943, -96.7541939 43.5012610)",,,auto
174,115,2445461650,,63,1,3,243,1,3,3,80644412,2445461725,thru,,,,SBT,"LINESTRING (-96.7810849 43.5117202, -96.7811403 43.5115820)",,,auto
175,115,2445461650,,240,1,4,243,1,4,4,80644432,2445461725,thru,,,,SBT,"LINESTRING (-96.7810953 43.5117219, -96.7811403 43.5115820)",,,auto
176,116,80658698,,497,1,2,64,1,2,2,5040596769,8416431317,thru,,,,WBT,"LINESTRING (-96.6588573 43.6079673, -96.6590555 43.6079669)",,,auto
177,117,8416431317,,64,1,2,65,1,2,2,80658698,2450224469,thru,,,,WBT,"LINESTRING (-96.6631440 43.6079879, -96.6633422 43.6079891)",,,auto
178,117,8416431317,,528,1,2,65,1,2,2,8416431311,2450224469,thru,,,,WBT,"LINESTRING (-96.6631440 43.6079907, -96.6633422 43.6079891)",,,auto
179,118,2450224469,,65,1,2,482,1,2,2,8416431317,2450224436,thru,,,,WBT,"LINESTRING (-96.6777874 43.6079221, -96.6779847 43.6079084)",,,auto
180,119,80659639,,479,1,2,66,1,2,2,8416431265,5040596768,thru,,,,EBT,"LINESTRING (-96.6590621 43.6077339, -96.6588639 43.6077345)",,,auto
181,120,5040596768,,66,1,2,495,1,2,2,80659639,80659651,thru,,,,EBT,"LINESTRING (-96.6515730 43.6085240, -96.6513794 43.6085549)",,,auto
182,121,399684847,,382,1,2,67,1,2,2,80642815,399685120,thru,,,,WBT,"LINESTRING (-96.7108384 43.6057893, -96.7110366 43.6057896)",,,auto
183,122,399685120,,67,1,2,68,1,2,2,399684847,80642798,thru,,,,WBT,"LINESTRING (-96.7116525 43.6057904, -96.7118507 43.6057905)",,,auto
184,123,80642798,,68,1,2,69,1,2,2,399685120,718857592,thru,,,,WBT,"LINESTRING (-96.7166079 43.6059170, -96.7168054 43.6059291)",,,auto
185,123,80642798,,514,1,2,69,1,2,2,2450178826,718857592,thru,,,,WBT,"LINESTRING (-96.7166077 43.6059193, -96.7168054 43.6059291)",,,auto
186,124,718857592,,69,1,2,147,1,2,2,80642798,718857606,thru,,,,WBT,"LINESTRING (-96.7278180 43.6072132, -96.7280112 43.6072455)",,,auto
187,125,80659579,,73,1,2,70,1,2,2,399685874,80644756,thru,,,,EBT,"LINESTRING (-96.7110431 43.6055607, -96.7108449 43.6055606)",,,auto
188,126,80644756,,70,1,2,71,1,2,2,80659579,80643788,thru,,,,EBT,"LINESTRING (-96.7057385 43.6055532, -96.7055403 43.6055519)",,,auto
189,126,80644756,,376,1,2,71,1,2,2,5218726566,80643788,thru,,,,EBT,"LINESTRING (-96.7057377 43.6055439, -96.7055403 43.6055519)",,,auto
190,127,524421793,,72,1,2,129,1,2,2,80643788,524421881,thru,,,,EBT,"LINESTRING (-96.6912642 43.6065203, -96.6910674 43.6065376)",,,auto
191,128,399685874,,146,1,2,73,1,2,2,80644773,80659579,thru,,,,EBT,"LINESTRING (-96.7118474 43.6055603, -96.7116492 43.6055598)",,,auto
192,129,80658565,,75,1,2,74,1,2,2,399690032,718859418,thru,,,,WBT,"LINESTRING (-96.7453170 43.6104609, -96.7455091 43.6104967)",,,auto
193,130,718859418,,74,1,2,150,1,2,2,80658565,80658561,thru,,,,WBT,"LINESTRING (-96.7519910 43.6117094, -96.7521829 43.6117455)",,,auto
194,131,399690032,,141,1,2,75,1,2,2,718857544,80658565,thru,,,,WBT,"LINESTRING (-96.7439511 43.6102048, -96.7441431 43.6102408)",,,auto
195,132,399691060,,77,1,2,76,1,2,2,80659525,718857555,thru,,,,EBT,"LINESTRING (-96.7441608 43.6100053, -96.7439688 43.6099695)",,,auto
196,133,718857555,,76,1,2,142,1,2,2,399691060,718857558,thru,,,,EBT,"LINESTRING (-96.7328215 43.6078767, -96.7326295 43.6078406)",,,auto
197,134,80659525,,154,1,2,77,1,2,2,718859562,399691060,thru,,,,EBT,"LINESTRING (-96.7455388 43.6102615, -96.7453468 43.6102257)",,,auto
198,135,399710428,,79,1,3,78,1,3,3,80673086,1751873217,thru,,,,NBT,"LINESTRING (-96.7791914 43.5593133, -96.7791641 43.5594560)",,,auto
199,136,1751873217,,78,1,3,268,1,3,3,399710428,80640861,thru,,,,NBT,"LINESTRING (-96.7784153 43.5645757, -96.7783956 43.5647191)",,,auto
200,136,1751873217,,315,1,4,268,1,4,4,2448820445,80640861,thru,,,,NBT,"LINESTRING (-96.7784091 43.5645754, -96.7783956 43.5647191)",,,auto
201,137,80673086,,300,1,3,79,1,3,3,1751873205,399710428,thru,,,,NBT,"LINESTRING (-96.7794194 43.5581578, -96.7793916 43.5583004)",,,auto
202,138,80673673,,81,1,3,80,1,3,3,399713188,1751873252,thru,,,,SBT,"LINESTRING (-96.7797785 43.5583478, -96.7798065 43.5582052)",,,auto
203,139,1751873252,,80,1,3,295,1,3,3,80673673,80641241,thru,,,,SBT,"LINESTRING (-96.7805025 43.5536878, -96.7805187 43.5535443)",,,auto
204,139,1751873252,,322,1,1,295,4,4,1,2447974915,80641241,thru,,,,SBT,"LINESTRING (-96.7805124 43.5536881, -96.7805187 43.5535443)",,,auto
205,140,399713188,,299,1,3,81,1,3,3,80673665,80673673,thru,,,,SBT,"LINESTRING (-96.7795515 43.5594794, -96.7795792 43.5593367)",,,auto
206,141,481801185,,82,1,3,83,1,3,3,481801190,80644323,thru,,,,EBT,"LINESTRING (-96.7527004 43.5018256, -96.7525838 43.5018690)",,,auto
207,142,481801187,,390,1,3,84,1,3,3,80644019,481801189,thru,,,,WBT,"LINESTRING (-96.7529930 43.5020066, -96.7531691 43.5019409)",,,auto
208,143,481801189,,84,1,3,85,1,3,3,481801187,481801168,thru,,,,WBT,"LINESTRING (-96.7546670 43.5013742, -96.7548425 43.5013076)",,,auto
209,144,495863903,,160,1,3,86,1,3,3,80639233,1028818621,thru,,,,NBT,"LINESTRING (-96.7800683 43.5432780, -96.7800690 43.5434220)",,,auto
210,145,1028818621,,86,1,3,161,1,3,3,495863903,1860609919,thru,,,,NBT,"LINESTRING (-96.7800827 43.5443630, -96.7800852 43.5445070)",,,auto
211,146,80673704,,162,1,3,87,1,3,3,1028817639,80645554,thru,,,,SBT,"LINESTRING (-96.7804543 43.5434591, -96.7804537 43.5433151)",,,auto
212,147,80645554,,87,1,3,88,1,3,3,80673704,80673714,thru,,,,SBT,"LINESTRING (-96.7806361 43.5377754, -96.7806402 43.5376314)",,,auto
213,147,80645554,,286,1,1,88,3,3,1,2447946669,80673714,thru,,,,SBT,"LINESTRING (-96.7806440 43.5377754, -96.7806402 43.5376314)",,,auto
214,148,80673714,,88,1,3,156,1,3,3,80645554,80673716,thru,,,,SBT,"LINESTRING (-96.7806645 43.5312914, -96.7806647 43.5311474)",,,auto
215,149,495864127,,93,1,2,89,1,2,2,495864183,80247699,thru,,,,NBT,"LINESTRING (-96.7930705 43.4912695, -96.7930178 43.4914083)",,,auto
216,150,2445461593,,90,1,2,233,1,2,2,80247699,80640782,thru,,,,NBT,"LINESTRING (-96.7849695 43.5048089, -96.7848875 43.5049400)",,,auto
217,151,495864140,,92,2,2,91,2,2,1,495864158,80219495,thru,,,,SBT,"LINESTRING (-96.7937610 43.4902933, -96.7938122 43.4901542)",,,auto
218,151,495864140,,92,1,1,575,1,1,1,495864158,8454812884,left,,,,SBL,"LINESTRING (-96.7937610 43.4902933, -96.7938249 43.4901573)",,,auto
219,153,495864158,,242,1,2,92,1,2,2,2445461637,495864140,thru,,,,SBT,"LINESTRING (-96.7933803 43.4913148, -96.7934326 43.4911759)",,,auto
220,154,495864183,,217,1,2,93,1,2,2,8454812885,495864127,thru,,,,NBT,"LINESTRING (-96.7934519 43.4902422, -96.7934011 43.4903814)",,,auto
221,156,80717725,,459,1,2,95,1,2,2,80641749,524414677,thru,,,,SBT,"LINESTRING (-96.6956331 43.5336616, -96.6957661 43.5335549)",,,auto
222,157,524414677,,95,1,2,101,1,2,2,80717725,524414928,thru,,,,SBT,"LINESTRING (-96.6964341 43.5330251, -96.6965681 43.5329190)",,,auto
223,158,524414896,,98,1,2,96,1,2,2,524414928,2451211066,thru,,,,SBT,"LINESTRING (-96.6989934 43.5309985, -96.6991273 43.5308924)",,,auto
224,159,80643563,,97,1,2,425,1,2,2,2451211066,80717759,thru,,,,SBT,"LINESTRING (-96.7030346 43.5257466, -96.7030998 43.5256106)",,,auto
225,159,80643563,,420,1,3,425,1,3,3,2451210893,80717759,thru,,,,SBT,"LINESTRING (-96.7030428 43.5257485, -96.7030998 43.5256106)",,,auto
226,160,524414928,,101,1,2,98,1,2,2,524414677,524414896,thru,,,,SBT,"LINESTRING (-96.6981009 43.5317077, -96.6982348 43.5316016)",,,auto
227,161,524414959,,103,1,2,99,1,2,2,524415092,80717396,thru,,,,NBT,"LINESTRING (-96.6964981 43.5326408, -96.6963646 43.5327473)",,,auto
228,162,80717396,,99,1,2,100,1,2,2,524414959,2456582622,thru,,,,NBT,"LINESTRING (-96.6956563 43.5333111, -96.6955243 43.5334185)",,,auto
229,163,2456582622,,100,1,2,440,1,2,2,80717396,80641582,thru,,,,NBT,"LINESTRING (-96.6939027 43.5415275, -96.6939029 43.5416715)",,,auto
230,164,80717383,,422,1,2,102,1,2,2,2451211001,524415092,thru,,,,NBT,"LINESTRING (-96.6988949 43.5307426, -96.6987609 43.5308487)",,,auto
231,165,524415092,,102,1,2,103,1,2,2,80717383,524414959,thru,,,,NBT,"LINESTRING (-96.6980012 43.5314408, -96.6978670 43.5315468)",,,auto
232,166,524415270,,105,1,2,104,1,2,2,80717794,80640294,thru,,,,WBT,"LINESTRING (-96.7119334 43.5152249, -96.7121232 43.5151842)",,,auto
233,167,80640294,,104,1,2,412,1,2,2,524415270,80640685,thru,,,,WBT,"LINESTRING (-96.7156846 43.5144262, -96.7158747 43.5143860)",,,auto
234,167,80640294,,408,1,3,412,1,3,3,80640295,80640685,thru,,,,WBT,"LINESTRING (-96.7156860 43.5144294, -96.7158747 43.5143860)",,,auto
235,168,80717794,,427,1,2,105,1,2,2,80641970,524415270,thru,,,,WBT,"LINESTRING (-96.7110934 43.5154034, -96.7112833 43.5153628)",,,auto
236,169,524415422,,406,1,2,106,1,2,2,80641941,524415430,thru,,,,EBT,"LINESTRING (-96.7121255 43.5149430, -96.7119358 43.5149841)",,,auto
237,170,524415430,,106,1,2,107,1,2,2,524415422,80717365,thru,,,,EBT,"LINESTRING (-96.7113136 43.5151192, -96.7111238 43.5151601)",,,auto
238,171,80717365,,107,1,2,421,1,2,2,524415430,80643353,thru,,,,EBT,"LINESTRING (-96.7072886 43.5168716, -96.7071576 43.5169795)",,,auto
239,171,80717365,,409,1,3,421,1,3,3,80641937,80643353,thru,,,,EBT,"LINESTRING (-96.7072836 43.5168684, -96.7071576 43.5169795)",,,auto
240,172,524415509,,403,1,2,108,1,2,2,80641914,524415511,thru,,,,EBT,"LINESTRING (-96.7316742 43.5098226, -96.7314984 43.5098889)",,,auto
241,173,524415511,,108,1,2,109,1,2,2,524415509,80641931,thru,,,,EBT,"LINESTRING (-96.7308826 43.5101164, -96.7307067 43.5101825)",,,auto
242,174,80641931,,109,1,2,411,1,2,2,524415511,80641941,thru,,,,EBT,"LINESTRING (-96.7276483 43.5113386, -96.7274709 43.5114025)",,,auto
243,174,80641931,,486,1,3,411,1,3,3,2451180671,80641941,thru,,,,EBT,"LINESTRING (-96.7276458 43.5113353, -96.7274709 43.5114025)",,,auto
244,175,524415633,,111,1,2,110,1,2,2,524415278,80640703,thru,,,,WBT,"LINESTRING (-96.7315077 43.5101412, -96.7316834 43.5100749)",,,auto
245,176,80640703,,110,1,2,404,1,2,2,524415633,80643982,thru,,,,WBT,"LINESTRING (-96.7347167 43.5089376, -96.7348930 43.5088722)",,,auto
246,176,80640703,,485,1,3,404,1,3,3,80640690,80643982,thru,,,,WBT,"LINESTRING (-96.7347193 43.5089411, -96.7348930 43.5088722)",,,auto
247,177,524415278,,410,1,2,111,1,2,2,80640685,524415633,thru,,,,WBT,"LINESTRING (-96.7307273 43.5104352, -96.7309028 43.5103686)",,,auto
248,179,2986769590,,112,4,4,113,4,4,1,2458750857,2458750811,thru,,,,EBT,"LINESTRING (-96.6942400 43.5466688, -96.6941156 43.5467066)",,,auto
249,179,2986769590,,112,1,3,454,1,3,3,2458750857,2458750854,uturn,,,,EBU,"LINESTRING (-96.6942400 43.5466688, -96.6942362 43.5467227)",,,auto
250,179,2986769590,,453,4,4,113,4,4,1,2458750841,2458750811,right,,,,WBR,"LINESTRING (-96.6941166 43.5466763, -96.6941156 43.5467066)",,,auto
251,179,2986769590,,453,1,3,454,1,3,3,2458750841,2458750854,thru,,,,WBT,"LINESTRING (-96.6941166 43.5466763, -96.6942362 43.5467227)",,,auto
252,180,80643501,,114,1,4,115,1,4,4,2458750811,80643493,thru,,,,NBT,"LINESTRING (-96.6936786 43.5470384, -96.6936530 43.5471806)",,,auto
253,180,80643501,,456,1,4,115,1,4,4,2458750846,80643493,thru,,,,WBT,"LINESTRING (-96.6936347 43.5470383, -96.6936530 43.5471806)",,,auto
254,181,80643493,,115,1,3,443,1,3,3,80643501,80717466,thru,,,,NBT,"LINESTRING (-96.6937860 43.5506259, -96.6937761 43.5507697)",,,auto
255,181,80643493,,447,1,2,443,1,2,2,2456582580,80717466,thru,,,,NBT,"LINESTRING (-96.6937934 43.5506262, -96.6937761 43.5507697)",,,auto
256,183,2458750841,,117,1,3,118,1,3,3,2986769591,80641744,thru,,,,WBT,"LINESTRING (-96.6940554 43.5466765, -96.6941708 43.5466223)",,,auto
257,183,2458750841,,117,4,4,453,4,4,1,2986769591,2986769590,right,,,,WBR,"LINESTRING (-96.6940554 43.5466765, -96.6941166 43.5466763)",,,auto
258,183,2458750841,,452,1,3,118,1,3,3,524418097,80641744,left,,,,WBL,"LINESTRING (-96.6940009 43.5466245, -96.6941708 43.5466223)",,,auto
259,183,2458750841,,452,4,4,453,4,4,1,524418097,2986769590,thru,,,,WBT,"LINESTRING (-96.6940009 43.5466245, -96.6941166 43.5466763)",,,auto
260,184,80641744,,118,1,4,446,1,4,4,2458750841,80641749,thru,,,,SBT,"LINESTRING (-96.6945054 43.5462611, -96.6945121 43.5461178)",,,auto
261,184,80641744,,445,1,4,446,1,4,4,2458750856,80641749,thru,,,,SBT,"LINESTRING (-96.6945293 43.5462613, -96.6945121 43.5461178)",,,auto
262,185,80717653,,429,1,3,119,1,3,3,2456530652,80717659,right,,,,EBR,"LINESTRING (-96.6936371 43.5639506, -96.6936148 43.5638085)",,,auto
263,185,80717653,,436,1,2,119,1,2,2,80641583,80717659,thru,,,,SBT,"LINESTRING (-96.6936134 43.5639525, -96.6936148 43.5638085)",,,auto
264,186,80717659,,119,1,3,122,1,3,3,80717653,80641722,thru,,,,SBT,"LINESTRING (-96.6936182 43.5631463, -96.6936190 43.5630023)",,,auto
265,187,524419525,,121,1,3,120,1,3,3,80717466,80641897,thru,,,,NBT,"LINESTRING (-96.6932566 43.5639694, -96.6932580 43.5641134)",,,auto
266,188,80717466,,443,1,3,121,1,3,3,80643493,524419525,thru,,,,NBT,"LINESTRING (-96.6932588 43.5631302, -96.6932583 43.5632742)",,,auto
267,189,524420939,,434,2,3,123,1,2,2,80641333,524420941,thru,,,,SBT,"LINESTRING (-96.6936081 43.5704831, -96.6936082 43.5703391)",,,auto
268,190,524420941,,123,1,2,124,1,2,2,524420939,80641583,thru,,,,SBT,"LINESTRING (-96.6936151 43.5691709, -96.6936160 43.5690269)",,,auto
269,191,524421052,,435,2,3,125,1,2,2,80641856,524421061,thru,,,,NBT,"LINESTRING (-96.6932566 43.5689738, -96.6932553 43.5691178)",,,auto
270,192,524421061,,125,1,2,126,1,2,2,524421052,80641222,thru,,,,NBT,"LINESTRING (-96.6932483 43.5702784, -96.6932480 43.5704224)",,,auto
271,193,524421817,,128,1,3,127,1,3,3,524421847,80646164,thru,,,,WBT,"LINESTRING (-96.6910881 43.6067867, -96.6912846 43.6067678)",,,auto
272,194,524421847,,388,1,3,128,1,3,3,80641567,524421817,thru,,,,WBT,"LINESTRING (-96.6902152 43.6068619, -96.6904121 43.6068454)",,,auto
273,195,524421881,,129,1,2,130,1,2,2,524421793,2450224399,thru,,,,EBT,"LINESTRING (-96.6904235 43.6065943, -96.6902267 43.6066117)",,,auto
274,196,603129631,,134,1,3,131,1,3,3,603129628,80645238,thru,,,,NBT,"LINESTRING (-96.7709010 43.5877182, -96.7709041 43.5878622)",,,auto
275,197,80645238,,131,1,3,331,1,3,3,603129631,80640974,thru,,,,NBT,"LINESTRING (-96.7709829 43.5913293, -96.7709847 43.5914733)",,,auto
276,197,80645238,,339,1,4,331,1,4,4,80645234,80640974,thru,,,,NBT,"LINESTRING (-96.7709722 43.5913297, -96.7709847 43.5914733)",,,auto
277,198,80644081,,338,1,1,132,4,4,1,80644074,2447759605,thru,,,,SBT,"LINESTRING (-96.7711933 43.5832810, -96.7711682 43.5831390)",,,auto
278,198,80644081,,510,1,3,132,1,3,3,603129629,2447759605,thru,,,,SBT,"LINESTRING (-96.7711715 43.5832830, -96.7711682 43.5831390)",,,auto
279,199,603129632,,330,1,3,133,1,3,3,80644038,603129629,thru,,,,SBT,"LINESTRING (-96.7712881 43.5878529, -96.7712850 43.5877089)",,,auto
280,200,603129629,,133,1,3,510,1,3,3,603129632,80644081,thru,,,,SBT,"LINESTRING (-96.7712698 43.5871679, -96.7712654 43.5870239)",,,auto
281,201,603129628,,324,1,3,134,1,3,3,80644092,603129631,thru,,,,NBT,"LINESTRING (-96.7708836 43.5870283, -96.7708874 43.5871723)",,,auto
282,202,616070040,,140,1,3,135,1,3,3,616070037,80643757,thru,,,,EBT,"LINESTRING (-96.7698249 43.6126165, -96.7696871 43.6126160)",,,auto
283,203,2450085737,,136,2,3,369,1,2,2,80643757,504669387,thru,,,,EBT,"LINESTRING (-96.7672310 43.6126351, -96.7670328 43.6126366)",,,auto
284,204,616070038,,139,1,3,137,1,3,3,616070039,1360596399,thru,,,,WBT,"LINESTRING (-96.7708954 43.6128718, -96.7710242 43.6128719)",,,auto
285,205,2450085730,,138,2,3,367,1,2,2,1360596399,504669434,thru,,,,WBT,"LINESTRING (-96.7730174 43.6128592, -96.7732156 43.6128575)",,,auto
286,206,718857544,,149,1,2,141,1,2,2,718857610,399690032,thru,,,,WBT,"LINESTRING (-96.7327632 43.6081036, -96.7329549 43.6081401)",,,auto
287,207,718857558,,142,1,2,143,1,2,2,718857555,718857571,thru,,,,EBT,"LINESTRING (-96.7319306 43.6077093, -96.7317386 43.6076734)",,,auto
288,208,718857571,,143,1,2,144,1,2,2,718857558,718857576,thru,,,,EBT,"LINESTRING (-96.7286969 43.6071247, -96.7285037 43.6070926)",,,auto
289,209,718857576,,144,1,2,145,1,2,2,718857571,80644773,thru,,,,EBT,"LINESTRING (-96.7279958 43.6070093, -96.7278023 43.6069778)",,,auto
290,210,718857606,,147,1,2,148,1,2,2,718857592,718857610,thru,,,,WBT,"LINESTRING (-96.7285141 43.6073306, -96.7287071 43.6073634)",,,auto
291,211,718857610,,148,1,2,149,1,2,2,718857606,718857544,thru,,,,WBT,"LINESTRING (-96.7318866 43.6079386, -96.7320786 43.6079744)",,,auto
292,212,80658561,,150,1,2,151,1,2,2,718859418,1360596151,thru,,,,WBT,"LINESTRING (-96.7529565 43.6118917, -96.7531483 43.6119282)",,,auto
293,213,718859554,,163,1,2,153,1,2,2,504669387,718859562,thru,,,,EBT,"LINESTRING (-96.7529049 43.6116436, -96.7527129 43.6116075)",,,auto
294,214,718859562,,153,1,2,154,1,2,2,718859554,80659525,thru,,,,EBT,"LINESTRING (-96.7518388 43.6114441, -96.7516468 43.6114081)",,,auto
295,215,80673071,,241,1,3,155,1,3,3,80641631,1010794959,thru,,,,NBT,"LINESTRING (-96.7802700 43.5301448, -96.7802677 43.5302888)",,,auto
296,215,80673071,,245,1,4,155,1,4,4,80641622,1010794959,thru,,,,NBT,"LINESTRING (-96.7802633 43.5301449, -96.7802677 43.5302888)",,,auto
297,216,1010794959,,155,2,4,159,1,3,3,80673071,80639233,thru,,,,NBT,"LINESTRING (-96.7802592 43.5310829, -96.7802582 43.5312269)",,,auto
298,217,80673716,,156,2,4,157,1,3,3,80673714,80644622,thru,,,,SBT,"LINESTRING (-96.7806642 43.5304630, -96.7806646 43.5303190)",,,auto
299,218,80644622,,157,1,2,158,1,2,2,80673716,80644648,thru,,,,SBT,"LINESTRING (-96.7806643 43.5303698, -96.7806628 43.5302258)",,,auto
300,218,80644622,,157,3,3,249,4,4,1,80673716,2446597481,thru,,,,SBT,"LINESTRING (-96.7806643 43.5303698, -96.7806707 43.5302259)",,,auto
301,219,80644648,,158,1,3,239,1,3,3,80644622,80644412,thru,,,,SBT,"LINESTRING (-96.7806164 43.5229688, -96.7806153 43.5228248)",,,auto
302,219,80644648,,248,1,1,239,4,4,1,80644628,80644412,thru,,,,SBT,"LINESTRING (-96.7806359 43.5229673, -96.7806153 43.5228248)",,,auto
303,220,1860609919,,161,1,3,193,1,3,3,1028818621,1860609890,thru,,,,NBT,"LINESTRING (-96.7802096 43.5474497, -96.7802168 43.5475937)",,,auto
304,221,1028817639,,200,1,3,162,1,3,3,1860609888,80673704,thru,,,,SBT,"LINESTRING (-96.7804631 43.5445474, -96.7804607 43.5444034)",,,auto
305,222,80640879,,267,4,4,164,1,1,1,2447768017,1331643689,thru,,,,NBT,"LINESTRING (-96.7731339 43.5711565, -96.7730399 43.5712834)",,,auto
306,222,80640879,,267,1,3,264,1,3,3,2447768017,80640881,thru,,,,NBT,"LINESTRING (-96.7731339 43.5711565, -96.7730514 43.5712873)",,,auto
307,224,80640128,,166,1,3,348,1,3,3,80641409,80644038,thru,,,,SBT,"LINESTRING (-96.7714616 43.5948361, -96.7714657 43.5946921)",,,auto
308,224,80640128,,351,1,4,348,1,4,4,2449984618,80644038,thru,,,,SBT,"LINESTRING (-96.7714690 43.5948361, -96.7714657 43.5946921)",,,auto
309,225,80640767,,234,1,3,167,1,3,3,80640782,80641631,thru,,,,NBT,"LINESTRING (-96.7802522 43.5182171, -96.7802496 43.5183611)",,,auto
310,225,80640767,,256,1,4,167,1,4,4,2446667051,80641631,thru,,,,NBT,"LINESTRING (-96.7802429 43.5182172, -96.7802496 43.5183611)",,,auto
311,226,1375318248,,473,2,2,168,1,1,1,80647432,1375318270,thru,,,,NBT,"LINESTRING (-96.6516397 43.5234045, -96.6516410 43.5235485)",,,auto
312,227,1375318270,,168,1,1,467,1,1,1,1375318248,2458844328_80647438,thru,,,,NBT,"LINESTRING (-96.6517652 43.5266817, -96.6517720 43.5268257)",,,auto
313,228,80641239,,289,2,2,170,4,4,1,2447946645,2447946721,thru,,,,SBT,"LINESTRING (-96.7810080 43.5451554, -96.7810493 43.5450145)",,,auto
314,228,80641239,,289,1,1,282,1,1,1,2447946645,2447946747,thru,,,,SBT,"LINESTRING (-96.7810080 43.5451554, -96.7810333 43.5450130)",,,auto
315,230,1538309190,,290,1,2,171,1,2,2,2447946686,1538309191,thru,,,,NBT,"LINESTRING (-96.7796715 43.5430136, -96.7796709 43.5431574)",,,auto
316,230,1538309190,,290,3,3,287,4,4,1,2447946686,80639225,thru,,,,NBT,"LINESTRING (-96.7796715 43.5430136, -96.7796540 43.5431570)",,,auto
317,231,1538309191,,171,1,2,172,1,2,2,1538309190,2447946666,thru,,,,NBT,"LINESTRING (-96.7798716 43.5436316, -96.7800073 43.5437363)",,,auto
318,232,2447946666,,172,2,2,173,2,2,1,1538309191,2447946703,thru,,,,WBT,"LINESTRING (-96.7801754 43.5438347, -96.7803552 43.5438950)",,,auto
319,232,2447946666,,172,1,1,293,1,1,1,1538309191,80645562,left,,,,WBL,"LINESTRING (-96.7801754 43.5438347, -96.7803579 43.5438407)",,,auto
320,232,2447946666,,292,2,2,173,2,2,1,2447946731,2447946703,right,,,,WBR,"LINESTRING (-96.7801777 43.5438997, -96.7803552 43.5438950)",,,auto
321,232,2447946666,,292,1,1,293,1,1,1,2447946731,80645562,thru,,,,WBT,"LINESTRING (-96.7801777 43.5438997, -96.7803579 43.5438407)",,,auto
322,233,2447946703,,173,1,1,174,1,1,1,2447946666,2447946702,thru,,,,WBT,"LINESTRING (-96.7803370 43.5438891, -96.7805187 43.5439462)",,,auto
323,233,2447946703,,173,2,2,280,2,2,1,2447946666,2447946751,right,,,,WBR,"LINESTRING (-96.7803370 43.5438891, -96.7803356 43.5439457)",,,auto
324,233,2447946703,,279,1,1,174,1,1,1,1395273514,2447946702,uturn,,,,EBU,"LINESTRING (-96.7805199 43.5438932, -96.7805187 43.5439462)",,,auto
325,233,2447946703,,279,2,2,280,2,2,1,1395273514,2447946751,thru,,,,EBT,"LINESTRING (-96.7805199 43.5438932, -96.7803356 43.5439457)",,,auto
326,235,2451174075,,402,1,2,175,1,2,2,5488961705,80640690,thru,,,,WBT,"LINESTRING (-96.7311011 43.5110774, -96.7312440 43.5110607)",,,auto
327,236,80640690,,175,1,4,485,1,4,4,2451174075,80640703,thru,,,,WBT,"LINESTRING (-96.7311941 43.5110666, -96.7313855 43.5110319)",,,auto
328,237,5488961701,,176,1,2,177,1,2,2,80641916,2451180671,thru,,,,EBT,"LINESTRING (-96.7314916 43.5091514, -96.7312966 43.5091764)",,,auto
329,238,2451180671,,177,1,2,486,1,2,2,5488961701,80641931,thru,,,,EBT,"LINESTRING (-96.7312309 43.5091850, -96.7310374 43.5092140)",,,auto
330,239,80673665,,269,4,4,178,4,4,1,80645973,1751873241,thru,,,,SBT,"LINESTRING (-96.7787661 43.5652055, -96.7787905 43.5650625)",,,auto
331,239,80673665,,269,1,3,299,1,3,3,80645973,399713188,thru,,,,SBT,"LINESTRING (-96.7787661 43.5652055, -96.7787830 43.5650619)",,,auto
332,240,1751873241,,178,3,4,310,1,2,2,80673665,2448820449,thru,,,,SBT,"LINESTRING (-96.7794567 43.5617948, -96.7794858 43.5616523)",,,auto
333,241,2450078329,,363,1,4,179,1,4,4,2450078273,1751873976,uturn,,,,EBU,"LINESTRING (-96.7910678 43.6085182, -96.7910691 43.6085553)",,,auto
334,242,1751873976,,179,1,4,365,1,4,4,2450078329,1751874026,right,,,,WBR,"LINESTRING (-96.7913665 43.6085646, -96.7915647 43.6085630)",,,auto
335,242,1751873976,,362,1,4,365,1,4,4,2450078306,1751874026,right,,,,SBR,"LINESTRING (-96.7913686 43.6085784, -96.7915647 43.6085630)",,,auto
336,243,1751873979,,187,2,2,180,4,4,1,1860609948,8455384145,thru,,,,EBT,"LINESTRING (-96.8002194 43.6089605, -96.8000233 43.6089814)",,,auto
337,243,1751873979,,187,1,1,188,1,1,1,1860609948,1751874026,thru,,,,EBT,"LINESTRING (-96.8002194 43.6089605, -96.8000238 43.6089843)",,,auto
338,244,8455384145,,180,4,4,181,4,4,1,1751873979,2450078285,thru,,,,EBT,"LINESTRING (-96.7939947 43.6086583, -96.7938069 43.6086121)",,,auto
339,244,8455384145,,180,1,3,578,1,3,3,1751873979,2450078273,thru,,,,EBT,"LINESTRING (-96.7939947 43.6086583, -96.7938046 43.6086177)",,,auto
340,247,1751874015,,182,1,2,361,1,2,2,2450013706,1860609879,thru,,,,WBT,"LINESTRING (-96.7993021 43.6093078, -96.7994966 43.6092803)",,,auto
341,247,1751874015,,360,1,2,361,1,2,2,1751874027,1860609879,thru,,,,WBT,"LINESTRING (-96.7993014 43.6093055, -96.7994966 43.6092803)",,,auto
342,249,2460070681,,183,1,1,184,1,1,1,2450273327,5040596769,thru,,,,WBT,"LINESTRING (-96.6429285 43.6101524, -96.6431220 43.6101210)",,,auto
343,249,2460070681,,183,2,2,554,4,4,1,2450273327,8416431380,thru,,,,WBT,"LINESTRING (-96.6429285 43.6101524, -96.6431231 43.6101252)",,,auto
344,250,5040596769,,184,1,2,497,1,2,2,2460070681,80658698,thru,,,,WBT,"LINESTRING (-96.6513709 43.6087938, -96.6515645 43.6087624)",,,auto
345,251,1860609882,,185,1,4,192,1,4,4,1860609878,2447946645,thru,,,,SBT,"LINESTRING (-96.7807443 43.5475588, -96.7807516 43.5474148)",,,auto
346,252,1860609883,,194,1,2,186,1,2,2,1860609879,2469718211,thru,,,,WBT,"LINESTRING (-96.8056935 43.6088098, -96.8058917 43.6088065)",,,auto
347,253,2469718211,,186,1,2,483,1,2,2,1860609883,1860609917,thru,,,,WBT,"LINESTRING (-96.8063014 43.6088032, -96.8064996 43.6088016)",,,auto
348,254,1860609948,,198,1,2,187,1,2,2,1860609901,1751873979,thru,,,,EBT,"LINESTRING (-96.8054651 43.6085834, -96.8052670 43.6085889)",,,auto
349,255,1751874026,,188,1,2,364,1,2,2,1751873979,1360596320,thru,,,,EBT,"LINESTRING (-96.7914092 43.6105073, -96.7912177 43.6105448)",,,auto
350,255,1751874026,,365,1,3,364,1,3,3,1751873976,1360596320,right,,,,NBR,"LINESTRING (-96.7914079 43.6105042, -96.7912177 43.6105448)",,,auto
351,256,1860609939,,201,1,4,189,1,4,4,1860609959,2447974930,thru,,,,NBT,"LINESTRING (-96.7800865 43.5477539, -96.7800992 43.5478977)",,,auto
352,257,2447974930,,189,1,4,298,1,4,4,1860609939,1751873205,thru,,,,NBT,"LINESTRING (-96.7802540 43.5494632, -96.7802625 43.5496070)",,,auto
353,257,2447974930,,196,1,3,298,1,3,3,1860609890,1751873205,thru,,,,NBT,"LINESTRING (-96.7802637 43.5494630, -96.7802625 43.5496070)",,,auto
354,258,1860609951,,297,1,3,190,1,3,3,80641241,1860609888,thru,,,,SBT,"LINESTRING (-96.7806132 43.5478794, -96.7806048 43.5477355)",,,auto
355,259,1860609888,,190,1,3,200,1,3,3,1860609951,1028817639,thru,,,,SBT,"LINESTRING (-96.7805976 43.5475797, -96.7805907 43.5474357)",,,auto
356,260,1860609917,,483,1,2,191,1,2,2,2469718211,1860609957,thru,,,,WBT,"LINESTRING (-96.8269065 43.6087375, -96.8271047 43.6087365)",,,auto
357,261,1860609957,,191,1,2,202,1,2,2,1860609917,80658474,thru,,,,WBT,"LINESTRING (-96.8274397 43.6087339, -96.8276379 43.6087331)",,,auto
358,262,2447946645,,192,3,4,289,1,2,2,1860609882,80641239,thru,,,,SBT,"LINESTRING (-96.7808034 43.5463418, -96.7808124 43.5461979)",,,auto
359,263,1860609890,,193,1,3,196,1,3,3,1860609919,2447974930,thru,,,,NBT,"LINESTRING (-96.7802244 43.5477606, -96.7802314 43.5479046)",,,auto
360,264,1860609879,,361,1,2,194,1,2,2,1751874015,1860609883,thru,,,,WBT,"LINESTRING (-96.8050640 43.6088262, -96.8052621 43.6088206)",,,auto
361,265,1860609887,,197,1,2,195,1,2,2,80659432,1860609884,thru,,,,EBT,"LINESTRING (-96.8276331 43.6085182, -96.8274349 43.6085191)",,,auto
362,266,1860609884,,195,1,2,199,1,2,2,1860609887,2469718217,thru,,,,EBT,"LINESTRING (-96.8271047 43.6085221, -96.8269065 43.6085232)",,,auto
363,268,1860609901,,484,1,2,198,1,2,2,2469718217,1860609948,thru,,,,EBT,"LINESTRING (-96.8060839 43.6085718, -96.8058857 43.6085749)",,,auto
364,269,2469718217,,199,1,2,484,1,2,2,1860609884,1860609901,thru,,,,EBT,"LINESTRING (-96.8065478 43.6085667, -96.8063496 43.6085689)",,,auto
365,270,1860609959,,294,1,4,201,1,4,4,2447946672,1860609939,thru,,,,NBT,"LINESTRING (-96.7800593 43.5474507, -96.7800725 43.5475945)",,,auto
366,272,1751873249,,316,3,3,203,4,4,1,2448820467,2448820497,thru,,,,NBT,"LINESTRING (-96.7790838 43.5581304, -96.7790431 43.5582713)",,,auto
367,272,1751873249,,316,1,2,317,1,2,2,2448820467,1751873240,thru,,,,NBT,"LINESTRING (-96.7790838 43.5581304, -96.7790605 43.5582733)",,,auto
368,274,1751873205,,298,4,4,204,4,4,1,2447974930,2447974879,thru,,,,NBT,"LINESTRING (-96.7800638 43.5538224, -96.7800427 43.5539655)",,,auto
369,274,1751873205,,298,1,3,300,1,3,3,2447974930,80673086,thru,,,,NBT,"LINESTRING (-96.7800638 43.5538224, -96.7800509 43.5539662)",,,auto
370,275,2447974879,,204,3,4,296,1,2,2,1751873205,2448820467,thru,,,,NBT,"LINESTRING (-96.7795910 43.5560192, -96.7795582 43.5561613)",,,auto
371,276,1751873228,,321,3,3,205,4,4,1,2448820449,2448820452,thru,,,,SBT,"LINESTRING (-96.7799074 43.5595639, -96.7799403 43.5594218)",,,auto
372,276,1751873228,,321,1,2,311,1,2,2,2448820449,2448820515,thru,,,,SBT,"LINESTRING (-96.7799074 43.5595639, -96.7799153 43.5594207)",,,auto
373,279,80240546,,206,1,3,230,1,3,3,1351593876,481801166,thru,,,,NBT,"LINESTRING (-96.7634149 43.4977432, -96.7632423 43.4978137)",,,auto
374,279,80240546,,229,1,3,230,1,3,3,8455317758,481801166,thru,,,,EBT,"LINESTRING (-96.7634174 43.4977464, -96.7632423 43.4978137)",,,auto
375,280,80240513,,223,2,2,207,4,4,1,2445411741,1924976143,thru,,,,EBT,"LINESTRING (-96.7691358 43.4929845, -96.7689454 43.4930231)",,,auto
376,280,80240513,,223,1,1,224,1,1,1,2445411741,80240515_1924976148,thru,,,,EBT,"LINESTRING (-96.7691358 43.4929845, -96.7689498 43.4930334)",,,auto
377,282,1375318309,,209,1,1,466,1,1,1,7843424214,2458809084,thru,,,,SBT,"LINESTRING (-96.6522247 43.5432493, -96.6522344 43.5431057)",,,auto
378,282,1375318309,,465,2,2,208,2,2,1,2458809382,7843424214,thru,,,,NBT,"LINESTRING (-96.6522110 43.5431059, -96.6522247 43.5432493)",,,auto
379,282,1375318309,,465,1,1,466,1,1,1,2458809382,2458809084,uturn,,,,NBU,"LINESTRING (-96.6522110 43.5431059, -96.6522344 43.5431057)",,,auto
380,283,7843424214,,208,1,2,210,1,2,2,1375318309,1375318311,thru,,,,NBT,"LINESTRING (-96.6522291 43.5436696, -96.6522304 43.5438136)",,,auto
381,283,7843424214,,211,1,2,209,1,2,2,1375318311,1375318309,thru,,,,SBT,"LINESTRING (-96.6522304 43.5438136, -96.6522291 43.5436696)",,,auto
382,284,1375318311,,210,1,1,212,1,1,1,7843424214,7843424217,thru,,,,NBT,"LINESTRING (-96.6522307 43.5438602, -96.6522326 43.5440042)",,,auto
383,284,1375318311,,213,1,1,211,1,1,1,7843424217,7843424214,thru,,,,SBT,"LINESTRING (-96.6522326 43.5440042, -96.6522307 43.5438602)",,,auto
384,285,7843424217,,212,1,1,214,1,1,1,1375318311,2458809416,thru,,,,NBT,"LINESTRING (-96.6522333 43.5440472, -96.6522363 43.5441912)",,,auto
385,285,7843424217,,215,1,1,213,1,1,1,2458809416,1375318311,thru,,,,SBT,"LINESTRING (-96.6522363 43.5441912, -96.6522333 43.5440472)",,,auto
386,286,2458809416,,214,1,1,476,1,1,1,7843424217,2458809485,thru,,,,NBT,"LINESTRING (-96.6522713 43.5470352, -96.6522672 43.5471792)",,,auto
387,286,2458809416,,477,1,1,215,1,1,1,2458809485,7843424217,thru,,,,SBT,"LINESTRING (-96.6522672 43.5471792, -96.6522713 43.5470352)",,,auto
388,288,8454812885,,216,1,1,217,1,1,1,80288484,495864183,thru,,,,NBT,"LINESTRING (-96.7957963 43.4839303, -96.7957475 43.4840699)",,,auto
389,288,8454812885,,216,2,2,576,1,1,1,80288484,80216348,thru,,,,NBT,"LINESTRING (-96.7957963 43.4839303, -96.7957390 43.4840680)",,,auto
390,291,2445411831,,220,1,4,232,1,4,4,8455317723_80227378_8455317724,80227395,thru,,,,WBT,"LINESTRING (-96.7709238 43.4963570, -96.7710950 43.4962848)",,,auto
391,291,2445411831,,231,1,4,232,1,4,4,2445411813,80227395,thru,,,,SBT,"LINESTRING (-96.7709279 43.4963618, -96.7710950 43.4962848)",,,auto
392,292,80227395,,221,1,2,222,1,2,2,80227342,80294795,thru,,,,WBT,"LINESTRING (-96.7782812 43.4938084, -96.7784753 43.4937801)",,,auto
393,292,80227395,,232,1,2,222,1,2,2,2445411831,80294795,thru,,,,WBT,"LINESTRING (-96.7782845 43.4938173, -96.7784753 43.4937801)",,,auto
394,296,8455317758,,228,1,3,229,1,3,3,80279234,80240546,thru,,,,EBT,"LINESTRING (-96.7688664 43.4956756, -96.7686902 43.4957412)",,,auto
395,296,8455317758,,577,1,1,229,3,3,1,8455317730,80240546,right,,,,NBR,"LINESTRING (-96.7688641 43.4956725, -96.7686902 43.4957412)",,,auto
396,298,2445461725,,243,2,4,235,1,3,3,2445461650,2445461637,thru,,,,SBT,"LINESTRING (-96.7823163 43.5093997, -96.7823974 43.5092683)",,,auto
397,299,2445461637,,235,2,3,242,1,2,2,2445461725,495864158,thru,,,,SBT,"LINESTRING (-96.7872574 43.5017558, -96.7873423 43.5016257)",,,auto
398,300,2445461632,,244,4,4,236,2,2,1,2445461661,2445461695,thru,,,,SBT,"LINESTRING (-96.7814220 43.5153488, -96.7814353 43.5152055)",,,auto
399,300,2445461632,,244,1,2,238,1,2,2,2445461661,80644432,thru,,,,SBT,"LINESTRING (-96.7814220 43.5153488, -96.7814143 43.5152049)",,,auto
400,301,2445461695,,236,1,2,237,1,2,2,2445461632,2445461814,right,,,,SBR,"LINESTRING (-96.7815015 43.5150337, -96.7816349 43.5149301)",,,auto
401,303,80644432,,238,1,2,240,1,2,2,2445461632,2445461650,thru,,,,SBT,"LINESTRING (-96.7813843 43.5148962, -96.7813670 43.5147527)",,,auto
402,304,80641622,,247,1,2,245,1,2,2,5488961688,80673071,thru,,,,NBT,"LINESTRING (-96.7789800 43.5267770, -96.7789326 43.5269162)",,,auto
403,305,5488961688,,246,1,2,247,1,2,2,2446584775,80641622,thru,,,,NBT,"LINESTRING (-96.7790279 43.5266814, -96.7789609 43.5268169)",,,auto
404,306,80644628,,251,3,3,248,1,1,1,2446597661,80644648,thru,,,,SBT,"LINESTRING (-96.7819445 43.5274847, -96.7819797 43.5273430)",,,auto
405,307,2446597481,,249,2,4,250,1,3,3,80644622,2446597661,thru,,,,SBT,"LINESTRING (-96.7813556 43.5284584, -96.7814452 43.5283300)",,,auto
406,308,2446597661,,250,1,3,251,1,3,3,2446597481,80644628,thru,,,,SBT,"LINESTRING (-96.7818499 43.5277179, -96.7819157 43.5275821)",,,auto
407,309,80640777,,252,1,4,255,1,4,4,80640779,2446667051,thru,,,,NBT,"LINESTRING (-96.7794530 43.5147545, -96.7794478 43.5148985)",,,auto
408,310,2446667081,,253,1,4,254,1,4,4,80640779,2446667051,left,,,,EBL,"LINESTRING (-96.7788031 43.5148101, -96.7788026 43.5148476)",,,auto
409,311,2446667051,,254,1,4,256,1,4,4,2446667081,80640767,right,,,,WBR,"LINESTRING (-96.7794480 43.5151321, -96.7795177 43.5152665)",,,auto
410,311,2446667051,,255,1,4,256,1,4,4,80640777,80640767,thru,,,,NBT,"LINESTRING (-96.7794704 43.5151268, -96.7795177 43.5152665)",,,auto
411,313,80641795,,257,1,1,263,3,3,1,1028817828,80640916,right,,,,WBR,"LINESTRING (-96.7750917 43.5723063, -96.7750087 43.5724353)",,,auto
412,313,80641795,,262,1,3,263,1,3,3,80640861,80640916,thru,,,,NBT,"LINESTRING (-96.7751175 43.5723149, -96.7750087 43.5724353)",,,auto
413,315,80641531,,260,1,4,261,1,4,4,1331643630,80673657,right,,,,EBR,"LINESTRING (-96.7750695 43.5728973, -96.7751672 43.5727723)",,,auto
414,315,80641531,,325,1,3,261,1,3,3,2447759605,80673657,thru,,,,SBT,"LINESTRING (-96.7750573 43.5728922, -96.7751672 43.5727723)",,,auto
415,316,80673657,,261,2,4,266,1,3,3,80641531,80645973,thru,,,,SBT,"LINESTRING (-96.7773287 43.5702832, -96.7774126 43.5701528)",,,auto
416,317,80640881,,264,1,3,265,1,3,3,80640879,1331643595,thru,,,,NBT,"LINESTRING (-96.7727101 43.5719157, -96.7726351 43.5720490)",,,auto
417,319,2447768017,,511,1,2,267,1,2,2,80640872,80640879,thru,,,,EBT,"LINESTRING (-96.7732187 43.5710547, -96.7731180 43.5711786)",,,auto
418,320,2447834870,,274,1,2,270,1,2,2,80641991,6317011409,thru,,,,SBT,"LINESTRING (-96.7771724 43.5737753, -96.7771777 43.5736314)",,,auto
419,320,2447834870,,274,3,3,272,1,1,1,80641991,2447834812,thru,,,,SBT,"LINESTRING (-96.7771724 43.5737753, -96.7771872 43.5736317)",,,auto
420,321,6317011409,,270,1,2,271,1,2,2,2447834870,1331643576,thru,,,,SBT,"LINESTRING (-96.7771786 43.5731205, -96.7771802 43.5729765)",,,auto
421,324,80641991,,273,1,2,274,1,2,2,80641988,2447834870,thru,,,,SBT,"LINESTRING (-96.7770172 43.5741728, -96.7770987 43.5740418)",,,auto
422,325,80645562,,288,1,2,275,1,2,2,2447946677,2447946669,right,,,,EBR,"LINESTRING (-96.7808335 43.5433768, -96.7808284 43.5432328)",,,auto
423,325,80645562,,293,1,2,275,1,2,2,2447946666,2447946669,thru,,,,SBT,"LINESTRING (-96.7808168 43.5433762, -96.7808284 43.5432328)",,,auto
424,326,2447946669,,275,2,2,286,1,1,1,80645562,80645554,thru,,,,SBT,"LINESTRING (-96.7807933 43.5417249, -96.7807898 43.5415809)",,,auto
425,328,1538309201,,276,1,2,278,1,2,2,2447946687,2447946672,thru,,,,NBT,"LINESTRING (-96.7795176 43.5448518, -96.7795652 43.5449915)",,,auto
426,328,1538309201,,281,1,2,278,1,2,2,2447946751,2447946672,thru,,,,NBT,"LINESTRING (-96.7795287 43.5448499, -96.7795652 43.5449915)",,,auto
427,329,2447946686,,277,1,2,290,1,2,2,1350913400,1538309190,thru,,,,NBT,"LINESTRING (-96.7797143 43.5425395, -96.7796979 43.5426830)",,,auto
428,330,2447946672,,278,1,2,294,1,2,2,1538309201,1860609959,thru,,,,NBT,"LINESTRING (-96.7798383 43.5459960, -96.7798719 43.5461379)",,,auto
429,332,2447946751,,280,1,1,281,1,1,1,2447946703,1538309201,thru,,,,EBT,"LINESTRING (-96.7803550 43.5439400, -96.7801775 43.5440030)",,,auto
430,332,2447946751,,280,2,2,284,2,2,1,2447946703,2447946731,right,,,,EBR,"LINESTRING (-96.7803550 43.5439400, -96.7801777 43.5439309)",,,auto
431,332,2447946751,,283,1,1,281,1,1,1,2447946747,1538309201,left,,,,EBL,"LINESTRING (-96.7803503 43.5440015, -96.7801775 43.5440030)",,,auto
432,332,2447946751,,283,2,2,284,2,2,1,2447946747,2447946731,thru,,,,EBT,"LINESTRING (-96.7803503 43.5440015, -96.7801777 43.5439309)",,,auto
433,333,2447946747,,282,1,2,283,1,2,2,80641239,2447946751,thru,,,,SBT,"LINESTRING (-96.7806796 43.5442224, -96.7805470 43.5441155)",,,auto
434,334,2447946731,,284,1,1,285,1,1,1,2447946751,2447946681,thru,,,,EBT,"LINESTRING (-96.7802249 43.5439509, -96.7800448 43.5438931)",,,auto
435,334,2447946731,,284,2,2,292,2,2,1,2447946751,2447946666,right,,,,EBR,"LINESTRING (-96.7802249 43.5439509, -96.7802265 43.5438805)",,,auto
436,334,2447946731,,291,1,1,285,1,1,1,2447946644,2447946681,uturn,,,,WBU,"LINESTRING (-96.7800490 43.5439442, -96.7800448 43.5438931)",,,auto
437,334,2447946731,,291,2,2,292,2,2,1,2447946644,2447946666,thru,,,,WBT,"LINESTRING (-96.7800490 43.5439442, -96.7802265 43.5438805)",,,auto
438,339,2448820467,,296,1,2,316,1,2,2,2447974879,1751873249,thru,,,,NBT,"LINESTRING (-96.7791903 43.5576938, -96.7791542 43.5578355)",,,auto
439,341,2448823671,,301,2,2,302,2,2,1,1751873204,2448823675,thru,,,,EBT,"LINESTRING (-96.7797456 43.5588447, -96.7795510 43.5588705)",,,auto
440,341,2448823671,,301,1,1,320,1,1,1,1751873204,2448823663,uturn,,,,EBU,"LINESTRING (-96.7797456 43.5588447, -96.7797355 43.5588860)",,,auto
441,341,2448823671,,319,2,2,302,2,2,1,2448823677,2448823675,right,,,,WBR,"LINESTRING (-96.7795613 43.5588177, -96.7795510 43.5588705)",,,auto
442,341,2448823671,,319,1,1,320,1,1,1,2448823677,2448823663,thru,,,,WBT,"LINESTRING (-96.7795613 43.5588177, -96.7797355 43.5588860)",,,auto
443,342,2448823675,,302,1,1,303,1,1,1,2448823671,1751873245,thru,,,,EBT,"LINESTRING (-96.7795961 43.5588624, -96.7794049 43.5589000)",,,auto
444,342,2448823675,,302,2,2,313,2,2,1,2448823671,2448823685,right,,,,EBR,"LINESTRING (-96.7795961 43.5588624, -96.7794615 43.5588596)",,,auto
445,342,2448823675,,312,1,1,303,1,1,1,2448820515,1751873245,left,,,,SBL,"LINESTRING (-96.7795808 43.5589212, -96.7794049 43.5589000)",,,auto
446,342,2448823675,,312,2,2,313,2,2,1,2448820515,2448823685,thru,,,,SBT,"LINESTRING (-96.7795808 43.5589212, -96.7794615 43.5588596)",,,auto
447,343,1751873245,,303,1,2,323,1,2,2,2448823675,2448820445,thru,,,,NBT,"LINESTRING (-96.7788309 43.5594702, -96.7788254 43.5596142)",,,auto
448,343,1751873245,,304,1,2,323,1,2,2,2448820517,2448820445,thru,,,,NBT,"LINESTRING (-96.7788284 43.5594702, -96.7788254 43.5596142)",,,auto
449,346,1751873221,,305,1,2,309,1,2,2,2448820499,2447974915,right,,,,EBR,"LINESTRING (-96.7801274 43.5584551, -96.7801483 43.5583119)",,,auto
450,346,1751873221,,308,1,2,309,1,2,2,2448823677,2447974915,thru,,,,WBT,"LINESTRING (-96.7800946 43.5584490, -96.7801483 43.5583119)",,,auto
451,348,2448823685,,306,2,2,307,2,2,1,2448820460,2448823677,thru,,,,WBT,"LINESTRING (-96.7793282 43.5588593, -96.7795178 43.5588182)",,,auto
452,348,2448823685,,306,1,1,314,1,1,1,2448820460,2448823657,uturn,,,,WBU,"LINESTRING (-96.7793282 43.5588593, -96.7793330 43.5588097)",,,auto
453,348,2448823685,,313,2,2,307,2,2,1,2448823675,2448823677,right,,,,EBR,"LINESTRING (-96.7794615 43.5588596, -96.7795178 43.5588182)",,,auto
454,348,2448823685,,313,1,1,314,1,1,1,2448823675,2448823657,thru,,,,EBT,"LINESTRING (-96.7794615 43.5588596, -96.7793330 43.5588097)",,,auto
455,349,2448823677,,307,1,1,308,1,1,1,2448823685,1751873221,thru,,,,WBT,"LINESTRING (-96.7794529 43.5588331, -96.7796360 43.5587791)",,,auto
456,349,2448823677,,307,2,2,319,2,2,1,2448823685,2448823671,right,,,,WBR,"LINESTRING (-96.7794529 43.5588331, -96.7796321 43.5588477)",,,auto
457,349,2448823677,,318,1,1,308,1,1,1,1751873240,1751873221,left,,,,WBL,"LINESTRING (-96.7794645 43.5587711, -96.7796360 43.5587791)",,,auto
458,349,2448823677,,318,2,2,319,2,2,1,1751873240,2448823671,thru,,,,WBT,"LINESTRING (-96.7794645 43.5587711, -96.7796321 43.5588477)",,,auto
459,350,2447974915,,309,2,2,322,1,1,1,1751873221,1751873252,thru,,,,SBT,"LINESTRING (-96.7804280 43.5565718, -96.7804492 43.5564286)",,,auto
460,351,2448820449,,310,1,2,321,1,2,2,1751873241,1751873228,thru,,,,SBT,"LINESTRING (-96.7798183 43.5600041, -96.7798471 43.5598615)",,,auto
461,352,2448820515,,311,1,2,312,1,2,2,1751873228,2448823675,thru,,,,SBT,"LINESTRING (-96.7798313 43.5591522, -96.7797243 43.5590313)",,,auto
462,354,2448820445,,323,1,2,315,1,2,2,1751873245,1751873217,thru,,,,NBT,"LINESTRING (-96.7786901 43.5611057, -96.7786770 43.5612495)",,,auto
463,355,1751873240,,317,1,2,318,1,2,2,1751873249,2448823677,thru,,,,NBT,"LINESTRING (-96.7791566 43.5585292, -96.7792720 43.5586460)",,,auto
464,358,80645234,,326,1,1,339,4,4,1,2449142266,80645238,thru,,,,NBT,"LINESTRING (-96.7704112 43.5881913, -96.7704376 43.5883341)",,,auto
465,358,80645234,,346,1,1,339,1,1,1,2449935736,80645238,thru,,,,NBT,"LINESTRING (-96.7704274 43.5881906, -96.7704376 43.5883341)",,,auto
466,360,7694590408,,327,1,1,328,1,1,1,2449142282,2449935703,thru,,,,WBT,"LINESTRING (-96.7708064 43.5874595, -96.7709907 43.5874074)",,,auto
467,360,7694590408,,327,1,1,343,1,1,1,2449142282,2449159150,uturn,,,,WBU,"LINESTRING (-96.7708064 43.5874595, -96.7708063 43.5874152)",,,auto
468,360,7694590408,,342,1,1,328,1,1,1,2449935736,2449935703,right,,,,EBR,"LINESTRING (-96.7709895 43.5874689, -96.7709907 43.5874074)",,,auto
469,360,7694590408,,342,1,1,343,1,1,1,2449935736,2449159150,thru,,,,EBT,"LINESTRING (-96.7709895 43.5874689, -96.7708063 43.5874152)",,,auto
470,361,2449935703,,328,1,1,329,1,1,1,7694590408,80644074,thru,,,,WBT,"LINESTRING (-96.7709909 43.5874073, -96.7711727 43.5873500)",,,auto
471,361,2449935703,,328,1,1,334,1,1,1,7694590408,7694590409,right,,,,WBR,"LINESTRING (-96.7709909 43.5874073, -96.7711733 43.5874039)",,,auto
472,361,2449935703,,333,1,1,329,1,1,1,2449159183,80644074,left,,,,WBL,"LINESTRING (-96.7709915 43.5873467, -96.7711727 43.5873500)",,,auto
473,361,2449935703,,333,1,1,334,1,1,1,2449159183,7694590409,thru,,,,WBT,"LINESTRING (-96.7709915 43.5873467, -96.7711733 43.5874039)",,,auto
474,362,2449159183,,332,1,1,333,1,1,1,80644096,2449935703,thru,,,,NBT,"LINESTRING (-96.7707097 43.5872252, -96.7708729 43.5873059)",,,auto
475,363,7694590409,,334,1,1,335,1,1,1,2449935703,2449159141,thru,,,,WBT,"LINESTRING (-96.7711789 43.5874056, -96.7713662 43.5874523)",,,auto
476,363,7694590409,,334,1,1,345,1,1,1,2449935703,2449935736,right,,,,WBR,"LINESTRING (-96.7711789 43.5874056, -96.7711812 43.5874624)",,,auto
477,363,7694590409,,344,1,1,335,1,1,1,2449142297,2449159141,uturn,,,,EBU,"LINESTRING (-96.7713644 43.5874077, -96.7713662 43.5874523)",,,auto
478,363,7694590409,,344,1,1,345,1,1,1,2449142297,2449935736,thru,,,,EBT,"LINESTRING (-96.7713644 43.5874077, -96.7711812 43.5874624)",,,auto
479,365,2449159182,,340,1,1,341,1,1,1,80644039,2449935736,thru,,,,SBT,"LINESTRING (-96.7714651 43.5876450, -96.7713013 43.5875642)",,,auto
480,366,2449935736,,341,1,1,342,1,1,1,2449159182,7694590408,thru,,,,EBT,"LINESTRING (-96.7711658 43.5875247, -96.7709843 43.5874671)",,,auto
481,366,2449935736,,341,1,1,346,1,1,1,2449159182,80645234,left,,,,EBL,"LINESTRING (-96.7711658 43.5875247, -96.7709842 43.5875304)",,,auto
482,366,2449935736,,345,1,1,342,1,1,1,7694590409,7694590408,right,,,,EBR,"LINESTRING (-96.7711632 43.5874684, -96.7709843 43.5874671)",,,auto
483,366,2449935736,,345,1,1,346,1,1,1,7694590409,80645234,thru,,,,EBT,"LINESTRING (-96.7711632 43.5874684, -96.7709842 43.5875304)",,,auto
484,369,2449984709,,350,1,2,347,1,2,2,1028817268,2449984618,uturn,,,,NBU,"LINESTRING (-96.7738421 43.6017985, -96.7739619 43.6017907)",,,auto
485,370,2449984618,,347,1,2,351,1,2,2,2449984709,80640128,thru,,,,SBT,"LINESTRING (-96.7735929 43.5999174, -96.7735167 43.5997843)",,,auto
486,371,1028817268,,349,1,2,350,1,2,2,80641433,2449984709,thru,,,,NBT,"LINESTRING (-96.7738092 43.6015600, -96.7738170 43.6017039)",,,auto
487,372,6317011391,,352,1,2,353,1,2,2,2449984662,2449984696,thru,,,,NBT,"LINESTRING (-96.7692717 43.6016478, -96.7692462 43.6017901)",,,auto
488,373,2449984696,,353,2,2,354,1,1,1,6317011391,80640987,thru,,,,NBT,"LINESTRING (-96.7692477 43.6018274, -96.7692776 43.6019687)",,,auto
489,374,80640987,,354,1,1,356,3,3,1,2449984696,80673149,thru,,,,NBT,"LINESTRING (-96.7705437 43.6071659, -96.7705368 43.6073098)",,,auto
490,374,80640987,,355,1,3,356,1,3,3,80640974,80673149,thru,,,,NBT,"LINESTRING (-96.7705492 43.6071660, -96.7705368 43.6073098)",,,auto
491,375,1751874027,,368,1,2,360,1,2,2,504669434,1751874015,thru,,,,WBT,"LINESTRING (-96.7912401 43.6107990, -96.7914307 43.6107595)",,,auto
492,375,1751874027,,368,3,3,366,4,4,1,504669434,2450082510,right,,,,WBR,"LINESTRING (-96.7912401 43.6107990, -96.7914340 43.6107715)",,,auto
493,377,2450078273,,578,1,4,363,1,4,4,8455384145,2450078329,thru,,,,EBT,"LINESTRING (-96.7922385 43.6084999, -96.7920403 43.6085009)",,,auto
494,379,2450109682,,372,2,3,373,1,2,2,80641200,504669441,thru,,,,SBT,"LINESTRING (-96.7709017 43.6102317, -96.7709119 43.6100879)",,,auto
495,380,2450178824,,516,3,4,374,1,2,2,5218726559,80644761,thru,,,,EBT,"LINESTRING (-96.7123968 43.6052278, -96.7122007 43.6052064)",,,auto
496,381,80644761,,374,1,2,377,1,2,2,2450178824,2450178849,right,,,,EBR,"LINESTRING (-96.7119220 43.6051766, -96.7117313 43.6051391)",,,auto
497,382,80644758,,379,3,4,375,1,2,2,2450178891,5218726566,thru,,,,EBT,"LINESTRING (-96.7105269 43.6050235, -96.7103341 43.6050566)",,,auto
498,383,5218726566,,375,1,2,376,1,2,2,80644758,80644756,thru,,,,EBT,"LINESTRING (-96.7101846 43.6050782, -96.7099900 43.6051055)",,,auto
499,383,5218726566,,503,3,4,376,1,2,2,9149450441,80644756,thru,,,,EBT,"LINESTRING (-96.7101856 43.6051019, -96.7099900 43.6051055)",,,auto
500,385,5218726580,,378,1,1,507,1,1,1,80642810,9149450441,thru,,,,WBT,"LINESTRING (-96.7098621 43.6062190, -96.7100587 43.6062343)",,,auto
501,385,5218726580,,378,2,2,515,2,2,1,80642810,80642807,thru,,,,WBT,"LINESTRING (-96.7098621 43.6062190, -96.7100573 43.6062445)",,,auto
502,387,80717511,,383,2,3,380,1,2,2,80641201,2469701308,thru,,,,NBT,"LINESTRING (-96.6906565 43.5937910, -96.6906487 43.5939350)",,,auto
503,388,2469701308,,380,1,2,480,1,2,2,80717511,80643663,thru,,,,NBT,"LINESTRING (-96.6905877 43.5992486, -96.6905876 43.5993926)",,,auto
504,389,2450191346,,384,2,3,385,1,2,2,80643841,80641312,thru,,,,SBT,"LINESTRING (-96.6909296 43.6011699, -96.6909258 43.6010259)",,,auto
505,390,80641535,,481,1,2,387,1,2,2,80643663,80641567,right,,,,NBR,"LINESTRING (-96.6906032 43.6071768, -96.6906006 43.6073208)",,,auto
506,391,80641567,,387,1,3,388,1,3,3,80641535,524421847,right,,,,EBR,"LINESTRING (-96.6897697 43.6069022, -96.6899659 43.6068820)",,,auto
507,391,80641567,,579,1,2,388,1,2,2,2450224436,524421847,thru,,,,WBT,"LINESTRING (-96.6897687 43.6068965, -96.6899659 43.6068820)",,,auto
508,392,2469701307,,389,1,2,478,1,2,2,2450224399,8416431265,thru,,,,EBT,"LINESTRING (-96.6783779 43.6076453, -96.6781807 43.6076601)",,,auto
509,393,80644019,,391,1,3,390,1,3,3,80644003,481801187,thru,,,,WBT,"LINESTRING (-96.7523621 43.5022443, -96.7525355 43.5021750)",,,auto
510,393,80644019,,400,1,2,390,1,2,2,80643982,481801187,thru,,,,WBT,"LINESTRING (-96.7523589 43.5022400, -96.7525355 43.5021750)",,,auto
511,394,80644003,,395,1,2,391,1,2,2,2451174098,80644019,thru,,,,WBT,"LINESTRING (-96.7493926 43.5042266, -96.7495492 43.5041439)",,,auto
512,395,80644302,,392,1,2,396,1,2,2,80644323,80641914,thru,,,,EBT,"LINESTRING (-96.7454425 43.5045862, -96.7452654 43.5046506)",,,auto
513,395,80644302,,397,1,3,396,1,3,3,80644309,80641914,thru,,,,EBT,"LINESTRING (-96.7454393 43.5045818, -96.7452654 43.5046506)",,,auto
514,396,80644312,,399,1,2,393,1,2,2,7855046562,80644309,thru,,,,EBT,"LINESTRING (-96.7488668 43.5023566, -96.7486748 43.5023907)",,,auto
515,397,80644309,,393,1,2,397,1,2,2,80644312,80644302,thru,,,,EBT,"LINESTRING (-96.7484622 43.5024943, -96.7483348 43.5026043)",,,auto
516,398,2451174098,,394,1,2,395,1,2,2,80643992,80644003,thru,,,,WBT,"LINESTRING (-96.7491376 43.5042679, -96.7493321 43.5042435)",,,auto
517,399,7855046562,,398,1,2,399,1,2,2,80644314,80644312,thru,,,,EBT,"LINESTRING (-96.7491388 43.5023462, -96.7489410 43.5023502)",,,auto
518,400,5488961705,,401,1,2,402,1,2,2,80640687,2451174075,thru,,,,WBT,"LINESTRING (-96.7309581 43.5110941, -96.7311011 43.5110774)",,,auto
519,401,80641937,,405,1,2,409,1,2,2,2451195066,80717365,thru,,,,EBT,"LINESTRING (-96.7119457 43.5142755, -96.7117500 43.5142940)",,,auto
520,403,80641466,,413,1,2,417,1,2,2,80643353,2451211001,thru,,,,NBT,"LINESTRING (-96.7016261 43.5278180, -96.7015438 43.5279490)",,,auto
521,403,80641466,,419,1,3,417,1,3,3,80641442,2451211001,right,,,,WBR,"LINESTRING (-96.7016177 43.5278156, -96.7015438 43.5279490)",,,auto
522,405,1350849872,,428,1,4,415,1,4,4,2451210972,80641442,uturn,,,,NBU,"LINESTRING (-96.6990819 43.5292245, -96.6991638 43.5292347)",,,auto
523,406,80641442,,415,1,4,419,1,4,4,1350849872,80641466,thru,,,,SBT,"LINESTRING (-96.6991815 43.5291616, -96.6991852 43.5290176)",,,auto
524,406,80641442,,418,1,4,419,1,4,4,2451211120,80641466,right,,,,EBR,"LINESTRING (-96.6992141 43.5291584, -96.6991852 43.5290176)",,,auto
525,407,2451210972,,416,2,2,423,1,1,1,2451210884,2451211122,thru,,,,NBT,"LINESTRING (-96.6990675 43.5289434, -96.6990395 43.5290847)",,,auto
526,407,2451210972,,416,1,1,428,1,1,1,2451210884,1350849872,thru,,,,NBT,"LINESTRING (-96.6990675 43.5289434, -96.6990673 43.5290874)",,,auto
527,408,2451211001,,417,2,3,422,1,2,2,80641466,80717383,thru,,,,NBT,"LINESTRING (-96.7002002 43.5296165, -96.7000841 43.5297332)",,,auto
528,411,2451211122,,423,1,1,424,1,1,1,2451210972,2451211047,right,,,,NBR,"LINESTRING (-96.6990323 43.5290976, -96.6989125 43.5292104)",,,auto
529,413,80717759,,425,2,3,426,1,2,2,80643563,80641970,thru,,,,SBT,"LINESTRING (-96.7059288 43.5193530, -96.7059921 43.5192164)",,,auto
530,415,80641874,,432,1,4,442,1,4,4,2456582568,2456582655,uturn,,,,SBU,"LINESTRING (-96.6915428 43.5644685, -96.6915065 43.5644769)",,,auto
531,417,2456582655,,433,1,4,444,1,4,4,2456582579,80641856,right,,,,WBR,"LINESTRING (-96.6914972 43.5646614, -96.6915597 43.5647958)",,,auto
532,417,2456582655,,442,1,4,444,1,4,4,80641874,80641856,thru,,,,NBT,"LINESTRING (-96.6915336 43.5646530, -96.6915597 43.5647958)",,,auto
533,418,80641856,,439,1,2,435,1,2,2,80641897,524421052,thru,,,,NBT,"LINESTRING (-96.6932653 43.5683348, -96.6932630 43.5684788)",,,auto
534,418,80641856,,444,1,3,435,1,3,3,2456582655,524421052,thru,,,,NBT,"LINESTRING (-96.6932582 43.5683349, -96.6932630 43.5684788)",,,auto
535,420,2458750873,,438,1,2,448,1,2,2,80641582,2456582580,thru,,,,NBT,"LINESTRING (-96.6940059 43.5464209, -96.6940085 43.5465649)",,,auto
536,421,2458750816,,441,1,2,457,1,2,2,80641722,2458750799,thru,,,,SBT,"LINESTRING (-96.6941603 43.5469654, -96.6941581 43.5468214)",,,auto
537,423,80641749,,446,1,2,459,1,2,2,80641744,80717725,thru,,,,SBT,"LINESTRING (-96.6941165 43.5437891, -96.6941076 43.5436452)",,,auto
538,423,80641749,,458,1,2,459,1,2,2,2458750799,80717725,thru,,,,SBT,"LINESTRING (-96.6941107 43.5437892, -96.6941076 43.5436452)",,,auto
539,424,2456582580,,448,1,2,447,1,2,2,2458750873,80643493,thru,,,,NBT,"LINESTRING (-96.6940131 43.5468168, -96.6940153 43.5469608)",,,auto
540,426,524418097,,451,1,4,452,1,4,4,80641574,2458750841,thru,,,,NBT,"LINESTRING (-96.6937818 43.5464619, -96.6939074 43.5465726)",,,auto
541,429,2458750799,,457,1,2,458,1,2,2,2458750816,80641749,thru,,,,SBT,"LINESTRING (-96.6941540 43.5465688, -96.6941518 43.5464248)",,,auto
542,430,2458809084,,466,1,1,460,1,1,1,1375318309,2458809169_1375318303,thru,,,,SBT,"LINESTRING (-96.6522583 43.5417880, -96.6522556 43.5416440)",,,auto
543,435,1375318269,,464,1,2,470,1,2,2,1375318288_2458844445,2459001257,thru,,,,SBT,"LINESTRING (-96.6520050 43.5268208, -96.6519959 43.5266769)",,,auto
544,436,2458809382,,517,1,2,465,1,2,2,80647448,1375318309,thru,,,,NBT,"LINESTRING (-96.6520278 43.5415283, -96.6520329 43.5416723)",,,auto
545,439,80647448,,469,1,2,517,1,2,2,2458844328_80647438,2458809382,thru,,,,NBT,"LINESTRING (-96.6518582 43.5365897, -96.6518649 43.5367337)",,,auto
546,440,2459001257,,470,1,3,471,1,3,3,1375318269,4177457438,thru,,,,SBT,"LINESTRING (-96.6519829 43.5149376, -96.6519829 43.5147936)",,,auto
547,443,80647432,,472,1,2,473,1,2,2,2458997414,1375318248,thru,,,,NBT,"LINESTRING (-96.6517561 43.5147944, -96.6517556 43.5149384)",,,auto
548,444,2460026878,,491,1,2,474,1,2,2,5040476215,5040622483,thru,,,,NBT,"LINESTRING (-96.6462959 43.5728906, -96.6463014 43.5730346)",,,auto
549,445,5040622483,,474,1,3,475,1,3,3,2460026878,8416431258,thru,,,,NBT,"LINESTRING (-96.6496827 43.5949594, -96.6498022 43.5950743)",,,auto
550,446,8416431258,,475,1,3,573,1,3,3,5040622483,8416431413,thru,,,,NBT,"LINESTRING (-96.6510556 43.5962733, -96.6511392 43.5964037)",,,auto
551,447,2458809485,,476,1,1,512,1,1,1,2458809416,2458809269,thru,,,,NBT,"LINESTRING (-96.6518331 43.5511242, -96.6518191 43.5512679)",,,auto
552,447,2458809485,,513,1,1,477,1,1,1,2458809269,2458809416,thru,,,,SBT,"LINESTRING (-96.6518191 43.5512679, -96.6518331 43.5511242)",,,auto
553,448,8416431265,,478,2,2,479,2,2,1,2469701307,80659639,thru,,,,EBT,"LINESTRING (-96.6607339 43.6077449, -96.6605357 43.6077435)",,,auto
554,448,8416431265,,478,1,1,518,1,1,1,2469701307,8416431281,thru,,,,EBT,"LINESTRING (-96.6607339 43.6077449, -96.6605358 43.6077400)",,,auto
555,449,2450224436,,482,1,2,579,1,2,2,2450224469,80641567,thru,,,,WBT,"LINESTRING (-96.6842346 43.6073661, -96.6844314 43.6073488)",,,auto
556,450,2458809269,,492,1,1,487,1,1,1,5040476216,7843424211,uturn,,,,SBU,"LINESTRING (-96.6517019 43.5551428, -96.6516478 43.5551312)",,,auto
557,450,2458809269,,492,2,2,513,1,1,1,5040476216,2458809485,thru,,,,SBT,"LINESTRING (-96.6517019 43.5551428, -96.6517017 43.5549988)",,,auto
558,450,2458809269,,512,1,1,487,1,1,1,2458809485,7843424211,thru,,,,NBT,"LINESTRING (-96.6517017 43.5549988, -96.6516478 43.5551312)",,,auto
559,451,7843424211,,487,1,2,488,1,2,2,2458809269,5040476215,thru,,,,NBT,"LINESTRING (-96.6508149 43.5581871, -96.6507682 43.5583271)",,,auto
560,452,5040476215,,488,1,2,491,1,2,2,7843424211,2460026878,thru,,,,NBT,"LINESTRING (-96.6507435 43.5584029, -96.6506937 43.5585423)",,,auto
561,453,2459987317,,494,2,3,489,1,2,2,5040622484,7843424210,thru,,,,SBT,"LINESTRING (-96.6465286 43.5730194, -96.6465248 43.5728754)",,,auto
562,454,7843424210,,489,1,2,490,1,2,2,2459987317,5040476216,thru,,,,SBT,"LINESTRING (-96.6508914 43.5587438, -96.6509426 43.5586046)",,,auto
563,455,5040476216,,490,1,2,492,1,2,2,7843424210,2458809269,thru,,,,SBT,"LINESTRING (-96.6509683 43.5585351, -96.6510180 43.5583956)",,,auto
564,456,8416431410,,571,1,3,493,1,3,3,8416431412,5040622484,thru,,,,SBT,"LINESTRING (-96.6513268 43.5963473, -96.6512540 43.5962133)",,,auto
565,457,5040622484,,493,1,3,494,1,3,3,8416431410,2459987317,thru,,,,SBT,"LINESTRING (-96.6500761 43.5950084, -96.6499592 43.5948921)",,,auto
566,458,80659651,,495,1,2,496,1,2,2,5040596768,2450273382,thru,,,,EBT,"LINESTRING (-96.6449347 43.6095922, -96.6447411 43.6096233)",,,auto
567,458,80659651,,539,1,2,496,1,2,2,8416431352,2450273382,thru,,,,EBT,"LINESTRING (-96.6449337 43.6095892, -96.6447411 43.6096233)",,,auto
568,460,9149450440,,498,4,4,499,4,4,1,5218726559,8455384137,left,,,,EBL,"LINESTRING (-96.7114165 43.6056157, -96.7113363 43.6057475)",,,auto
569,460,9149450440,,498,1,3,506,1,3,3,5218726559,2450178826,left,,,,EBL,"LINESTRING (-96.7114165 43.6056157, -96.7114285 43.6057428)",,,auto
570,460,9149450440,,505,4,4,499,4,4,1,7830011037,8455384137,right,,,,NBR,"LINESTRING (-96.7113275 43.6056190, -96.7113363 43.6057475)",,,auto
571,460,9149450440,,505,1,3,506,1,3,3,7830011037,2450178826,thru,,,,NBT,"LINESTRING (-96.7113275 43.6056190, -96.7114285 43.6057428)",,,auto
572,461,8455384137,,499,1,3,500,1,3,3,9149450440,7830011040,thru,,,,NBT,"LINESTRING (-96.7113638 43.6057022, -96.7112938 43.6058368)",,,auto
573,461,8455384137,,499,4,4,502,4,4,1,9149450440,9149450441,right,,,,NBR,"LINESTRING (-96.7113638 43.6057022, -96.7112940 43.6056995)",,,auto
574,461,8455384137,,501,1,3,500,1,3,3,7830011036,7830011040,uturn,,,,SBU,"LINESTRING (-96.7113492 43.6058377, -96.7112938 43.6058368)",,,auto
575,461,8455384137,,501,4,4,502,4,4,1,7830011036,9149450441,thru,,,,SBT,"LINESTRING (-96.7113492 43.6058377, -96.7112940 43.6056995)",,,auto
576,464,9149450441,,502,1,3,503,1,3,3,8455384137,5218726566,thru,,,,SBT,"LINESTRING (-96.7113157 43.6057462, -96.7112461 43.6056115)",,,auto
577,464,9149450441,,502,4,4,508,4,4,1,8455384137,7830011037,thru,,,,SBT,"LINESTRING (-96.7113157 43.6057462, -96.7113154 43.6056103)",,,auto
578,464,9149450441,,507,1,3,503,1,3,3,5218726580,5218726566,left,,,,WBL,"LINESTRING (-96.7112436 43.6057443, -96.7112461 43.6056115)",,,auto
579,464,9149450441,,507,4,4,508,4,4,1,5218726580,7830011037,thru,,,,WBT,"LINESTRING (-96.7112436 43.6057443, -96.7113154 43.6056103)",,,auto
580,466,7830011037,,504,4,4,505,4,4,1,7830011038,9149450440,thru,,,,NBT,"LINESTRING (-96.7112911 43.6055366, -96.7113663 43.6056687)",,,auto
581,466,7830011037,,504,1,3,509,1,3,3,7830011038,7830011042,uturn,,,,NBU,"LINESTRING (-96.7112911 43.6055366, -96.7113522 43.6055386)",,,auto
582,466,7830011037,,508,4,4,505,4,4,1,9149450441,9149450440,right,,,,SBR,"LINESTRING (-96.7112849 43.6056741, -96.7113663 43.6056687)",,,auto
583,466,7830011037,,508,1,3,509,1,3,3,9149450441,7830011042,thru,,,,SBT,"LINESTRING (-96.7112849 43.6056741, -96.7113522 43.6055386)",,,auto
584,467,2450178826,,506,3,4,514,1,2,2,9149450440,80642798,thru,,,,WBT,"LINESTRING (-96.7127100 43.6061717, -96.7129068 43.6061557)",,,auto
585,467,2450178826,,580,1,2,514,1,2,2,2450178819,80642798,thru,,,,WBT,"LINESTRING (-96.7127112 43.6061795, -96.7129068 43.6061557)",,,auto
586,470,8416431281,,518,4,4,519,4,4,1,8416431265,8416431280,thru,,,,EBT,"LINESTRING (-96.6540206 43.6077635, -96.6538224 43.6077691)",,,auto
587,470,8416431281,,518,1,3,520,1,3,3,8416431265,8416431289,thru,,,,EBT,"LINESTRING (-96.6540206 43.6077635, -96.6538228 43.6077733)",,,auto
588,471,8416431280,,519,1,3,566,1,3,3,8416431281,8416431238,right,,,,EBR,"LINESTRING (-96.6517850 43.6071716, -96.6517735 43.6070281)",,,auto
589,471,8416431280,,565,1,3,566,1,3,3,8416431296,8416431238,thru,,,,SBT,"LINESTRING (-96.6517731 43.6071721, -96.6517735 43.6070281)",,,auto
590,472,8416431289,,520,1,4,533,1,4,4,8416431281,8416431319,thru,,,,EBT,"LINESTRING (-96.6520043 43.6082928, -96.6518922 43.6084114)",,,auto
591,473,8416431292,,548,1,3,521,1,3,3,8416431378,8416431365,uturn,,,,NBU,"LINESTRING (-96.6516285 43.6118531, -96.6516397 43.6118533)",,,auto
592,474,8416431365,,521,1,2,522,1,2,2,8416431292,8416431335,thru,,,,SBT,"LINESTRING (-96.6517705 43.6101002, -96.6517705 43.6099562)",,,auto
593,474,8416431365,,521,3,3,553,4,4,1,8416431292,8416431311,right,,,,SBR,"LINESTRING (-96.6517705 43.6101002, -96.6517807 43.6099566)",,,auto
594,475,8416431335,,522,3,3,523,3,3,1,8416431365,8416431297,thru,,,,SBT,"LINESTRING (-96.6517704 43.6094596, -96.6517704 43.6093156)",,,auto
595,475,8416431335,,522,1,2,545,1,2,2,8416431365,8416431337,thru,,,,SBT,"LINESTRING (-96.6517704 43.6094596, -96.6517620 43.6093158)",,,auto
596,476,8416431297,,523,1,3,524,1,3,3,8416431335,8416431302,thru,,,,SBT,"LINESTRING (-96.6517703 43.6090537, -96.6517703 43.6089097)",,,auto
597,477,8416431302,,524,1,2,525,1,2,2,8416431297,8416431319,thru,,,,SBT,"LINESTRING (-96.6517702 43.6088952, -96.6517701 43.6087512)",,,auto
598,477,8416431302,,524,3,3,532,4,4,1,8416431297,8416431303,right,,,,SBR,"LINESTRING (-96.6517702 43.6088952, -96.6518227 43.6088843)",,,auto
599,477,8416431302,,531,1,3,525,1,3,3,8416431320,8416431319,uturn,,,,NBU,"LINESTRING (-96.6517365 43.6087555, -96.6517701 43.6087512)",,,auto
600,477,8416431302,,531,4,4,532,4,4,1,8416431320,8416431303,thru,,,,NBT,"LINESTRING (-96.6517365 43.6087555, -96.6518227 43.6088843)",,,auto
601,478,8416431319,,525,3,3,526,3,3,1,8416431302,8416431296,thru,,,,SBT,"LINESTRING (-96.6517701 43.6086861, -96.6517699 43.6085421)",,,auto
602,478,8416431319,,525,1,2,534,1,2,2,8416431302,8416431320,uturn,,,,SBU,"LINESTRING (-96.6517701 43.6086861, -96.6517344 43.6086813)",,,auto
603,478,8416431319,,533,4,4,526,3,3,1,8416431289,8416431296,right,,,,NBR,"LINESTRING (-96.6518083 43.6085477, -96.6517699 43.6085421)",,,auto
604,478,8416431319,,533,1,3,534,1,3,3,8416431289,8416431320,thru,,,,NBT,"LINESTRING (-96.6518083 43.6085477, -96.6517344 43.6086813)",,,auto
605,479,8416431296,,526,1,3,565,1,3,3,8416431319,8416431280,thru,,,,SBT,"LINESTRING (-96.6517701 43.6084323, -96.6517702 43.6082883)",,,auto
606,479,8416431296,,560,2,4,565,1,3,3,8416431398,8416431280,thru,,,,SBT,"LINESTRING (-96.6517496 43.6084308, -96.6517702 43.6082883)",,,auto
607,480,8416431303,,532,1,4,527,1,4,4,8416431302,8416431311,thru,,,,NBT,"LINESTRING (-96.6518591 43.6089267, -96.6519699 43.6090460)",,,auto
608,481,8416431311,,527,1,4,528,1,4,4,8416431303,8416431317,thru,,,,WBT,"LINESTRING (-96.6528090 43.6093009, -96.6530018 43.6092711)",,,auto
609,481,8416431311,,553,1,4,528,1,4,4,8416431365,8416431317,thru,,,,WBT,"LINESTRING (-96.6528140 43.6093171, -96.6530018 43.6092711)",,,auto
610,482,8416431300,,549,1,4,529,1,4,4,8416431299,8416431398,thru,,,,NBT,"LINESTRING (-96.6515720 43.6083552, -96.6516190 43.6084950)",,,auto
611,483,8416431398,,529,4,4,530,4,4,1,8416431300,8416431320,thru,,,,NBT,"LINESTRING (-96.6516456 43.6085594, -96.6517071 43.6086963)",,,auto
612,483,8416431398,,529,1,3,560,1,3,3,8416431300,8416431296,uturn,,,,NBU,"LINESTRING (-96.6516456 43.6085594, -96.6517085 43.6085610)",,,auto
613,483,8416431398,,559,4,4,530,4,4,1,8416431397,8416431320,right,,,,SBR,"LINESTRING (-96.6516366 43.6086950, -96.6517071 43.6086963)",,,auto
614,483,8416431398,,559,1,3,560,1,3,3,8416431397,8416431296,thru,,,,SBT,"LINESTRING (-96.6516366 43.6086950, -96.6517085 43.6085610)",,,auto
615,484,8416431320,,530,1,3,531,1,3,3,8416431398,8416431302,thru,,,,NBT,"LINESTRING (-96.6516829 43.6086474, -96.6517502 43.6087829)",,,auto
616,484,8416431320,,530,4,4,535,4,4,1,8416431398,8416431354,thru,,,,NBT,"LINESTRING (-96.6516829 43.6086474, -96.6516840 43.6087833)",,,auto
617,484,8416431320,,534,1,3,531,1,3,3,8416431319,8416431302,thru,,,,NBT,"LINESTRING (-96.6517521 43.6086480, -96.6517502 43.6087829)",,,auto
618,484,8416431320,,534,4,4,535,4,4,1,8416431319,8416431354,thru,,,,NBT,"LINESTRING (-96.6517521 43.6086480, -96.6516840 43.6087833)",,,auto
619,485,8416431354,,535,1,3,536,1,3,3,8416431320,8416431321,thru,,,,NBT,"LINESTRING (-96.6516964 43.6087573, -96.6516371 43.6088947)",,,auto
620,485,8416431354,,535,4,4,542,4,4,1,8416431320,8416431397,right,,,,NBR,"LINESTRING (-96.6516964 43.6087573, -96.6516357 43.6087562)",,,auto
621,485,8416431354,,541,1,3,536,1,3,3,8416431337,8416431321,uturn,,,,SBU,"LINESTRING (-96.6516906 43.6088947, -96.6516371 43.6088947)",,,auto
622,485,8416431354,,541,4,4,542,4,4,1,8416431337,8416431397,thru,,,,SBT,"LINESTRING (-96.6516906 43.6088947, -96.6516357 43.6087562)",,,auto
623,486,8416431321,,536,1,4,537,1,4,4,8416431354,8416431322,thru,,,,NBT,"LINESTRING (-96.6516461 43.6088714, -96.6516042 43.6090120)",,,auto
624,487,8416431322,,537,2,4,547,1,3,3,8416431321,8416431378,thru,,,,NBT,"LINESTRING (-96.6515707 43.6091701, -96.6515556 43.6093133)",,,auto
625,487,8416431322,,546,1,3,547,1,3,3,8416431355,8416431378,thru,,,,NBT,"LINESTRING (-96.6515556 43.6091693, -96.6515556 43.6093133)",,,auto
626,488,8416431323,,561,3,3,538,4,4,1,8416431263,8416431352,right,,,,NBR,"LINESTRING (-96.6515500 43.6071964, -96.6515408 43.6073401)",,,auto
627,488,8416431323,,561,1,2,562,1,2,2,8416431263,8416431299,thru,,,,NBT,"LINESTRING (-96.6515500 43.6071964, -96.6515508 43.6073404)",,,auto
628,489,8416431352,,538,1,4,539,1,4,4,8416431323,80659651,thru,,,,EBT,"LINESTRING (-96.6502079 43.6081183, -96.6500241 43.6081725)",,,auto
629,489,8416431352,,540,1,4,539,1,4,4,8416431343,80659651,thru,,,,EBT,"LINESTRING (-96.6502116 43.6081263, -96.6500241 43.6081725)",,,auto
630,490,8416431343,,544,1,4,540,1,4,4,8416431342,8416431352,left,,,,SBL,"LINESTRING (-96.6515055 43.6084958, -96.6514075 43.6083707)",,,auto
631,491,8416431337,,545,1,4,541,1,4,4,8416431335,8416431354,thru,,,,SBT,"LINESTRING (-96.6517279 43.6090542, -96.6516966 43.6089121)",,,auto
632,492,8416431397,,542,1,3,543,1,3,3,8416431354,8416431342,thru,,,,SBT,"LINESTRING (-96.6516492 43.6087893, -96.6515941 43.6086509)",,,auto
633,492,8416431397,,542,4,4,559,4,4,1,8416431354,8416431398,thru,,,,SBT,"LINESTRING (-96.6516492 43.6087893, -96.6516605 43.6086542)",,,auto
634,492,8416431397,,558,1,3,543,1,3,3,8416431396,8416431342,thru,,,,SBT,"LINESTRING (-96.6515795 43.6087856, -96.6515941 43.6086509)",,,auto
635,492,8416431397,,558,4,4,559,4,4,1,8416431396,8416431398,thru,,,,SBT,"LINESTRING (-96.6515795 43.6087856, -96.6516605 43.6086542)",,,auto
636,493,8416431342,,543,4,4,544,4,4,1,8416431397,8416431343,thru,,,,SBT,"LINESTRING (-96.6515876 43.6086338, -96.6515098 43.6085018)",,,auto
637,493,8416431342,,543,1,3,551,1,3,3,8416431397,8416431396,uturn,,,,SBU,"LINESTRING (-96.6515876 43.6086338, -96.6515557 43.6086376)",,,auto
638,493,8416431342,,550,3,3,544,4,4,1,8416431356,8416431343,right,,,,NBR,"LINESTRING (-96.6515557 43.6084936, -96.6515098 43.6085018)",,,auto
639,493,8416431342,,550,1,2,551,1,2,2,8416431356,8416431396,thru,,,,NBT,"LINESTRING (-96.6515557 43.6084936, -96.6515557 43.6086376)",,,auto
640,494,8416431355,,552,1,3,546,1,3,3,8416431396,8416431322,thru,,,,NBT,"LINESTRING (-96.6515556 43.6089193, -96.6515556 43.6090633)",,,auto
641,495,8416431378,,547,1,3,548,1,3,3,8416431322,8416431292,thru,,,,NBT,"LINESTRING (-96.6515555 43.6099957, -96.6515555 43.6101397)",,,auto
642,495,8416431378,,555,1,3,548,1,3,3,8416431380,8416431292,right,,,,WBR,"LINESTRING (-96.6515360 43.6099971, -96.6515555 43.6101397)",,,auto
643,496,8416431299,,562,1,2,549,1,2,2,8416431323,8416431300,thru,,,,NBT,"LINESTRING (-96.6515557 43.6082207, -96.6515741 43.6083635)",,,auto
644,496,8416431299,,562,3,3,563,3,3,1,8416431323,8416431356,thru,,,,NBT,"LINESTRING (-96.6515557 43.6082207, -96.6515557 43.6083647)",,,auto
645,497,8416431356,,563,1,3,550,1,3,3,8416431299,8416431342,thru,,,,NBT,"LINESTRING (-96.6515557 43.6083572, -96.6515557 43.6085012)",,,auto
646,498,8416431396,,551,3,3,552,3,3,1,8416431342,8416431355,thru,,,,NBT,"LINESTRING (-96.6515556 43.6087431, -96.6515556 43.6088871)",,,auto
647,498,8416431396,,551,1,2,558,1,2,2,8416431342,8416431397,uturn,,,,NBU,"LINESTRING (-96.6515556 43.6087431, -96.6516015 43.6087514)",,,auto
648,498,8416431396,,557,4,4,552,3,3,1,8416431389,8416431355,right,,,,SBR,"LINESTRING (-96.6515015 43.6088755, -96.6515556 43.6088871)",,,auto
649,498,8416431396,,557,1,3,558,1,3,3,8416431389,8416431397,thru,,,,SBT,"LINESTRING (-96.6515015 43.6088755, -96.6516015 43.6087514)",,,auto
650,499,8416431380,,554,4,4,555,4,4,1,2460070681,8416431378,thru,,,,WBT,"LINESTRING (-96.6490804 43.6096938, -96.6492786 43.6096916)",,,auto
651,499,8416431380,,554,1,3,556,1,3,3,2460070681,8416431389,thru,,,,WBT,"LINESTRING (-96.6490804 43.6096938, -96.6492784 43.6096878)",,,auto
652,500,8416431389,,556,1,4,557,1,4,4,8416431380,8416431396,thru,,,,WBT,"LINESTRING (-96.6513180 43.6090894, -96.6514249 43.6089681)",,,auto
653,501,8416431263,,564,1,3,561,1,3,3,8416431405,8416431323,thru,,,,NBT,"LINESTRING (-96.6515400 43.6053349, -96.6515402 43.6054789)",,,auto
654,502,8416431405,,568,1,3,564,1,3,3,8416431407,8416431263,thru,,,,NBT,"LINESTRING (-96.6515517 43.6016569, -96.6515511 43.6018009)",,,auto
655,503,8416431238,,566,1,3,567,1,3,3,8416431280,8416431406,thru,,,,SBT,"LINESTRING (-96.6517781 43.6054611, -96.6517785 43.6053171)",,,auto
656,504,8416431406,,567,1,3,569,1,3,3,8416431238,8416431408,thru,,,,SBT,"LINESTRING (-96.6517893 43.6015681, -96.6517897 43.6014241)",,,auto
657,505,8416431407,,572,1,3,568,1,3,3,8416431413,8416431405,thru,,,,NBT,"LINESTRING (-96.6515678 43.5990108, -96.6515670 43.5991548)",,,auto
658,506,8416431408,,569,1,3,570,1,3,3,8416431406,8416431412,thru,,,,SBT,"LINESTRING (-96.6517968 43.5989514, -96.6517972 43.5988074)",,,auto
659,507,8416431412,,570,1,3,571,1,3,3,8416431408,8416431410,thru,,,,SBT,"LINESTRING (-96.6514808 43.5966345, -96.6514088 43.5965003)",,,auto
660,508,8416431413,,573,1,3,572,1,3,3,8416431258,8416431407,thru,,,,NBT,"LINESTRING (-96.6512355 43.5965862, -96.6512874 43.5967252)",,,auto
661,512,8455317723_80227378_8455317724,,226,1,4,220,1,4,4,2445411692,2445411831,thru,,,,WBT,"LINESTRING (-96.7698753 43.4967794, -96.7701934 43.4966605)",,,auto
662,514,2458809169_1375318303,,460,1,2,462,1,2,2,2458809084,1375318288_2458844445,thru,,,,SBT,"LINESTRING (-96.6521001 43.5368124, -96.6520850 43.5365137)",,,auto
663,515,1375318288_2458844445,,462,1,2,464,1,2,2,2458809169_1375318303,1375318269,thru,,,,SBT,"LINESTRING (-96.6520546 43.5295845, -96.6520534 43.5292834)",,,auto
664,516,2458844328_80647438,,467,1,2,469,1,2,2,1375318270,80647448,thru,,,,NBT,"LINESTRING (-96.6518290 43.5292951, -96.6518291 43.5295652)",,,auto
