name,poi_id,osm_way_id,osm_relation_id,building,amenity,way,geometry,centroid,area,area_ft2
Altschul Hall,0,274985931,,yes,,,"POLYGON ((-73.96313720000001 40.8101666, -73.963159 40.8101363, -73.9631682 40.8101401, -73.9631803 40.8101233, -73.9631603 40.810115, -73.963166 40.810107, -73.96315060000001 40.8101006, -73.9632589 40.80995, -73.96327580000001 40.809957, -73.96328080000001 40.8099501, -73.96330039999999 40.8099583, -73.96331290000001 40.8099409, -73.9633034 40.8099369, -73.96332529999999 40.8099064, -73.963544 40.8099973, -73.96352210000001 40.8100278, -73.9635104 40.810023, -73.96349789999999 40.8100403, -73.96351559999999 40.8100477, -73.9635107 40.8100546, -73.9635273 40.8100615, -73.96341769999999 40.8102105, -73.9634015 40.8102036, -73.9633951 40.8102125, -73.9633838 40.8102078, -73.9633498 40.8102549, -73.96313720000001 40.8101666))",POINT (-73.9633389 40.8100809),774.0,8331.2
,1,271585114,,yes,,,"POLYGON ((-73.963825 40.8055652, -73.96384500000001 40.8055657, -73.9638983 40.8055883, -73.9639054 40.8055981, -73.96391730000001 40.8055964, -73.9639866 40.8056257, -73.96394189999999 40.8056867, -73.96392040000001 40.8056776, -73.9638175 40.8058179, -73.9637075 40.8057713, -73.9638016 40.8056429, -73.9637759 40.8056321, -73.963825 40.8055652))",POINT (-73.96384070000001 40.8056853),310.2,3339.3
,2,274985940,,yes,,,"POLYGON ((-73.9640589 40.80981, -73.9641572 40.8096743, -73.9642752 40.8097237, -73.9642583 40.809747, -73.9643938 40.8098037, -73.9643263 40.8098967, -73.96419090000001 40.80984, -73.9641768 40.8098594, -73.9640589 40.80981))",POINT (-73.96422219999999 40.8097911),347.7,3742.5
,3,274985948,,yes,,,"POLYGON ((-73.96457270000001 40.8100275, -73.96458269999999 40.8100136, -73.96457650000001 40.8099988, -73.96444339999999 40.8099431, -73.96451 40.8098511, -73.96466599999999 40.8099164, -73.9646826 40.8098935, -73.96478740000001 40.8099374, -73.9646874 40.8100754, -73.9645807 40.8100308, -73.96457270000001 40.8100275))",POINT (-73.96461979999999 40.8099578),355.5,3826.7
,4,274982909,,yes,,,"POLYGON ((-73.9650608 40.8082618, -73.9651202 40.8082865, -73.9651361 40.8082645, -73.9651234 40.8082592, -73.9651602 40.8082082, -73.9651135 40.8081888, -73.9651581 40.808127, -73.96539439999999 40.8082255, -73.9653491 40.8082882, -73.9652988 40.8082673, -73.9652627 40.8083173, -73.9652498 40.8083119, -73.9652339 40.8083339, -73.96529700000001 40.8083603, -73.96525250000001 40.8084219, -73.9650163 40.8083234, -73.9650608 40.8082618))",POINT (-73.96520529999999 40.8082739),472.4,5084.4
,5,271585141,,yes,,,"POLYGON ((-73.96370469999999 40.8055064, -73.9637682 40.8055333, -73.9636675 40.8056706, -73.9636362 40.8056573, -73.9636082 40.8056955, -73.963576 40.8056819, -73.96370469999999 40.8055064))",POINT (-73.96367619999999 40.8055985),122.9,1322.8
,6,274995744,,yes,,,"POLYGON ((-73.9604985 40.8059761, -73.960562 40.8060027, -73.96057500000001 40.8059848, -73.9605617 40.8059793, -73.9606005 40.8059258, -73.9605504 40.8059048, -73.96059889999999 40.8058379, -73.9608097 40.8059264, -73.96076239999999 40.8059915, -73.9607092 40.8059692, -73.960667 40.8060272, -73.9606517 40.8060208, -73.96064079999999 40.8060358, -73.9607093 40.8060645, -73.96066190000001 40.8061297, -73.9604511 40.8060413, -73.9604985 40.8059761))",POINT (-73.9606302 40.8059832),426.6,4591.8
Plimpton Hall,7,271921521,,dormitory,,,"POLYGON ((-73.958456 40.8095782, -73.9586427 40.8096561, -73.95871099999999 40.8096846, -73.95869449999999 40.8097074, -73.95866530000001 40.8097473, -73.9586393 40.8097831, -73.9586114 40.8098214, -73.9583564 40.8097149, -73.958456 40.8095782))",POINT (-73.9585337 40.8096998),426.4,4589.9
,8,608956236,,,fountain,,"POLYGON ((-73.9606933 40.8081737, -73.9606946 40.8081775, -73.96069749999999 40.8081807, -73.9607017 40.8081831, -73.9607067 40.8081842, -73.96071190000001 40.808184, -73.96071670000001 40.8081825, -73.9607206 40.8081799, -73.960723 40.8081766, -73.9607238 40.808173, -73.9607232 40.8081694, -73.96072100000001 40.808166, -73.9607176 40.8081634, -73.96071329999999 40.8081617, -73.9607085 40.8081612, -73.9607037 40.8081618, -73.9606994 40.8081635, -73.960696 40.8081662, -73.9606938 40.8081697, -73.9606933 40.8081737))",POINT (-73.9607086 40.8081727),5.2,55.8
,9,271585129,,yes,,,"POLYGON ((-73.9642128 40.8061276, -73.9642704 40.8061519, -73.9641482 40.8063186, -73.96409060000001 40.8062942, -73.964189 40.80616, -73.9642128 40.8061276))",POINT (-73.9641805 40.8062231),118.8,1278.6
Chandler Hall,10,274995724,,yes,,,"POLYGON ((-73.9622948 40.8094604, -73.9624714 40.8095321, -73.9624665 40.8095391, -73.9624748 40.8095425, -73.9622978 40.8097921, -73.9622509 40.809773, -73.9621353 40.8097252, -73.9620894 40.8097064, -73.9622474 40.8094841, -73.9622711 40.8094937, -73.9622948 40.8094604))",POINT (-73.9622845 40.8096236),635.5,6840.6
,11,274985952,,yes,,,"POLYGON ((-73.9643592 40.8103289, -73.9643751 40.810307, -73.96422920000001 40.810246, -73.96430429999999 40.8101424, -73.96445009999999 40.8102034, -73.96446640000001 40.810181, -73.96457719999999 40.8102274, -73.9644701 40.8103752, -73.9643702 40.8103335, -73.9643592 40.8103289))",POINT (-73.9644066 40.8102525),385.0,4143.8
Ruggles Hall,12,271585099,,yes,,,"POLYGON ((-73.96281639999999 40.8056713, -73.9628847 40.8057002, -73.962935 40.8056317, -73.96286670000001 40.8056028, -73.9629166 40.8055346, -73.96315730000001 40.8056365, -73.9631073 40.8057046, -73.9630269 40.8056706, -73.9630196 40.8056806, -73.96303109999999 40.8056855, -73.9629882 40.805744, -73.9630571 40.8057731, -73.96301029999999 40.805837, -73.9627696 40.8057351, -73.96281639999999 40.8056713))",POINT (-73.96296359999999 40.8056853),476.4,5128.1
Thorndike,13,271917080,,yes,,,"POLYGON ((-73.96064509999999 40.8105908, -73.9605972 40.8105707, -73.9606189 40.8105407, -73.96073730000001 40.8105902, -73.96075209999999 40.8105964, -73.9607721 40.8105688, -73.961158 40.8107301, -73.9611546 40.8107347, -73.961179 40.8107449, -73.9611417 40.8107964, -73.96107069999999 40.8108944, -73.96057519999999 40.8106873, -73.96064509999999 40.8105908))",POINT (-73.9608786 40.8107156),920.1,9904.1
,14,271916929,,yes,,,"POLYGON ((-73.959604 40.8096529, -73.95968329999999 40.8096866, -73.9596743 40.8096991, -73.9595549 40.809864, -73.95954999999999 40.8098708, -73.95954589999999 40.8098691, -73.9595257 40.8098971, -73.9594879 40.8098813, -73.959478 40.8098949, -73.9594395 40.8098788, -73.95945039999999 40.8098637, -73.9595053 40.809788, -73.9595484 40.8097284, -73.959604 40.8096529))",POINT (-73.9595635 40.8097784),213.1,2293.7
,15,271921501,,yes,,,"POLYGON ((-73.9592598 40.807861, -73.9594168 40.8079267, -73.9593704 40.8079908, -73.9593474 40.8079812, -73.95928019999999 40.8080738, -73.9592638 40.8080669, -73.9592549 40.8080791, -73.9592841 40.8080913, -73.9592502 40.8081382, -73.9591161 40.8080821, -73.9591588 40.8080231, -73.9591697 40.8080277, -73.9592368 40.8079352, -73.95921319999999 40.8079253, -73.9592598 40.807861))",POINT (-73.9592634 40.8079967),338.5,3643.3
,16,274985939,,yes,,,"POLYGON ((-73.9641572 40.8096743, -73.9642547 40.8095398, -73.9643502 40.8095797, -73.9643727 40.8095891, -73.9643562 40.8096119, -73.9644917 40.8096685, -73.9644266 40.8097584, -73.9642911 40.8097017, -73.9642752 40.8097237, -73.9641572 40.8096743))",POINT (-73.9643198 40.8096549),341.8,3679.0
,17,320581782,,yes,,,"POLYGON ((-73.9642175 40.8079387, -73.96419710000001 40.8079672, -73.9641637 40.8079535, -73.964184 40.807925, -73.9642175 40.8079387))",POINT (-73.96419059999999 40.8079461),11.5,123.3
,18,274979039,,yes,,,"POLYGON ((-73.965203 40.8066511, -73.96535729999999 40.8067166, -73.9653352 40.8067467, -73.9652512 40.806711, -73.9652462 40.8067028, -73.9651844 40.8066765, -73.965203 40.8066511))",POINT (-73.9652729 40.8066993),53.5,575.8
Faculty House,19,274995728,,yes,,,"POLYGON ((-73.95943370000001 40.806896, -73.9594254 40.8068925, -73.9594345 40.8068799, -73.95937240000001 40.8068543, -73.95934819999999 40.8068443, -73.95932380000001 40.8068781, -73.9590587 40.8067674, -73.959112 40.8066937, -73.9591149 40.8066813, -73.95911959999999 40.8066712, -73.9591537 40.8066361, -73.9592004 40.8065714, -73.95929390000001 40.8066104, -73.95931710000001 40.8065783, -73.9593653 40.8065863, -73.9593747 40.8065911, -73.9593916 40.8066018, -73.95940830000001 40.8066164, -73.95940330000001 40.8066234, -73.95948370000001 40.8066569, -73.9595223 40.8066804, -73.9595759 40.8067025, -73.95943370000001 40.806896))",POINT (-73.9593172 40.8067287),916.7,9867.7
,20,274982911,,yes,,,"POLYGON ((-73.96529700000001 40.8083603, -73.9653596 40.8083863, -73.9653744 40.8083658, -73.96535969999999 40.8083597, -73.9653969 40.8083082, -73.9653491 40.8082882, -73.96539439999999 40.8082255, -73.9656318 40.8083244, -73.9655865 40.8083872, -73.9655389 40.8083674, -73.9655018 40.8084187, -73.96548749999999 40.8084127, -73.96547870000001 40.8084249, -73.96547200000001 40.8084341, -73.9655339 40.8084599, -73.96548989999999 40.8085209, -73.96525250000001 40.8084219, -73.96529700000001 40.8083603))",POINT (-73.96544249999999 40.8083726),476.8,5132.2
,21,274982906,,yes,,,"POLYGON ((-73.9654396 40.8076008, -73.9654654 40.8076119, -73.96547820000001 40.8075949, -73.9654731 40.8075927, -73.96549829999999 40.807559, -73.96547649999999 40.8075496, -73.96550139999999 40.8075164, -73.96552320000001 40.8075258, -73.96556870000001 40.8074651, -73.9656811 40.8075137, -73.9655855 40.8076413, -73.9655825 40.80764, -73.9655697 40.807657, -73.9655968 40.8076688, -73.9655509 40.8077301, -73.96539370000001 40.8076621, -73.9654374 40.8076037, -73.9654396 40.8076008))",POINT (-73.96554159999999 40.8075985),328.0,3530.7
,22,274982910,,yes,,,"POLYGON ((-73.96544059999999 40.8078784, -73.9655192 40.8079108, -73.9653697 40.8081205, -73.9652876 40.8080867, -73.9653307 40.8080262, -73.9653751 40.8080444, -73.9654208 40.8079803, -73.9654197 40.8079735, -73.9654378 40.8079482, -73.9654015 40.8079333, -73.96543560000001 40.8078854, -73.96544059999999 40.8078784))",POINT (-73.9654089 40.8080032),156.9,1688.6
Russell,23,271917055,,yes,,,"POLYGON ((-73.9596689 40.8099124, -73.95966629999999 40.809916, -73.95959999999999 40.8098883, -73.959603 40.8098841, -73.9595549 40.809864, -73.9596743 40.8096991, -73.9597251 40.8097204, -73.9597284 40.8097159, -73.9597909 40.809742, -73.9597857 40.8097493, -73.9601753 40.8099161, -73.9601844 40.8099044, -73.96019389999999 40.8099033, -73.96020710000001 40.8099089, -73.96020900000001 40.8099128, -73.9602836 40.8099441, -73.96028509999999 40.8099421, -73.9602989 40.8099479, -73.9602996 40.8099601, -73.96028680000001 40.8099675, -73.96028219999999 40.8099655, -73.96026120000001 40.8099945, -73.9601807 40.8101102, -73.9601696 40.8101056, -73.9601548 40.8101261, -73.9601277 40.8101363, -73.9601138 40.8101305, -73.9601104 40.8101072, -73.9600598 40.810086, -73.9600655 40.8100782, -73.95976880000001 40.8099541, -73.9596689 40.8099124))",POINT (-73.95992510000001 40.8099136),1253.2,13489.8
Carman Hall,24,274995722,,yes,,,"POLYGON ((-73.9642685 40.8067575, -73.9638487 40.8065809, -73.96386029999999 40.806565, -73.9638034 40.806541, -73.9638918 40.8064199, -73.9643641 40.8066187, -73.9642685 40.8067575))",POINT (-73.9640825 40.8065887),785.7,8457.4
,25,271585117,,yes,,,"POLYGON ((-73.96381510000001 40.8060058, -73.9638496 40.8060204, -73.96387180000001 40.8059901, -73.9639011 40.8060025, -73.9637828 40.806164, -73.963719 40.806137, -73.96381510000001 40.8060058))",POINT (-73.9638063 40.8060779),114.3,1230.8
Cheryl and Philip Milstein Center for Teaching and Learning,26,274985956,,yes,library,,"POLYGON ((-73.963655 40.8094118, -73.963757 40.8094545, -73.96377270000001 40.8094328, -73.96393809999999 40.8095034, -73.96361419999999 40.8099434, -73.9634518 40.8098753, -73.9634691 40.8098515, -73.9633669 40.8098087, -73.963655 40.8094118))",POINT (-73.9636472 40.8096678),1382.2,14877.8
The Grant,27,271916954,,yes,,,"POLYGON ((-73.9593368 40.8108667, -73.9593637 40.810878, -73.9594543 40.8107531, -73.95956049999999 40.8107976, -73.9594694 40.8109232, -73.95949880000001 40.8109355, -73.95944780000001 40.8110059, -73.9592852 40.8109378, -73.9593368 40.8108667))",POINT (-73.9594295 40.8108836),303.9,3270.8
Elliott Hall,28,274985965,,yes,,,"POLYGON ((-73.96385530000001 40.8102354, -73.9638137 40.8102927, -73.963905 40.8103309, -73.96391939999999 40.810337, -73.963961 40.8102796, -73.9639674 40.8102823, -73.9640416 40.8103133, -73.9640182 40.8103455, -73.9640278 40.8103496, -73.96394530000001 40.8104635, -73.9636691 40.8103479, -73.963775 40.8102018, -73.96384689999999 40.8102319, -73.96385530000001 40.8102354))",POINT (-73.9638537 40.8103409),415.1,4467.8
Macy,29,271917011,,yes,,,"POLYGON ((-73.96019130000001 40.8103665, -73.96021570000001 40.8103385, -73.9602537 40.8103299, -73.9606113 40.8104809, -73.9607705 40.8105445, -73.96073730000001 40.8105902, -73.9606189 40.8105407, -73.9605972 40.8105707, -73.96064509999999 40.8105908, -73.96057519999999 40.8106873, -73.960193 40.8105275, -73.9602594 40.8104358, -73.9601988 40.8104105, -73.96018429999999 40.8103761, -73.96019130000001 40.8103665))",POINT (-73.9604362 40.8105098),896.1,9645.5
Schermerhorn Hall,30,274995770,,yes,,,"POLYGON ((-73.9600291 40.8085215, -73.96005599999999 40.8084845, -73.9600485 40.8084814, -73.9601866 40.8082915, -73.9603628 40.8083655, -73.9603487 40.8083848, -73.9605057 40.8084507, -73.9606462 40.8085097, -73.9606591 40.8084921, -73.9608343 40.8085656, -73.9606939 40.8087587, -73.96051610000001 40.8086841, -73.96051989999999 40.8086789, -73.9604846 40.808664, -73.9604744 40.8086763, -73.9604618 40.8086871, -73.9604472 40.8086962, -73.9604392 40.8087001, -73.9604222 40.8087064, -73.960404 40.8087106, -73.96039469999999 40.8087118, -73.96037579999999 40.8087126, -73.96035689999999 40.8087112, -73.9603386 40.8087075, -73.9603298 40.8087048, -73.96031309999999 40.808698, -73.9603054 40.8086938, -73.96029129999999 40.8086842, -73.96028509999999 40.8086787, -73.9602744 40.8086668, -73.9602677 40.8086564, -73.96026329999999 40.808647, -73.960261 40.80864, -73.9602586 40.8086257, -73.9602592 40.8086113, -73.9602628 40.8085972, -73.96026569999999 40.8085903, -73.9602745 40.8085758, -73.96022670000001 40.8085558, -73.9601996 40.8085931, -73.9600291 40.8085215))",POINT (-73.9604169 40.808541),1680.8,18092.3
Saint Paul's Chapel,31,274995768,,yes,place_of_worship,,"POLYGON ((-73.9609895 40.8079508, -73.9609861 40.8079555, -73.96097589999999 40.807958, -73.96094739999999 40.8079459, -73.9609287 40.8079713, -73.96080600000001 40.8079193, -73.9608247 40.8078939, -73.96079640000001 40.8078819, -73.96079279999999 40.8078734, -73.9607953 40.80787, -73.9607225 40.8078392, -73.9607353 40.8078217, -73.96071929999999 40.8078134, -73.9607094 40.8078051, -73.96070210000001 40.8077955, -73.9606974 40.8077849, -73.9606962 40.8077794, -73.96069610000001 40.8077683, -73.96069900000001 40.8077574, -73.9607048 40.8077471, -73.9607132 40.807738, -73.9607183 40.807734, -73.96073 40.8077273, -73.9607433 40.8077225, -73.9607575 40.8077199, -73.96076480000001 40.8077195, -73.9607795 40.8077204, -73.96079349999999 40.8077235, -73.9608051 40.807728, -73.96081719999999 40.8077114, -73.9608892 40.8077419, -73.9608925 40.8077375, -73.96090409999999 40.8077347, -73.960932 40.8077465, -73.9609499 40.8077222, -73.9610732 40.8077745, -73.9610553 40.8077988, -73.96108220000001 40.8078102, -73.9610871 40.8078179, -73.9610819 40.807825, -73.9611431 40.807851, -73.9611508 40.8078406, -73.9612071 40.8078644, -73.96118610000001 40.807893, -73.96118250000001 40.8078915, -73.9611511 40.8079343, -73.9611194 40.8079775, -73.961123 40.807979, -73.96110210000001 40.8080074, -73.96105009999999 40.8079854, -73.9610551 40.8079786, -73.9609895 40.8079508))",POINT (-73.9609428 40.8078479),785.0,8449.6
,32,274995740,,yes,,,"POLYGON ((-73.9598934 40.8060847, -73.9599441 40.8061058, -73.9599541 40.8060919, -73.9599371 40.8060736, -73.9599666 40.8060329, -73.95998400000001 40.8060402, -73.9599954 40.8060245, -73.95997560000001 40.8060163, -73.9600234 40.8059502, -73.9601668 40.8060101, -73.96007710000001 40.806134, -73.96004809999999 40.8061314, -73.96003810000001 40.8061452, -73.96006180000001 40.8061551, -73.9600875 40.8061658, -73.96003810000001 40.806234, -73.959844 40.8061527, -73.9598934 40.8060847))",POINT (-73.9600138 40.8060943),398.9,4294.2
Peter Minuit,33,274985938,,yes,,,"POLYGON ((-73.9642547 40.8095398, -73.9643916 40.809351, -73.9644739 40.8093854, -73.96448789999999 40.8093913, -73.9644595 40.8094305, -73.9644861 40.8094416, -73.9644912 40.8094438, -73.9644952 40.8094383, -73.96455899999999 40.809465, -73.9645834 40.8094312, -73.9646479 40.8094582, -73.96451140000001 40.8096466, -73.96444700000001 40.8096196, -73.9644737 40.8095827, -73.9644115 40.8095567, -73.964417 40.8095491, -73.9643827 40.8095348, -73.9643502 40.8095797, -73.9642547 40.8095398))",POINT (-73.9644493 40.8094972),501.3,5396.2
,34,274985945,,yes,,,"POLYGON ((-73.96461979999999 40.8096919, -73.96475649999999 40.8095033, -73.9647645 40.8095067, -73.9648217 40.8095306, -73.96491779999999 40.8095708, -73.9650216 40.8096143, -73.9649691 40.8096867, -73.9648086 40.8096195, -73.9648074 40.8096211, -73.96478639999999 40.8096123, -73.9647571 40.8096527, -73.9647781 40.8096616, -73.9647757 40.8096649, -73.9649362 40.809732, -73.9648849 40.8098029, -73.9647712 40.8097553, -73.96461979999999 40.8096919))",POINT (-73.96481249999999 40.8096495),509.9,5489.0
,35,274985936,,yes,,,"POLYGON ((-73.9645384 40.8091484, -73.96463129999999 40.8090201, -73.9646956 40.8090604, -73.9647377 40.8090227, -73.9646777 40.8089851, -73.9647992 40.808891, -73.9648945 40.8089309, -73.9648756 40.8089486, -73.964941 40.8089787, -73.9647054 40.8091918, -73.9646455 40.8091667, -73.9646307 40.8091871, -73.9646207 40.8091829, -73.9645384 40.8091484))",POINT (-73.9647418 40.8090487),508.4,5471.9
,36,271916943,,yes,,,"POLYGON ((-73.9592794 40.8105252, -73.9593224 40.8105432, -73.9593441 40.8105133, -73.9593622 40.8104883, -73.95936639999999 40.8104701, -73.9593303 40.810455, -73.9593382 40.8104441, -73.9593814 40.8103845, -73.95938580000001 40.8103784, -73.95953660000001 40.8104416, -73.9595077 40.8104815, -73.95948660000001 40.8104727, -73.9594582 40.8105118, -73.9596701 40.8106005, -73.9596985 40.8105614, -73.95967659999999 40.8105522, -73.95970440000001 40.8105139, -73.959858 40.8105782, -73.95984970000001 40.8105897, -73.95980350000001 40.8106534, -73.95975900000001 40.8106347, -73.95974409999999 40.8106552, -73.95976229999999 40.8106628, -73.95969239999999 40.8107591, -73.9593196 40.810603, -73.95931109999999 40.8106147, -73.95923689999999 40.8105837, -73.9592442 40.8105736, -73.9592794 40.8105252))",POINT (-73.9595398 40.8105834),862.9,9288.2
,37,271921508,,yes,,,"POLYGON ((-73.9594168 40.8079267, -73.9595748 40.8079928, -73.9595295 40.8080552, -73.9594946 40.8080406, -73.959476 40.8080664, -73.95946360000001 40.808076, -73.9594201 40.8081359, -73.9594376 40.8081433, -73.9594465 40.8081414, -73.9594623 40.808148, -73.9594218 40.8082039, -73.9592657 40.8081385, -73.95930749999999 40.8080808, -73.9593495 40.8080984, -73.95938889999999 40.8080441, -73.9593929 40.808033, -73.9594111 40.8080078, -73.9593704 40.8079908, -73.9594168 40.8079267))",POINT (-73.9594211 40.8080638),314.8,3388.4
,38,271585121,,yes,,,"POLYGON ((-73.96394100000001 40.8060591, -73.9639581 40.8060614, -73.9639809 40.8060302, -73.9640126 40.8060437, -73.96398979999999 40.8060748, -73.96400010000001 40.8060841, -73.963904 40.8062153, -73.9638449 40.8061902, -73.96394100000001 40.8060591))",POINT (-73.9639304 40.8061265),109.9,1182.5
Hogan Hall,39,271585144,,dormitory,,,"POLYGON ((-73.9645289 40.8061652, -73.96483720000001 40.8062957, -73.96479789999999 40.8063494, -73.964793 40.8063561, -73.96471819999999 40.8063245, -73.9646606 40.806403, -73.9647354 40.8064347, -73.96466169999999 40.8065353, -73.9646613 40.8065358, -73.96466030000001 40.8065354, -73.96435289999999 40.8064052, -73.9645289 40.8061652))",POINT (-73.96458370000001 40.806348),835.5,8992.9
,40,271921484,,yes,,,"POLYGON ((-73.95875359999999 40.8076491, -73.95894509999999 40.8077293, -73.9589046 40.8077851, -73.9588499 40.8077622, -73.9588406 40.807775, -73.9588459 40.8077871, -73.958815 40.8078296, -73.9587999 40.8078233, -73.9587889 40.8078384, -73.95879100000001 40.8078528, -73.95884049999999 40.8078736, -73.9588392 40.8078754, -73.9587938 40.807938, -73.9586012 40.8078574, -73.9586479 40.807793, -73.95869759999999 40.8078137, -73.95871769999999 40.8078086, -73.95872869999999 40.8077935, -73.9587095 40.8077854, -73.958741 40.807742, -73.958752 40.807739, -73.9587618 40.8077254, -73.9587131 40.807705, -73.95875359999999 40.8076491))",POINT (-73.95877249999999 40.8077943),381.7,4108.9
Furnald Hall,41,274995731,,dormitory,,,"POLYGON ((-73.96369230000001 40.8075089, -73.9636869 40.8075066, -73.9637542 40.8074149, -73.96376549999999 40.8074196, -73.9638159 40.8073509, -73.9638705 40.8072768, -73.9638609 40.8072728, -73.9639289 40.8071805, -73.96412669999999 40.8072641, -73.9638863 40.8075901, -73.9638887 40.8075911, -73.9638411 40.807656, -73.96364490000001 40.8075735, -73.96369230000001 40.8075089))",POINT (-73.9638854 40.8074191),933.5,10048.6
Horace Mann,42,271916920,,yes,,,"POLYGON ((-73.9611417 40.8107964, -73.96128090000001 40.8108546, -73.96131819999999 40.8108031, -73.961179 40.8107449, -73.9611546 40.8107347, -73.961158 40.8107301, -73.9612487 40.8106048, -73.9612568 40.8106082, -73.96128229999999 40.8106189, -73.9613177 40.8105699, -73.961451 40.8106256, -73.96148580000001 40.8105777, -73.9614176 40.8105492, -73.96140440000001 40.8105674, -73.96133930000001 40.8105402, -73.9614277 40.8104181, -73.961736 40.8105469, -73.9613882 40.8110271, -73.96107069999999 40.8108944, -73.9611417 40.8107964))",POINT (-73.9614085 40.8107235),1722.9,18545.0
Milbank Hall,43,274985961,,yes,,,"POLYGON ((-73.962523 40.8105573, -73.96252029999999 40.810561, -73.9623909 40.8105066, -73.9624652 40.8104041, -73.9624795 40.8104102, -73.96250620000001 40.8103738, -73.96261010000001 40.810232, -73.9625954 40.8102258, -73.9626712 40.810122, -73.9628391 40.8101925, -73.962763 40.8102964, -73.9627278 40.8102816, -73.9626379 40.8104045, -73.9628257 40.8104829, -73.9630066 40.8105592, -73.9630978 40.8104345, -73.96305769999999 40.8104177, -73.9631318 40.8103165, -73.9632986 40.8103864, -73.9632289 40.8104817, -73.96322069999999 40.810478, -73.9630799 40.8106693, -73.96308879999999 40.810673, -73.96301750000001 40.8107702, -73.9628931 40.8107178, -73.9628953 40.8107148, -73.962523 40.8105573))",POINT (-73.96282119999999 40.8104794),1958.8,21084.5
,44,271585102,,yes,,,"POLYGON ((-73.96334969999999 40.8057964, -73.9633826 40.8058103, -73.9634032 40.8057822, -73.963448 40.8058012, -73.9633243 40.8059699, -73.96324660000001 40.805937, -73.9632934 40.8058732, -73.9633437 40.8058046, -73.96334969999999 40.8057964))",POINT (-73.9633451 40.8058751),148.6,1599.9
Wallach Hall,45,274995779,,yes,,,"POLYGON ((-73.9619775 40.8058413, -73.9621739 40.8059243, -73.9619302 40.8062573, -73.9617338 40.8061744, -73.9617535 40.8061475, -73.9619775 40.8058413))",POINT (-73.9619539 40.8060493),800.0,8610.7
,46,271585131,,yes,,,"POLYGON ((-73.9642704 40.8061519, -73.9643011 40.806165, -73.96427629999999 40.8061988, -73.96430599999999 40.8062114, -73.9642087 40.8063442, -73.9641482 40.8063186, -73.9642704 40.8061519))",POINT (-73.9642324 40.8062547),111.6,1201.4
M11 stop,47,749005406,,yes,shelter,,"POLYGON ((-73.9607881 40.8070076, -73.96076979999999 40.8070004, -73.96079450000001 40.8069661, -73.9608132 40.8069745, -73.9607881 40.8070076))",POINT (-73.9607915 40.806987),7.8,84.1
,48,271585112,,yes,,,"POLYGON ((-73.9636876 40.805956, -73.96371929999999 40.8059694, -73.9637433 40.8059367, -73.9637378 40.8059294, -73.9637642 40.8058934, -73.9638035 40.8059101, -73.9636565 40.8061105, -73.9635938 40.806084, -73.9636876 40.805956))",POINT (-73.96369350000001 40.8060098),129.5,1394.2
,49,271585107,,yes,,,"POLYGON ((-73.9634973 40.8058755, -73.9635317 40.80589, -73.9635552 40.8058579, -73.9635834 40.8058699, -73.96346610000001 40.8060299, -73.9634035 40.8060034, -73.9634973 40.8058755))",POINT (-73.9634894 40.8059453),109.4,1177.1
Brooks Hall,50,274985933,,yes,,,"POLYGON ((-73.96416019999999 40.8082928, -73.9645374 40.8084482, -73.9644831 40.8085242, -73.9644565 40.8085131, -73.96443720000001 40.8085401, -73.9640869 40.8083951, -73.96416019999999 40.8082928))",POINT (-73.9643095 40.8084198),461.0,4962.5
Earl Hall,51,274995727,,yes,,,"POLYGON ((-73.9627778 40.8086943, -73.96275319999999 40.8087055, -73.96260270000001 40.8086424, -73.96260820000001 40.8086348, -73.9625954 40.8086167, -73.96250070000001 40.808577, -73.9625071 40.8085681, -73.9624872 40.8085598, -73.9625205 40.8085139, -73.96255379999999 40.8084681, -73.96257369999999 40.8084765, -73.9625794 40.8084686, -73.9626741 40.8085083, -73.96270509999999 40.8085015, -73.9628556 40.8085646, -73.96285709999999 40.8085851, -73.9629068 40.8086059, -73.96282739999999 40.8087151, -73.9627778 40.8086943))",POINT (-73.9626993 40.8085902),522.6,5625.4
University Hall,52,274995773,,yes,,,"POLYGON ((-73.9614198 40.8092562, -73.96136660000001 40.8093287, -73.9613504 40.8093475, -73.9613319 40.809365, -73.9613111 40.809381, -73.96128830000001 40.8093953, -73.9612637 40.8094079, -73.9612508 40.8094134, -73.9612241 40.809423, -73.9611962 40.8094306, -73.9611675 40.8094359, -73.96113819999999 40.8094391, -73.96112340000001 40.8094399, -73.9610938 40.8094397, -73.9610644 40.8094372, -73.96103549999999 40.8094326, -73.96100730000001 40.8094257, -73.9609935 40.8094215, -73.960967 40.8094116, -73.96094189999999 40.8093996, -73.96091850000001 40.8093859, -73.96089600000001 40.8093695, -73.96086889999999 40.8093444, -73.9608532 40.8093253, -73.96084 40.8093052, -73.9608295 40.8092842, -73.96082180000001 40.8092625, -73.96081909999999 40.8092514, -73.96081580000001 40.8092291, -73.9608154 40.8092066, -73.960818 40.8091842, -73.9608236 40.8091621, -73.9608274 40.8091513, -73.9608372 40.80913, -73.96084980000001 40.8091097, -73.960903 40.8090372, -73.9614198 40.8092562))",POINT (-73.9610766 40.8092623),1413.6,15216.3
William and June Warren Hall,53,274995785,,yes,,,"POLYGON ((-73.96102449999999 40.8060165, -73.96118079999999 40.8060821, -73.96116309999999 40.8061065, -73.9612023 40.806123, -73.96122010000001 40.8060986, -73.9613348 40.8061467, -73.9612429 40.806273, -73.9611773 40.8063633, -73.9611563 40.8063545, -73.96113990000001 40.8063772, -73.96113130000001 40.8063736, -73.9608506 40.8062558, -73.9608767 40.8062198, -73.9609241 40.8061545, -73.960977 40.8060817, -73.96102449999999 40.8060165))",POINT (-73.9610909 40.8062014),889.5,9574.5
Pulitzer Hall,54,274995725,,yes,,,"POLYGON ((-73.9638411 40.807656, -73.9637486 40.8077828, -73.9630982 40.8075095, -73.9631906 40.8073825, -73.96364490000001 40.8075735, -73.9638411 40.807656))",POINT (-73.9634696 40.8075827),1006.4,10832.6
,55,274985937,,yes,,,"POLYGON ((-73.9645695 40.8094254, -73.9645967 40.8093878, -73.9645908 40.8093766, -73.9645288 40.8093506, -73.9645359 40.8093409, -73.9645131 40.8093313, -73.9644739 40.8093854, -73.9643916 40.809351, -73.9645384 40.8091484, -73.9646207 40.8091829, -73.9645822 40.8092361, -73.9646049 40.8092456, -73.96460999999999 40.8092386, -73.96467199999999 40.8092645, -73.9646887 40.8092609, -73.9647161 40.8092231, -73.9647945 40.8092559, -73.9646479 40.8094582, -73.9645834 40.8094312, -73.9645695 40.8094254))",POINT (-73.96459299999999 40.8093035),523.5,5634.8
,56,271585116,,yes,,,"POLYGON ((-73.9638035 40.8059101, -73.96384089999999 40.8059259, -73.9638118 40.8059657, -73.9638063 40.8059633, -73.9637846 40.8059929, -73.96381510000001 40.8060058, -73.963719 40.806137, -73.9636565 40.8061105, -73.9638035 40.8059101))",POINT (-73.96374969999999 40.8060336),130.8,1407.4
Heyman Center for the Humanities,57,274995735,,yes,,,"POLYGON ((-73.95905070000001 40.8074436, -73.9588464 40.8073571, -73.95878279999999 40.8074431, -73.9587672 40.8074642, -73.9589792 40.8075539, -73.9590116 40.80751, -73.959022 40.807496, -73.9590144 40.8074927, -73.95905070000001 40.8074436))",POINT (-73.9589107 40.8074553),274.8,2957.8
Teachers College,58,723008688,,,university,,"POLYGON ((-73.9607479 40.8101339, -73.9605487 40.8100506, -73.9602989 40.8099479, -73.96028509999999 40.8099421, -73.96020710000001 40.8099089, -73.96019389999999 40.8099033, -73.95968329999999 40.8096866, -73.959604 40.8096529, -73.95928619999999 40.809518, -73.9591095 40.8097666, -73.95908300000001 40.8098031, -73.9590377 40.8098654, -73.9590177 40.8098921, -73.9589357 40.8100019, -73.959254 40.810135, -73.95930679999999 40.8101559, -73.9600739 40.8104765, -73.960193 40.8105275, -73.96057519999999 40.8106873, -73.96107069999999 40.8108944, -73.9613882 40.8110271, -73.961736 40.8105469, -73.9614277 40.8104181, -73.9610744 40.8102704, -73.9607479 40.8101339))",POINT (-73.96033610000001 40.810274),14355.0,154515.7
,59,271585125,,yes,,,"POLYGON ((-73.96408580000001 40.8060798, -73.96411670000001 40.8060929, -73.964094 40.8061238, -73.9641274 40.806138, -73.9640313 40.8062691, -73.963967 40.8062419, -73.96408580000001 40.8060798))",POINT (-73.9640516 40.806181),115.5,1243.4
,60,738973806,,roof,,,"POLYGON ((-73.9614845 40.8099593, -73.96139239999999 40.8099209, -73.9614053 40.8099031, -73.961338 40.8098749, -73.9613524 40.809855, -73.96141969999999 40.8098832, -73.9614308 40.8098679, -73.96152290000001 40.8099064, -73.9614845 40.8099593))",POINT (-73.9614407 40.8099062),76.1,819.3
,61,271585119,,yes,,,"POLYGON ((-73.9639011 40.8060025, -73.9639324 40.8060158, -73.9639102 40.806046, -73.96394100000001 40.8060591, -73.9638449 40.8061902, -73.9637828 40.806164, -73.9639011 40.8060025))",POINT (-73.96386649999999 40.8061024),110.2,1186.6
,62,274995787,,yes,,,"POLYGON ((-73.96072220000001 40.8064258, -73.9607395 40.806433, -73.9607721 40.8063883, -73.9608235 40.8064097, -73.9608327 40.806397, -73.960781 40.8063755, -73.9608532 40.8062761, -73.9611207 40.8063875, -73.9611493 40.8063994, -73.96108889999999 40.8064825, -73.9609367 40.8064191, -73.9609404 40.806414, -73.9609287 40.8064091, -73.9609086 40.8064367, -73.961073 40.8065051, -73.9610052 40.8065983, -73.960983 40.8066289, -73.9608994 40.8065941, -73.9609687 40.8064986, -73.9609462 40.8064892, -73.96093380000001 40.806494, -73.9608702 40.8065817, -73.96078439999999 40.806546, -73.9608343 40.8064772, -73.9608259 40.8064657, -73.96080670000001 40.8064656, -73.9607568 40.8065342, -73.96066980000001 40.806498, -73.96072220000001 40.8064258))",POINT (-73.960914 40.8064472),731.0,7868.7
,63,274982921,,yes,,,"POLYGON ((-73.96512989999999 40.807162, -73.9651846 40.8071856, -73.9651939 40.8071732, -73.96498920000001 40.8070847, -73.96491930000001 40.8070544, -73.9649488 40.8070151, -73.96504470000001 40.8068871, -73.9650966 40.8069096, -73.9650903 40.8069179, -73.96542150000001 40.8070612, -73.96538219999999 40.8071137, -73.9653488 40.8071583, -73.9653327 40.8071514, -73.9652342 40.8072829, -73.965087 40.8072192, -73.96512610000001 40.8071671, -73.96512989999999 40.807162))",POINT (-73.9651702 40.8070772),866.7,9329.0
,64,271585123,,yes,,,"POLYGON ((-73.96400010000001 40.8060841, -73.9640333 40.8060982, -73.964056 40.8060672, -73.96408580000001 40.8060798, -73.963967 40.8062419, -73.963904 40.8062153, -73.96400010000001 40.8060841))",POINT (-73.9639912 40.8061556),112.0,1205.3
,65,271585133,,yes,,,"POLYGON ((-73.96430599999999 40.8062114, -73.9643257 40.8062111, -73.96434910000001 40.8061791, -73.96438139999999 40.8061928, -73.964358 40.8062248, -73.9643672 40.8062373, -73.96432900000001 40.8062894, -73.9643208 40.8062859, -73.96431 40.8063007, -73.96431819999999 40.8063041, -73.96426990000001 40.8063701, -73.9642087 40.8063442, -73.96430599999999 40.8062114))",POINT (-73.9642965 40.8062786),114.7,1235.1
Philosophy Hall,66,274995765,,school,,,"POLYGON ((-73.9611627 40.8073014, -73.9610484 40.8074585, -73.96090239999999 40.807656, -73.960712 40.8075754, -73.9607225 40.8075611, -73.96096989999999 40.807221, -73.9611627 40.8073014))",POINT (-73.9609372 40.8074383),831.8,8953.6
47 Claremont,67,274985953,,yes,,,"POLYGON ((-73.9639979 40.8102402, -73.9639641 40.810226, -73.9639579 40.8102346, -73.9638712 40.8101983, -73.96384689999999 40.8102319, -73.963775 40.8102018, -73.96388570000001 40.810049, -73.9639576 40.8100791, -73.963928 40.81012, -73.9639399 40.810125, -73.9640517 40.8101717, -73.9640813 40.8101308, -73.96415229999999 40.8101606, -73.9640416 40.8103133, -73.9639674 40.8102823, -73.9639979 40.8102402))",POINT (-73.9639626 40.810182),382.4,4116.0
,68,274985950,,yes,,,"POLYGON ((-73.9644844 40.8101561, -73.9643386 40.8100951, -73.96441350000001 40.8099917, -73.96456360000001 40.8100545, -73.9645807 40.8100308, -73.9646874 40.8100754, -73.96457719999999 40.8102274, -73.96446640000001 40.810181, -73.9644844 40.8101561))",POINT (-73.9645163 40.8101028),388.7,4183.8
Newstand,69,749008818,,retail,,,"POLYGON ((-73.9643884 40.8070493, -73.96436199999999 40.8070379, -73.96438430000001 40.8070083, -73.9644107 40.8070197, -73.9643884 40.8070493))",POINT (-73.9643864 40.8070288),9.8,105.8
Columbia University,70,732228095,,,university,,"POLYGON ((-73.9619964 40.8103407, -73.9638537 40.8077774, -73.96463989999999 40.8066923, -73.9620882 40.8056331, -73.9613561 40.8066435, -73.9611184 40.8069716, -73.9593898 40.8062541, -73.9587969 40.8070723, -73.95875270000001 40.8071333, -73.9587234 40.8071737, -73.95855570000001 40.8074052, -73.9602781 40.8081202, -73.95944660000001 40.8092678, -73.9619964 40.8103407))",POINT (-73.96165449999999 40.8078446),137538.0,1480445.1
Broadway Residence Hall,71,271585091,,dormitory,,,"POLYGON ((-73.9646193 40.8058935, -73.96501069999999 40.8060591, -73.96483720000001 40.8062957, -73.9645289 40.8061652, -73.96435289999999 40.8064052, -73.96426990000001 40.8063701, -73.96431819999999 40.8063041, -73.96432900000001 40.8062894, -73.9643672 40.8062373, -73.9645763 40.805952, -73.9646193 40.8058935))",POINT (-73.96467 40.8061252),1380.7,14861.5
Barnard College,72,39243740,,,university,,"POLYGON ((-73.9646767 40.8085003, -73.9645403 40.8084441, -73.96416309999999 40.8082888, -73.9640454 40.8082403, -73.96387919999999 40.8084701, -73.9638724 40.8084798, -73.9637476 40.8086595, -73.9637268 40.8086888, -73.9633752 40.8091695, -73.9631136 40.8095303, -73.96307470000001 40.8095816, -73.9629046 40.8098128, -73.9627859 40.8099717, -73.9627299 40.8100512, -73.9626712 40.810122, -73.9625954 40.8102258, -73.9624652 40.8104041, -73.9623909 40.8105066, -73.9628931 40.8107178, -73.96301750000001 40.8107702, -73.96308879999999 40.810673, -73.9630799 40.8106693, -73.96322069999999 40.810478, -73.96341769999999 40.8102105, -73.9635273 40.8100615, -73.96361419999999 40.8099434, -73.96393809999999 40.8095034, -73.9640497 40.8093518, -73.9642662 40.8090578, -73.9643312 40.8089696, -73.9646767 40.8085003))",POINT (-73.963534 40.8095026),17183.9,184966.3
,73,271917114,,yes,,,"POLYGON ((-73.9610854 40.8105488, -73.9612111 40.8106024, -73.96115469999999 40.8106787, -73.961029 40.8106251, -73.9610301 40.8106236, -73.9610854 40.8105488))",POINT (-73.96111999999999 40.8106137),118.2,1272.1
Regnor Court,74,274982920,,yes,,,"POLYGON ((-73.964398 40.8077529, -73.9645719 40.8075121, -73.964727 40.8075768, -73.9646393 40.8076982, -73.9646717 40.8077117, -73.9647042 40.8077252, -73.9647918 40.8076038, -73.96493630000001 40.807664, -73.9648507 40.8077826, -73.96481919999999 40.8077695, -73.964731 40.8078917, -73.9646292 40.8078493, -73.9646568 40.807811, -73.9645374 40.8077613, -73.9645098 40.8077995, -73.964398 40.8077529))",POINT (-73.96466049999999 40.8077017),871.4,9380.2
Croton Aqueduct West 119th Street Gatehouse,75,723008687,,yes,,,"POLYGON ((-73.95945930000001 40.808508, -73.9595314 40.8084103, -73.9596444 40.8084581, -73.9596097 40.8085051, -73.9595724 40.8085557, -73.95953059999999 40.8085382, -73.95945930000001 40.808508))",POINT (-73.9595518 40.808483),135.9,1462.4
Jerome Greene Hall,76,274995750,,yes,,,"POLYGON ((-73.9597699 40.8070814, -73.9597618 40.8070776, -73.95975780000001 40.8070738, -73.9597553 40.8070697, -73.9597543 40.807064, -73.9597565 40.807057, -73.95975799999999 40.8070541, -73.9597606 40.8070518, -73.9597639 40.8070496, -73.95977120000001 40.8070467, -73.9597783 40.8070458, -73.9597852 40.8070466, -73.95979509999999 40.8070508, -73.95980059999999 40.8070567, -73.9598025 40.8070623, -73.9598017 40.8070693, -73.9597977 40.8070754, -73.9598328 40.8070901, -73.9601828 40.8066096, -73.9608047 40.8068711, -73.960701 40.8070135, -73.9606988 40.8070166, -73.9604202 40.8073991, -73.95974529999999 40.8071154, -73.9597699 40.8070814))",POINT (-73.9602962 40.8070053),4057.8,43678.0
,77,274982919,,yes,,,"POLYGON ((-73.9645098 40.8077995, -73.9644935 40.807822, -73.9646374 40.807882, -73.96458149999999 40.8079595, -73.9645002 40.8079256, -73.9644759 40.8079592, -73.96448169999999 40.8079616, -73.96447089999999 40.8079767, -73.9645738 40.8080196, -73.9645075 40.8081114, -73.96422440000001 40.8079933, -73.964398 40.8077529, -73.9645098 40.8077995))",POINT (-73.96442949999999 40.8079345),693.7,7466.6
Computer Science,78,274995726,,yes,,,"POLYGON ((-73.95984970000001 40.8087591, -73.9600492 40.8088434, -73.96000669999999 40.8089023, -73.9599691 40.8089512, -73.96019320000001 40.8090453, -73.9600739 40.8092093, -73.9601456 40.8092394, -73.96011009999999 40.8092881, -73.9600009 40.8092408, -73.9598167 40.8091675, -73.9596159 40.8090806, -73.95980659999999 40.8088184, -73.9598304 40.8087856, -73.95984970000001 40.8087591))",POINT (-73.9599108 40.8090297),1409.5,15171.7
,79,271916963,,yes,,,"POLYGON ((-73.9599128 40.8107855, -73.95997610000001 40.810812, -73.9599844 40.8108007, -73.95999 40.810793, -73.95997629999999 40.8107872, -73.9600159 40.8107327, -73.9599662 40.8107119, -73.9600114 40.8106496, -73.960224 40.8107386, -73.96017809999999 40.8108019, -73.9601212 40.8107781, -73.9600803 40.8108346, -73.9600657 40.8108285, -73.960054 40.8108447, -73.9601254 40.8108746, -73.9600787 40.8109389, -73.9598661 40.8108499, -73.9599128 40.8107855))",POINT (-73.9600446 40.8107938),418.7,4507.0
,80,274985941,,yes,,,"POLYGON ((-73.96388570000001 40.810049, -73.963956 40.809952, -73.9640991 40.8100119, -73.96413099999999 40.8099679, -73.9639878 40.809908, -73.9640589 40.80981, -73.9641768 40.8098594, -73.9641603 40.8098822, -73.9642971 40.8099394, -73.96415450000001 40.8101362, -73.9640186 40.8100794, -73.9640046 40.8100988, -73.9639576 40.8100791, -73.96388570000001 40.810049))",POINT (-73.96409920000001 40.8099838),595.5,6410.3
Casa Hisp√°nica,81,274982896,,yes,,,"POLYGON ((-73.9649866 40.808219, -73.9650013 40.8082251, -73.96500829999999 40.8082154, -73.9649952 40.80821, -73.9650086 40.8081914, -73.96503079999999 40.8081867, -73.9650477 40.8081633, -73.96503319999999 40.8081573, -73.9650821 40.8080895, -73.96516130000001 40.8081225, -73.9651581 40.808127, -73.9651135 40.8081888, -73.9651124 40.8081903, -73.9650977 40.8081842, -73.96509399999999 40.8081893, -73.9650881 40.8081974, -73.9651028 40.8082036, -73.96507440000001 40.808243, -73.9650608 40.8082373, -73.9650539 40.808247, -73.9650674 40.8082527, -73.9650608 40.8082618, -73.9650163 40.8083234, -73.9649355 40.8082898, -73.96498219999999 40.8082252, -73.9649866 40.808219))",POINT (-73.96504880000001 40.8082074),185.3,1994.4
President's House,82,274995766,,yes,,,"POLYGON ((-73.9594014 40.8065228, -73.95939919999999 40.8065258, -73.95927639999999 40.8064743, -73.9593449 40.8063802, -73.9594163 40.8062817, -73.95953919999999 40.8063332, -73.9595334 40.8063412, -73.95943680000001 40.8064741, -73.95950759999999 40.8065038, -73.95947219999999 40.8065525, -73.9594014 40.8065228))",POINT (-73.95941379999999 40.8064177),330.4,3555.9
,83,271585105,,yes,,,"POLYGON ((-73.963448 40.8058012, -73.9634925 40.80582, -73.9634736 40.8058458, -73.9635083 40.8058605, -73.9634973 40.8058755, -73.9634035 40.8060034, -73.9633243 40.8059699, -73.963448 40.8058012))",POINT (-73.9634204 40.8059068),154.0,1657.8
Sulzberger Hall,84,274985963,,yes,,,"POLYGON ((-73.963998 40.8085192, -73.9639919 40.8085277, -73.9639864 40.8085354, -73.9639315 40.808612, -73.96400749999999 40.8086434, -73.9640055 40.8086463, -73.96404920000001 40.8086644, -73.96400559999999 40.8087252, -73.9640172 40.80873, -73.96414369999999 40.8087824, -73.9640821 40.8088684, -73.96395459999999 40.8088156, -73.9638866 40.8087875, -73.9638782 40.8087991, -73.96373800000001 40.8087411, -73.9637644 40.8087044, -73.9637268 40.8086888, -73.9637476 40.8086595, -73.963751 40.8086609, -73.963876 40.8084813, -73.9638724 40.8084798, -73.96387919999999 40.8084701, -73.963998 40.8085192))",POINT (-73.9639191 40.8086854),705.0,7588.2
Hewitt Hall,85,274985935,,yes,,,"POLYGON ((-73.96414369999999 40.8087824, -73.9642628 40.8088316, -73.9644831 40.8085242, -73.9645374 40.8084482, -73.9645403 40.8084441, -73.9646767 40.8085003, -73.9643312 40.8089696, -73.9640821 40.8088684, -73.96414369999999 40.8087824))",POINT (-73.9644017 40.8087258),884.5,9520.6
,86,271585127,,yes,,,"POLYGON ((-73.96412960000001 40.8061349, -73.964145 40.8061335, -73.96416790000001 40.8061022, -73.9642018 40.8061165, -73.96417889999999 40.8061478, -73.964189 40.80616, -73.96409060000001 40.8062942, -73.9640313 40.8062691, -73.9641274 40.806138, -73.96412960000001 40.8061349))",POINT (-73.9641189 40.8062022),113.7,1224.4
,87,271921505,,yes,,,"POLYGON ((-73.9590657 40.8084105, -73.9589581 40.8083656, -73.9590425 40.8082487, -73.95899230000001 40.8082278, -73.9589739 40.8082533, -73.9589793 40.8082555, -73.95891330000001 40.8083469, -73.9588191 40.8083076, -73.9588845 40.8082171, -73.9588921 40.8082203, -73.9589086 40.8081974, -73.958856 40.8081754, -73.95877400000001 40.8082888, -73.95866890000001 40.8082449, -73.9587193 40.8081752, -73.958742 40.8081847, -73.95884289999999 40.8080451, -73.958969 40.8080977, -73.95896550000001 40.8081024, -73.95919240000001 40.8081971, -73.95908420000001 40.8083469, -73.9591053 40.8083557, -73.9590657 40.8084105))",POINT (-73.9589436 40.8082198),792.4,8528.9
,88,271921510,,yes,,,"POLYGON ((-73.959118 40.8083383, -73.9591549 40.8083537, -73.9591672 40.8083367, -73.9591542 40.8083313, -73.9592395 40.8082132, -73.95937600000001 40.8082711, -73.9593656 40.8082854, -73.95939559999999 40.808298, -73.9594312 40.8082487, -73.95940179999999 40.8082364, -73.9594225 40.8082079, -73.9595527 40.8082622, -73.9594079 40.8084621, -73.9594312 40.8084717, -73.9593785 40.8085444, -73.9592459 40.808489, -73.9593369 40.8083631, -73.9593453 40.8083666, -73.9593661 40.8083377, -73.9593053 40.8083123, -73.9592918 40.808331, -73.9592986 40.8083338, -73.9592021 40.8084674, -73.9590657 40.8084105, -73.9591053 40.8083557, -73.959118 40.8083383))",POINT (-73.9593187 40.8083621),710.2,7644.7
,89,271585109,,yes,,,"POLYGON ((-73.9635834 40.8058699, -73.9636144 40.805883, -73.96359080000001 40.8059151, -73.96362310000001 40.8059287, -73.9635293 40.8060567, -73.96346610000001 40.8060299, -73.9635834 40.8058699))",POINT (-73.9635492 40.8059698),111.3,1197.6
Zankel,90,271917090,,yes,,,"POLYGON ((-73.9606914 40.8103714, -73.96036049999999 40.8102317, -73.9603542 40.8102114, -73.9603676 40.8101931, -73.9603328 40.8101784, -73.96021570000001 40.8103385, -73.96019130000001 40.8103665, -73.9600377 40.8103088, -73.9600495 40.8102906, -73.9601807 40.8101102, -73.96026120000001 40.8099945, -73.9605139 40.8101001, -73.9605081 40.8100782, -73.9605219 40.8100591, -73.9605487 40.8100506, -73.9607479 40.8101339, -73.9607139 40.8101809, -73.9609616 40.8102844, -73.96091490000001 40.8103489, -73.96094309999999 40.8103606, -73.9609392 40.810366, -73.9609899 40.8103872, -73.96097109999999 40.8104131, -73.9609205 40.8103919, -73.9608187 40.8105325, -73.9607883 40.8105198, -73.9607705 40.8105445, -73.9606113 40.8104809, -73.9606914 40.8103714))",POINT (-73.96053689999999 40.8102501),1985.6,21372.3
Kent Hall,91,274995755,,yes,,,"POLYGON ((-73.9610268 40.8071431, -73.96112239999999 40.8070117, -73.9617719 40.8072847, -73.96167629999999 40.807416, -73.96143290000001 40.8073138, -73.9614107 40.8073443, -73.96132660000001 40.8073089, -73.9612485 40.8072761, -73.9612707 40.8072456, -73.96120759999999 40.8072191, -73.9610268 40.8071431))",POINT (-73.9613961 40.8072183),1104.4,11887.4
Avery Hall,92,738973811,,yes,,,"POLYGON ((-73.96099700000001 40.8083762, -73.9610263 40.8083884, -73.96107170000001 40.8083255, -73.961118 40.8082612, -73.9610886 40.8082491, -73.9611811 40.8081252, -73.960977 40.8080399, -73.960708 40.8084085, -73.9609121 40.8084938, -73.96099700000001 40.8083762))",POINT (-73.9609495 40.8082692),962.0,10354.5
Lewisohn Hall,93,274995737,,yes,,,"POLYGON ((-73.9632297 40.808177, -73.9634113 40.8082533, -73.96341200000001 40.8082536, -73.9631571 40.8086039, -73.9629748 40.8085273, -73.9631139 40.8083362, -73.9631608 40.8082718, -73.9632297 40.808177))",POINT (-73.96319339999999 40.8083905),779.7,8392.6
Uris Hall,94,274995776,,yes,,,"POLYGON ((-73.9614198 40.8092562, -73.960903 40.8090372, -73.96080360000001 40.8089951, -73.9609121 40.8088472, -73.96103859999999 40.8086749, -73.961151 40.8087225, -73.9611618 40.8087077, -73.961153 40.8087039, -73.9611804 40.8086666, -73.9614334 40.8087738, -73.96168419999999 40.8088801, -73.96165550000001 40.8089193, -73.961648 40.8089161, -73.96163989999999 40.8089271, -73.96175049999999 40.8089739, -73.96151399999999 40.8092961, -73.9614198 40.8092562))",POINT (-73.9612908 40.8089664),3112.3,33500.3
Schermerhorn Extension,95,274995736,,yes,,,"POLYGON ((-73.960024 40.8085194, -73.9600291 40.8085215, -73.9601996 40.8085931, -73.96022259999999 40.8086028, -73.9600492 40.8088434, -73.95984970000001 40.8087591, -73.960024 40.8085194))",POINT (-73.9600363 40.8086813),585.6,6303.3
,96,271921492,,yes,,,"POLYGON ((-73.9588392 40.8078754, -73.9588667 40.8078869, -73.9588799 40.8078846, -73.95888789999999 40.8078734, -73.95887519999999 40.8078681, -73.9589108 40.807819, -73.9589254 40.8078251, -73.9589318 40.8078163, -73.95892619999999 40.8078054, -73.9588984 40.8077937, -73.9589046 40.8077851, -73.95894509999999 40.8077293, -73.9590999 40.8077941, -73.9590534 40.8078584, -73.9590268 40.8078472, -73.959012 40.8078498, -73.9590055 40.8078587, -73.95901809999999 40.807864, -73.9589998 40.8078893, -73.959012 40.8078944, -73.9589996 40.8079115, -73.9589852 40.807914, -73.9589684 40.807907, -73.95896140000001 40.8079166, -73.9589642 40.8079268, -73.9589946 40.8079395, -73.95894869999999 40.8080028, -73.9587938 40.807938, -73.9588392 40.8078754))",POINT (-73.95894749999999 40.8078662),341.3,3673.4
,97,271585111,,yes,,,"POLYGON ((-73.96362310000001 40.8059287, -73.9636453 40.8059282, -73.9636668 40.8058989, -73.9636981 40.8059121, -73.9636766 40.8059414, -73.9636876 40.805956, -73.9635938 40.806084, -73.9635293 40.8060567, -73.96362310000001 40.8059287))",POINT (-73.96361640000001 40.8059955),116.8,1256.7
,98,274982912,,yes,,,"POLYGON ((-73.9655192 40.8079108, -73.96560119999999 40.8079445, -73.96555189999999 40.8080137, -73.9655334 40.8080061, -73.9654975 40.8080565, -73.9655127 40.8080627, -73.9654622 40.8081336, -73.9654286 40.8081198, -73.9654013 40.8081582, -73.9653891 40.8081532, -73.9653799 40.8081661, -73.9653469 40.8081526, -73.9653697 40.8081205, -73.9655192 40.8079108))",POINT (-73.9654769 40.8080356),201.9,2173.1
,99,274995742,,yes,,,"POLYGON ((-73.96028920000001 40.8058873, -73.9603499 40.8059128, -73.9603611 40.8058973, -73.9603484 40.805892, -73.9603905 40.805834, -73.9603426 40.8058139, -73.9603891 40.8057499, -73.96059889999999 40.8058379, -73.9605504 40.8059048, -73.96049619999999 40.805882, -73.9604562 40.8059372, -73.9604428 40.8059316, -73.960431 40.8059477, -73.9604985 40.8059761, -73.9604511 40.8060413, -73.96024130000001 40.8059533, -73.96028509999999 40.8058929, -73.96028920000001 40.8058873))",POINT (-73.96041990000001 40.8058951),425.9,4584.5
The Sarasota,100,271916949,,yes,,,"POLYGON ((-73.95917919999999 40.8108022, -73.9592045 40.8108127, -73.9592943 40.810689, -73.9594001 40.8107333, -73.95931109999999 40.810856, -73.9593368 40.8108667, -73.9592852 40.8109378, -73.9591284 40.8108721, -73.9591703 40.8108144, -73.95917919999999 40.8108022))",POINT (-73.95927039999999 40.8108173),294.0,3164.6
Butler Library,101,274995721,,yes,library,,"POLYGON ((-73.9633561 40.8066923, -73.9633516 40.8066985, -73.9630476 40.8065728, -73.9627325 40.8064401, -73.962737 40.8064339, -73.96263209999999 40.8063901, -73.9629166 40.8059964, -73.9637494 40.8063439, -73.96373989999999 40.806357, -73.96346490000001 40.8067377, -73.9633561 40.8066923))",POINT (-73.96318890000001 40.8063695),4046.7,43558.3
Helen Reid Hall,102,274985934,,yes,,,"POLYGON ((-73.96416019999999 40.8082928, -73.9640869 40.8083951, -73.963998 40.8085192, -73.96387919999999 40.8084701, -73.9640454 40.8082403, -73.96416309999999 40.8082888, -73.96416019999999 40.8082928))",POINT (-73.9640213 40.8083798),329.9,3550.5
Hartley Hall,103,274995733,,university,,,"POLYGON ((-73.9614436 40.8065712, -73.96166119999999 40.8062737, -73.9617068 40.8062113, -73.9617338 40.8061744, -73.9619302 40.8062573, -73.96190660000001 40.8062895, -73.96164 40.806654, -73.9615103 40.8065993, -73.9614436 40.8065712))",POINT (-73.9616869 40.8064142),953.7,10265.0
,104,271921517,,yes,,,"POLYGON ((-73.9592237 40.8088757, -73.9591806 40.8088575, -73.9591729 40.8088681, -73.95889219999999 40.8087496, -73.95892790000001 40.8087007, -73.958906 40.8086915, -73.9589926 40.808573, -73.9590979 40.8086175, -73.9590331 40.8087061, -73.959093 40.8087314, -73.9591578 40.8086427, -73.9592651 40.808688, -73.9592002 40.8087767, -73.95926009999999 40.808802, -73.9593249 40.8087133, -73.9594311 40.8087581, -73.9592894 40.8089519, -73.95919670000001 40.8089127, -73.9592237 40.8088757))",POINT (-73.9591538 40.808762),780.5,8401.3
Alfred Lerner Hall,105,274995718,,yes,,,"POLYGON ((-73.9642685 40.8067575, -73.9643641 40.8066187, -73.96437469999999 40.8066041, -73.9645527 40.806679, -73.96455400000001 40.8066795, -73.9645555 40.8066802, -73.9645534 40.8066831, -73.9641814 40.8071933, -73.96352090000001 40.8069153, -73.9637845 40.8065538, -73.9638487 40.8065809, -73.9642685 40.8067575))",POINT (-73.9640266 40.8068577),3253.8,35023.1
,106,,3625585,yes,,,"MULTIPOLYGON (((-73.9632771 40.8053254, -73.9635157 40.8054264, -73.9634593 40.8055034, -73.9634107 40.8054828, -73.96336169999999 40.8055496, -73.96341030000001 40.8055702, -73.9633693 40.8056261, -73.96313069999999 40.8055251, -73.9632771 40.8053254)))",POINT (-73.9633168 40.805472),546.2,5878.8
,107,274982901,,yes,,,"POLYGON ((-73.96490679999999 40.8077709, -73.9649649 40.8076893, -73.9650908 40.8077411, -73.9650563 40.8077894, -73.9649679 40.8077531, -73.96494420000001 40.8077863, -73.96490679999999 40.8077709))",POINT (-73.9649982 40.8077432),88.5,952.2
,108,274995746,,yes,,,"POLYGON ((-73.9607093 40.8060645, -73.9607721 40.8060909, -73.9607846 40.8060736, -73.9607712 40.806068, -73.9608118 40.8060122, -73.96076239999999 40.8059915, -73.9608097 40.8059264, -73.96102449999999 40.8060165, -73.960977 40.8060817, -73.96092040000001 40.806058, -73.96087850000001 40.8061157, -73.9608647 40.8061099, -73.9608538 40.806125, -73.9609241 40.8061545, -73.9608767 40.8062198, -73.96066190000001 40.8061297, -73.9607093 40.8060645))",POINT (-73.9608427 40.8060725),434.4,4675.9
,109,271921513,,yes,,,"POLYGON ((-73.9585493 40.8093598, -73.9585258 40.8093499, -73.958611 40.8092328, -73.95872989999999 40.8092827, -73.9586618 40.8093763, -73.95865209999999 40.8093723, -73.95863060000001 40.8094018, -73.95867389999999 40.80942, -73.9587172 40.8094382, -73.95873400000001 40.8094152, -73.9587156 40.8094075, -73.9587884 40.8093074, -73.9589739 40.8093854, -73.958906 40.8094787, -73.9588237 40.8094441, -73.9588059 40.8094525, -73.95878260000001 40.8094427, -73.9587698 40.8094603, -73.9587923 40.8094698, -73.9587916 40.809487, -73.9588746 40.8095219, -73.9588005 40.8096237, -73.95880029999999 40.8096239, -73.9587997 40.8096248, -73.9587149 40.8095892, -73.9587272 40.8095724, -73.95871440000001 40.8095598, -73.9584765 40.8094598, -73.9585493 40.8093598))",POINT (-73.9587145 40.8094261),809.1,8709.2
Mathematics,110,274995760,,yes,,,"POLYGON ((-73.96277310000001 40.8088003, -73.96286980000001 40.8088408, -73.9629511 40.8088749, -73.9626904 40.809234, -73.9625825 40.8091886, -73.9625126 40.8091592, -73.96263399999999 40.8089919, -73.96277310000001 40.8088003))",POINT (-73.9627318 40.8090171),780.0,8395.9
,111,274995738,,yes,,,"POLYGON ((-73.9601825 40.8056632, -73.9603891 40.8057499, -73.9603426 40.8058139, -73.9602812 40.8057881, -73.96024269999999 40.8058412, -73.9602371 40.8058388, -73.9602182 40.8058648, -73.96028509999999 40.8058929, -73.96024130000001 40.8059533, -73.96023750000001 40.8059584, -73.96003090000001 40.8058718, -73.9600781 40.8058068, -73.9601354 40.8058308, -73.9601936 40.8057507, -73.9601364 40.8057267, -73.9601825 40.8056632))",POINT (-73.9602095 40.8058107),411.1,4425.2
,112,271916924,,yes,,,"POLYGON ((-73.95907390000001 40.8106649, -73.95904729999999 40.8106538, -73.95905 40.81065, -73.9590348 40.8106437, -73.95897189999999 40.8107304, -73.95901240000001 40.8107474, -73.95896999999999 40.8108058, -73.9588105 40.810739, -73.9588569 40.8106749, -73.9588993 40.8106927, -73.9589537 40.8106178, -73.9589113 40.8106, -73.9589512 40.810545, -73.959112 40.8106123, -73.95907390000001 40.8106649))",POINT (-73.95895950000001 40.8106761),297.8,3205.9
,113,,10037136,yes,,,"MULTIPOLYGON (((-73.9585026 40.8109758, -73.9583574 40.8109141, -73.9583332 40.810947, -73.958265 40.810918, -73.9583087 40.8108589, -73.9583433 40.8108118, -73.9583542 40.810805, -73.9583628 40.8108028, -73.9583717 40.8108029, -73.95838500000001 40.8108068, -73.95850369999999 40.8108573, -73.95863749999999 40.8109142, -73.9585467 40.8110375, -73.9584785 40.8110085, -73.9585026 40.8109758)))",POINT (-73.958457 40.8109093),366.5,3945.5
Whittier,114,271917086,,yes,,,"POLYGON ((-73.9595484 40.8097284, -73.9594336 40.8096804, -73.9593904 40.8097399, -73.9595053 40.809788, -73.95945039999999 40.8098637, -73.9593477 40.8098208, -73.9593043 40.8098808, -73.959407 40.8099237, -73.95935350000001 40.8099976, -73.95923569999999 40.8099483, -73.9591921 40.8100086, -73.95930989999999 40.8100578, -73.959254 40.810135, -73.9589357 40.8100019, -73.9590177 40.8098921, -73.9590377 40.8098654, -73.95908300000001 40.8098031, -73.9591095 40.8097666, -73.9592839 40.8095211, -73.95928619999999 40.809518, -73.959604 40.8096529, -73.9595484 40.8097284))",POINT (-73.9592553 40.8098203),1620.1,17438.3
,115,271585110,,yes,,,"POLYGON ((-73.9637682 40.8055333, -73.96382939999999 40.8055591, -73.963825 40.8055652, -73.9637759 40.8056321, -73.96370140000001 40.8057338, -73.9636702 40.8057206, -73.96369749999999 40.8056833, -73.9636675 40.8056706, -73.9637682 40.8055333))",POINT (-73.9637425 40.8056263),115.9,1248.0
,116,274985947,,yes,,,"POLYGON ((-73.9646971 40.8098735, -73.96454110000001 40.8098083, -73.9646078 40.8097163, -73.9647421 40.8097725, -73.9647621 40.8097679, -73.9647712 40.8097553, -73.9648849 40.8098029, -73.96478740000001 40.8099374, -73.9646826 40.8098935, -73.9646971 40.8098735))",POINT (-73.9647179 40.8098209),350.6,3773.3
,117,271585134,,yes,,,"POLYGON ((-73.9646576 40.8055278, -73.96468179999999 40.8055381, -73.96470189999999 40.8055107, -73.9647317 40.8055234, -73.9646113 40.8056876, -73.9645572 40.8056647, -73.9646576 40.8055278))",POINT (-73.96464159999999 40.8056001),100.5,1081.9
,118,271585136,,yes,,,"POLYGON ((-73.9647736 40.805577, -73.9648016 40.8055889, -73.9648217 40.8055615, -73.9648509 40.8055738, -73.96473039999999 40.8057381, -73.96467319999999 40.8057138, -73.9647736 40.805577))",POINT (-73.96475890000001 40.8056505),105.7,1138.2
Northwest Corner Building,119,274995764,,yes,,,"POLYGON ((-73.9616863 40.8101151, -73.9617567 40.810145, -73.9617657 40.8101488, -73.9618332 40.8100568, -73.9620487 40.8097646, -73.96209260000001 40.8097831, -73.9621353 40.8097252, -73.9622509 40.809773, -73.96215100000001 40.8098069, -73.9622553 40.8098497, -73.9619241 40.8103017, -73.9617252 40.8102183, -73.961732 40.8102089, -73.9616728 40.8101837, -73.96164400000001 40.8101716, -73.9616863 40.8101151))",POINT (-73.9619824 40.8100257),1256.0,13519.5
,120,271916969,,yes,,,"POLYGON ((-73.9601254 40.8108746, -73.9601845 40.8108993, -73.9601916 40.8108896, -73.9601983 40.8108804, -73.9601878 40.810876, -73.9602268 40.8108223, -73.96017809999999 40.8108019, -73.960224 40.8107386, -73.9604339 40.8108265, -73.96038799999999 40.8108897, -73.96033250000001 40.8108665, -73.960292 40.8109222, -73.9602805 40.8109174, -73.9602682 40.8109343, -73.9603353 40.8109624, -73.9602886 40.8110268, -73.9600787 40.8109389, -73.9601254 40.8108746))",POINT (-73.9602557 40.8108822),415.1,4468.5
Low Memorial Library,121,274995757,,yes,,,"POLYGON ((-73.9614801 40.8083851, -73.9615307 40.8083155, -73.9615226 40.8082893, -73.96151500000001 40.8082649, -73.96142709999999 40.808228, -73.96162390000001 40.8079573, -73.9617145 40.8079953, -73.9617452 40.8079881, -73.9617775 40.8079805, -73.96182779999999 40.8079113, -73.96186179999999 40.8079256, -73.9618656 40.8079204, -73.96202289999999 40.8079864, -73.96216269999999 40.8080451, -73.9621582 40.8080513, -73.9621841 40.8080621, -73.9621339 40.8081311, -73.9621427 40.8081536, -73.9621527 40.8081793, -73.96224290000001 40.8082171, -73.9620451 40.8084891, -73.961955 40.8084512, -73.96192310000001 40.8084597, -73.9618916 40.808468, -73.9618416 40.8085368, -73.9614801 40.8083851))",POINT (-73.9618351 40.8082224),2993.7,32224.2
Book Culture,122,274979076,,yes,,,"POLYGON ((-73.9652462 40.8067028, -73.9652512 40.806711, -73.9653352 40.8067467, -73.96541070000001 40.8067788, -73.9654219 40.8067774, -73.9654809 40.8068024, -73.9654458 40.80685, -73.9654281 40.8068536, -73.9651526 40.8067366, -73.96515549999999 40.8067327, -73.965146 40.8067287, -73.9651844 40.8066765, -73.9652462 40.8067028))",POINT (-73.965311 40.8067686),192.9,2076.5
,123,271916933,,yes,,,"POLYGON ((-73.9593382 40.8104441, -73.9592732 40.8104169, -73.95924189999999 40.8104601, -73.9592263 40.8104816, -73.9592913 40.8105088, -73.9592794 40.8105252, -73.9592442 40.8105736, -73.959005 40.8104735, -73.9591422 40.8102844, -73.9593814 40.8103845, -73.9593382 40.8104441))",POINT (-73.9591841 40.8104255),501.1,5393.7
Casa Italiana,124,274995723,,yes,,,"POLYGON ((-73.96004859999999 40.807678, -73.96022139999999 40.8074407, -73.9603377 40.8074896, -73.9603585 40.8074983, -73.9601857 40.8077357, -73.9601651 40.807727, -73.96004859999999 40.807678))",POINT (-73.96020350000001 40.8075882),399.7,4302.1
Havemeyer Hall,125,274995734,,yes,,,"POLYGON ((-73.9622948 40.8094604, -73.9622488 40.809443, -73.96223430000001 40.8094555, -73.9622171 40.8094624, -73.962208 40.8094651, -73.9621892 40.8094689, -73.9621796 40.80947, -73.96216010000001 40.8094704, -73.9621408 40.8094685, -73.9621221 40.8094644, -73.9621045 40.8094582, -73.9620883 40.8094499, -73.962074 40.8094399, -73.96206189999999 40.8094283, -73.9620568 40.809422, -73.96204849999999 40.8094086, -73.96204539999999 40.8094016, -73.9620414 40.8093871, -73.96204059999999 40.8093798, -73.962041 40.809365, -73.9620644 40.8093323, -73.96204109999999 40.8093226, -73.9619759 40.8094138, -73.962008 40.809427, -73.9619362 40.8095275, -73.9617038 40.8094315, -73.9618615 40.8092111, -73.9619806 40.8090446, -73.96215979999999 40.8091186, -73.9621446 40.80914, -73.962298 40.8092034, -73.9624376 40.809261, -73.9624499 40.8092439, -73.9626337 40.8093198, -73.9624902 40.8095205, -73.9624816 40.809517, -73.9624714 40.8095321, -73.9622948 40.8094604))",POINT (-73.9621499 40.8093215),2216.9,23862.7
,126,,3660041,yes,,,"MULTIPOLYGON (((-73.9654286 40.8070518, -73.9657416 40.8071872, -73.9656961 40.807248, -73.9656718 40.8072375, -73.9655679 40.8073762, -73.965306 40.8072629, -73.9654091 40.8071253, -73.96538219999999 40.8071137, -73.96542150000001 40.8070612, -73.9654286 40.8070518)))",POINT (-73.96551409999999 40.8072157),686.9,7393.5
,127,274982897,,yes,,,"POLYGON ((-73.964866 40.8071256, -73.96487689999999 40.807111, -73.96491930000001 40.8070544, -73.96498920000001 40.8070847, -73.9649761 40.8071022, -73.96512610000001 40.8071671, -73.965087 40.8072192, -73.96508590000001 40.8072207, -73.9650151 40.8071901, -73.964866 40.8071256))",POINT (-73.9649915 40.8071399),162.0,1743.3
Thompson,128,271917076,,yes,,,"POLYGON ((-73.961231 40.8105974, -73.9612436 40.81058, -73.9610273 40.8104896, -73.9610151 40.8105064, -73.9609294 40.8104706, -73.96097109999999 40.8104131, -73.9609899 40.8103872, -73.9610744 40.8102704, -73.9614277 40.8104181, -73.96133930000001 40.8105402, -73.9613138 40.8105296, -73.9612568 40.8106082, -73.9612487 40.8106048, -73.961231 40.8105974))",POINT (-73.96117769999999 40.8104349),794.5,8551.5
,129,271921503,,yes,,,"POLYGON ((-73.95842930000001 40.8084795, -73.9584589 40.808439, -73.958434 40.8084285, -73.9584849 40.8083589, -73.9585658 40.808393, -73.9585356 40.8084344, -73.9585869 40.808456, -73.9586171 40.8084146, -73.95869570000001 40.8084478, -73.9586655 40.8084892, -73.95871649999999 40.8085107, -73.95874670000001 40.8084693, -73.958826 40.8085027, -73.9587958 40.8085441, -73.9588467 40.8085656, -73.95887690000001 40.8085242, -73.9589568 40.8085579, -73.9589062 40.8086272, -73.95888189999999 40.8086169, -73.95885199999999 40.8086578, -73.95842930000001 40.8084795))",POINT (-73.95867819999999 40.8085169),535.1,5759.9
,130,274982904,,yes,,,"POLYGON ((-73.9648236 40.808159, -73.96484959999999 40.8081699, -73.9649467 40.8080354, -73.9650532 40.8080798, -73.96495609999999 40.8082143, -73.96498219999999 40.8082252, -73.9649355 40.8082898, -73.9647769 40.8082237, -73.9648236 40.808159))",POINT (-73.96492139999999 40.8081664),298.6,3214.4
Robert K Kraft Center for Jewish Student Life,131,274982916,,yes,,,"POLYGON ((-73.9652583 40.807295, -73.9654077 40.8073596, -73.96523019999999 40.8075965, -73.9650808 40.8075319, -73.96513299999999 40.8074621, -73.9652583 40.807295))",POINT (-73.9652442 40.8074457),438.2,4716.4
,132,274982900,,yes,,,"POLYGON ((-73.96496980000001 40.8073915, -73.964997 40.8074033, -73.9650568 40.8073235, -73.96505550000001 40.8073121, -73.96504470000001 40.8073075, -73.9650841 40.807255, -73.9651118 40.8072669, -73.9651298 40.8072689, -73.9651437 40.8072749, -73.96515220000001 40.8072844, -73.9651696 40.8072861, -73.9651842 40.8072924, -73.96519069999999 40.8073011, -73.96522210000001 40.8073147, -73.96518330000001 40.8073664, -73.9651732 40.8073621, -73.96516149999999 40.8073687, -73.96510170000001 40.8074486, -73.96513299999999 40.8074621, -73.9650808 40.8075319, -73.9649175 40.8074612, -73.96496980000001 40.8073915))",POINT (-73.965073 40.8073951),348.6,3752.1
Van Amringe Memorial,133,381417285,,house,,,"POLYGON ((-73.9620378 40.8063804, -73.96200949999999 40.8063688, -73.96200380000001 40.8063447, -73.96202510000001 40.8063264, -73.9620573 40.8063276, -73.9620762 40.8063474, -73.9620675 40.8063709, -73.9620378 40.8063804))",POINT (-73.9620396 40.8063523),26.7,287.9
,134,274985943,,yes,,,"POLYGON ((-73.965057 40.8093658, -73.9650745 40.8093416, -73.96482760000001 40.8092382, -73.96491880000001 40.8091543, -73.9651231 40.8092398, -73.9651478 40.8092405, -73.965159 40.8092251, -73.96527 40.8092715, -73.96516800000001 40.8094122, -73.9650666 40.8093698, -73.965057 40.8093658))",POINT (-73.96506220000001 40.8092762),461.0,4961.9
The Diana Center,135,274985964,,yes,,,"POLYGON ((-73.96307470000001 40.8095816, -73.9632028 40.809637, -73.9629425 40.8101402, -73.9627299 40.8100512, -73.9627859 40.8099717, -73.9629046 40.8098128, -73.96307470000001 40.8095816))",POINT (-73.9629746 40.8098725),984.3,10595.4
Wien Hall,136,274995783,,yes,,,"POLYGON ((-73.9595759 40.8067025, -73.95961939999999 40.8066416, -73.95962609999999 40.8066444, -73.9597728 40.8064393, -73.9597754 40.8064356, -73.9599437 40.8065051, -73.959878 40.806597, -73.95986809999999 40.8065929, -73.9596493 40.8068989, -73.9597617 40.8069454, -73.95969940000001 40.8070326, -73.95942460000001 40.8069191, -73.9594395 40.8068983, -73.95943370000001 40.806896, -73.9595759 40.8067025))",POINT (-73.95967899999999 40.8067388),1085.9,11688.8
Fairchild Hall,137,274995729,,yes,,,"POLYGON ((-73.9601456 40.8092394, -73.9600739 40.8092093, -73.96019320000001 40.8090453, -73.9603072 40.8088885, -73.9603499 40.8089064, -73.9603764 40.8088699, -73.96033319999999 40.8088517, -73.9603565 40.8088198, -73.960672 40.8089523, -73.9607331 40.8089779, -73.9606807 40.8090499, -73.9606436 40.8090343, -73.9606337 40.809008, -73.9606297 40.8089973, -73.9605835 40.8089779, -73.9605682 40.808999, -73.96061090000001 40.8090169, -73.9603788 40.809336, -73.9603068 40.8093057, -73.9602706 40.8093555, -73.96011009999999 40.8092881, -73.9601456 40.8092394))",POINT (-73.96036789999999 40.8090917),1570.4,16904.1
Buell Hall,138,274995720,,yes,,,"POLYGON ((-73.961412 40.8077908, -73.9614043 40.8078017, -73.96137450000001 40.8077893, -73.96132950000001 40.8077714, -73.96133709999999 40.8077606, -73.9612772 40.8077364, -73.9613033 40.8076994, -73.9612779 40.8076891, -73.9613219 40.8076269, -73.9613495 40.8075879, -73.9614351 40.8076226, -73.9614402 40.8076153, -73.96151519999999 40.8076457, -73.9615084 40.8076554, -73.9615666 40.8076789, -73.9615402 40.8077163, -73.96156240000001 40.8077253, -73.961518 40.8077881, -73.96149610000001 40.8077792, -73.961471 40.8078147, -73.961412 40.8077908))",POINT (-73.9614187 40.8077042),384.1,4134.3
Barnard Hall,139,274985932,,yes,,,"POLYGON ((-73.96393809999999 40.8092772, -73.9638442 40.8092387, -73.96380019999999 40.8093007, -73.9636197 40.8092267, -73.9637515 40.809041, -73.9638874 40.8088496, -73.96407069999999 40.8089248, -73.9640292 40.8089831, -73.96418850000001 40.8090484, -73.96420089999999 40.8090309, -73.9642662 40.8090578, -73.9640497 40.8093518, -73.96404579999999 40.8093502, -73.963982 40.8094361, -73.9638609 40.809386, -73.96393809999999 40.8092772))",POINT (-73.96394220000001 40.8091349),1698.4,18280.9
The Poinsettia,140,271921519,,yes,,,"POLYGON ((-73.9592894 40.8089519, -73.95926710000001 40.8089824, -73.9591497 40.809143, -73.9590413 40.8090972, -73.9591045 40.8090109, -73.95904880000001 40.8089874, -73.95898560000001 40.8090737, -73.9588765 40.8090276, -73.95893959999999 40.8089413, -73.95888050000001 40.8089163, -73.9588174 40.8090027, -73.95870960000001 40.8089572, -73.95879619999999 40.8088397, -73.9588169 40.8088489, -73.95885250000001 40.8088002, -73.95914329999999 40.8089229, -73.9591343 40.8089353, -73.9591693 40.8089501, -73.95919670000001 40.8089127, -73.9592894 40.8089519))",POINT (-73.95900570000001 40.8089628),784.9,8448.6
East Campus Residence Hall,141,137327224,,apartments,,,"POLYGON ((-73.9591604 40.8075712, -73.9590116 40.80751, -73.959022 40.807496, -73.9590144 40.8074927, -73.95905070000001 40.8074436, -73.9593488 40.8070395, -73.9591405 40.8069525, -73.9588464 40.8073571, -73.95878279999999 40.8074431, -73.9586224 40.8073762, -73.9590243 40.8068249, -73.959112 40.8068615, -73.9591286 40.8068389, -73.9591989 40.8068682, -73.95917439999999 40.8069019, -73.95937960000001 40.8069876, -73.9593826 40.8069835, -73.959395 40.8069665, -73.95955309999999 40.8070326, -73.9595393 40.8070516, -73.9591604 40.8075712))",POINT (-73.959096 40.8071843),2242.5,24137.6
,142,271585135,,yes,,,"POLYGON ((-73.9647317 40.8055234, -73.964763 40.8055366, -73.9647429 40.805564, -73.9647736 40.805577, -73.96467319999999 40.8057138, -73.9646113 40.8056876, -73.9647317 40.8055234))",POINT (-73.9646966 40.8056241),114.6,1233.8
Mudd Hall,143,274995762,,yes,,,"POLYGON ((-73.9604514 40.8094314, -73.96038040000001 40.809529, -73.96043299999999 40.8095505, -73.9604169 40.8095732, -73.9603647 40.8095507, -73.96030949999999 40.8096265, -73.9601179 40.809546, -73.95947700000001 40.8092768, -73.959474 40.8092756, -73.9594755 40.8092735, -73.959486 40.8092591, -73.9596159 40.8090806, -73.9598167 40.8091675, -73.9600009 40.8092408, -73.96011009999999 40.8092881, -73.9602706 40.8093555, -73.9602988 40.8093674, -73.9603571 40.8093918, -73.9604514 40.8094314))",POINT (-73.9599662 40.8093552),1999.1,21518.4
Avery Extension,144,398634902,,university,,,"POLYGON ((-73.960977 40.8080399, -73.9610007 40.8080185, -73.96073629999999 40.8079082, -73.9607039 40.8078952, -73.96068560000001 40.8079207, -73.9606263 40.8080035, -73.9606309 40.8080054, -73.96049050000001 40.8082008, -73.9604842 40.8081982, -73.96042559999999 40.8082799, -73.9603628 40.8083655, -73.9608343 40.8085656, -73.9606939 40.8087587, -73.9609121 40.8088472, -73.96103859999999 40.8086749, -73.96110729999999 40.8085704, -73.9609128 40.8084941, -73.9609121 40.8084938, -73.960708 40.8084085, -73.960977 40.8080399))",POINT (-73.96074900000001 40.8083467),2551.9,27468.9
Schapiro Hall,145,274982907,,apartments,,,"POLYGON ((-73.9649679 40.8077531, -73.9650563 40.8077894, -73.9651389 40.8078234, -73.965172 40.807777, -73.96543560000001 40.8078854, -73.9654015 40.8079333, -73.9653442 40.8080138, -73.9652554 40.8079773, -73.9651827 40.8080794, -73.9650063 40.8080069, -73.96508249999999 40.8079, -73.964913 40.8078302, -73.96494420000001 40.8077863, -73.9649679 40.8077531))",POINT (-73.9651758 40.8079083),788.6,8488.6
,146,271921495,,yes,,,"POLYGON ((-73.9590999 40.8077941, -73.9592598 40.807861, -73.95921319999999 40.8079253, -73.95919189999999 40.8079164, -73.9591247 40.808009, -73.95913760000001 40.8080145, -73.9590936 40.8080751, -73.958955 40.8080172, -73.9589909 40.8079677, -73.9590164 40.8079784, -73.959024 40.807968, -73.9590139 40.8079638, -73.9590817 40.8078702, -73.9590534 40.8078584, -73.9590999 40.8077941))",POINT (-73.9591066 40.8079331),349.4,3761.0
,147,274995748,,yes,,,"POLYGON ((-73.96041030000001 40.8061421, -73.9604691 40.8061667, -73.9603918 40.8062736, -73.9604142 40.806283, -73.9603541 40.8063661, -73.9602728 40.8063321, -73.96032150000001 40.8062647, -73.96038679999999 40.8061746, -73.96041030000001 40.8061421))",POINT (-73.9603712 40.8062595),160.1,1723.6
Schapiro Center (CEPSR),148,274995769,,yes,,,"POLYGON ((-73.96043299999999 40.8095505, -73.9604956 40.8095761, -73.9605103 40.809556, -73.96049840000001 40.809551, -73.9605 40.8095488, -73.9605674 40.8094564, -73.96057930000001 40.8094615, -73.9606175 40.8094093, -73.9606732 40.8094328, -73.96069900000001 40.8093975, -73.9611238 40.8095765, -73.96109939999999 40.8096098, -73.9611582 40.8096346, -73.9611197 40.8096873, -73.9611311 40.8096921, -73.9610606 40.8097887, -73.9610486 40.8097836, -73.9610327 40.8098054, -73.9610759 40.8098233, -73.9610606 40.8098446, -73.9610172 40.8098266, -73.96100970000001 40.8098368, -73.9609516 40.8098123, -73.9609257 40.8098477, -73.9607213 40.8097616, -73.9605026 40.8096694, -73.9605286 40.8096338, -73.9604712 40.8096096, -73.9604784 40.8095997, -73.9604169 40.8095732, -73.96043299999999 40.8095505))",POINT (-73.9608118 40.8096238),1747.7,18811.9
Grace Dodge,149,271916914,,yes,,,"POLYGON ((-73.9596889 40.8101363, -73.9596907 40.8101332, -73.95968860000001 40.8101267, -73.9596921 40.8101215, -73.9597 40.8101198, -73.95970699999999 40.8101225, -73.9597096 40.8101283, -73.9597055 40.8101344, -73.9597248 40.8101392, -73.95974990000001 40.8101045, -73.9598022 40.8101263, -73.959777 40.8101611, -73.9597912 40.8101633, -73.9597991 40.8101616, -73.95980609999999 40.8101643, -73.9598087 40.8101702, -73.9598046 40.8101763, -73.9597972 40.8101779, -73.9597926 40.8101832, -73.9600495 40.8102906, -73.9600377 40.8103088, -73.96019130000001 40.8103665, -73.96018429999999 40.8103761, -73.9601395 40.8103859, -73.9600739 40.8104765, -73.95930679999999 40.8101559, -73.95940640000001 40.8100182, -73.9594402 40.8100323, -73.9596889 40.8101363))",POINT (-73.959734 40.8102435),1294.0,13928.1
The Luxor,150,274982922,,yes,,,"POLYGON ((-73.9650151 40.8071901, -73.9649816 40.8072348, -73.9650326 40.8072569, -73.9649805 40.8073264, -73.9649491 40.8073128, -73.96494420000001 40.8073195, -73.964935 40.8073155, -73.9649101 40.8073488, -73.9649793 40.8073788, -73.96496980000001 40.8073915, -73.9649175 40.8074612, -73.9649112 40.8074697, -73.9646764 40.8073681, -73.9647155 40.8073159, -73.96477489999999 40.8072366, -73.96486 40.807123, -73.964866 40.8071256, -73.9650151 40.8071901))",POINT (-73.964865 40.8072985),609.9,6565.2
,151,274982902,,yes,,,"POLYGON ((-73.9647769 40.8082237, -73.96453870000001 40.8081243, -73.9645915 40.8080511, -73.9646425 40.8080724, -73.9646971 40.8079969, -73.9646453 40.8079753, -73.96468059999999 40.8079265, -73.9649196 40.8080261, -73.9648818 40.8080785, -73.9648352 40.8080591, -73.96480080000001 40.8081069, -73.9647834 40.8080996, -73.96476629999999 40.8081233, -73.96483019999999 40.8081499, -73.9648236 40.808159, -73.9647769 40.8082237))",POINT (-73.9647281 40.8080772),482.6,5194.9
John Jay Hall,152,274995753,,yes,,,"POLYGON ((-73.9619775 40.8058413, -73.96211460000001 40.8056539, -73.9627584 40.8059259, -73.9626219 40.8061125, -73.96238580000001 40.8060128, -73.9623624 40.8060448, -73.9622828 40.8060112, -73.96219550000001 40.8059743, -73.9622183 40.8059431, -73.9621739 40.8059243, -73.9619775 40.8058413))",POINT (-73.96236450000001 40.8058879),1540.0,16576.6
,153,274985942,,yes,,,"POLYGON ((-73.96517110000001 40.8092083, -73.9651562 40.8091942, -73.9649644 40.8091139, -73.96505740000001 40.8090293, -73.96524960000001 40.8091097, -73.9652655 40.8090878, -73.9653711 40.809132, -73.96527 40.8092715, -73.965159 40.8092251, -73.96517110000001 40.8092083))",POINT (-73.9651794 40.8091434),417.4,4492.6
,154,274985944,,yes,,,"POLYGON ((-73.9649422 40.8095372, -73.9649393 40.8095276, -73.9648507 40.8094905, -73.9648217 40.8095306, -73.9647645 40.8095067, -73.9649108 40.8093049, -73.9649694 40.8093294, -73.9649395 40.8093707, -73.9650268 40.8094072, -73.9650412 40.8094047, -73.9650666 40.8093698, -73.96516800000001 40.8094122, -73.9650216 40.8096143, -73.96491779999999 40.8095708, -73.9649422 40.8095372))",POINT (-73.9649701 40.8094614),537.9,5789.9
,155,271916939,,yes,,,"POLYGON ((-73.95901240000001 40.8107474, -73.9590515 40.8107637, -73.95910739999999 40.8106867, -73.95906960000001 40.8106709, -73.95907390000001 40.8106649, -73.959112 40.8106123, -73.9591886 40.8106444, -73.9591812 40.8106546, -73.9592615 40.8106882, -73.9592255 40.8107379, -73.9591837 40.8107204, -73.9591283 40.8107968, -73.9591703 40.8108144, -73.9591284 40.8108721, -73.95896999999999 40.8108058, -73.95901240000001 40.8107474))",POINT (-73.9591157 40.8107446),287.9,3099.3
,156,271585100,,yes,,,"POLYGON ((-73.9630571 40.8057731, -73.9631196 40.8057996, -73.9631625 40.8057411, -73.9631758 40.8057468, -73.9631832 40.8057367, -73.9631073 40.8057046, -73.96315730000001 40.8056365, -73.9633936 40.8057365, -73.96334969999999 40.8057964, -73.9633437 40.8058046, -73.9632769 40.8057764, -73.9632266 40.8058449, -73.9632934 40.8058732, -73.96324660000001 40.805937, -73.96301029999999 40.805837, -73.9630571 40.8057731))",POINT (-73.963202 40.8057862),473.2,5093.8
Dodge Hall,157,274995789,,yes,,,"POLYGON ((-73.9629154 40.8077636, -73.9635703 40.8080351, -73.9634636 40.8081825, -73.9631447 40.8080504, -73.9628087 40.8079111, -73.9629154 40.8077636))",POINT (-73.9631895 40.8079731),1175.2,12650.2
Pupin Hall,158,738973812,,yes,,,"POLYGON ((-73.9614845 40.8099593, -73.9615826 40.8100003, -73.96159900000001 40.8099776, -73.961741 40.810037, -73.9616863 40.8101151, -73.96164400000001 40.8101716, -73.9616324 40.8101869, -73.9610565 40.8099462, -73.96111399999999 40.8098668, -73.9610606 40.8098446, -73.9610759 40.8098233, -73.9611294 40.8098455, -73.9611678 40.8097925, -73.96131099999999 40.8098524, -73.96129190000001 40.8098788, -73.96139239999999 40.8099209, -73.9614522 40.8099459, -73.9614845 40.8099593))",POINT (-73.9613901 40.8099937),996.4,10724.9
,159,274982903,,yes,,,"POLYGON ((-73.96539370000001 40.8076621, -73.9652365 40.8075941, -73.9652802 40.8075357, -73.96530250000001 40.8075453, -73.9654081 40.8074043, -73.9655174 40.8074516, -73.9654117 40.8075926, -73.9654374 40.8076037, -73.96539370000001 40.8076621))",POINT (-73.96538270000001 40.8075359),304.2,3274.4
Fayerweather Hall,160,274995730,,yes,,,"POLYGON ((-73.96031120000001 40.8081267, -73.96030949999999 40.808126, -73.96044980000001 40.8079305, -73.9604532 40.8079319, -73.9605124 40.8078495, -73.96068560000001 40.8079207, -73.9606263 40.8080035, -73.9606309 40.8080054, -73.9605607 40.8081031, -73.96049050000001 40.8082008, -73.9604842 40.8081982, -73.96042559999999 40.8082799, -73.9602524 40.8082087, -73.96031120000001 40.8081267))",POINT (-73.9604698 40.808065),774.3,8334.9
