activity_zone_id,name,geometry,centroid,centroid_x,centroid_y,access_node_vector,total_poi_count,residential_poi_count,office_poi_count,shopping_poi_count,school_poi_count,parking_poi_count,boundary_node_count,total_production,total_attraction
1,A1,"POLYGON ((80.215 13.00499,80.215 13.01,80.22001 13.01,80.22001 13.00499,80.215 13.00499))",POINT (80.21836658064514 13.008047951612904),80.21836658064514,13.008047951612904,406;1705;1717;1841;2022;2023;2105;2106;5078;5079;5080;5208;5210;5211;5212;5213;5215;5216;5217;5218;5219;5220;5221;5222;5223;5224;5225;5226;6991;7047;7053,27,18,0,0,0,0,0,257.8034988489472,291.5119630501504
2,A2,"POLYGON ((80.22001 13.00499,80.22001 13.01,80.22502 13.01,80.22502 13.00499,80.22001 13.00499))",POINT (80.22186673555557 13.00822837222222),80.22186673555557,13.00822837222222,1518;1556;1716;1758;1759;1874;1911;1967;2114;3073;3074;3075;3080;3081;4654;4655;4656;4657;4663;4664;4665;4666;4667;4668;4669;4670;4671;4672;4673;4674;4675;4676;4677;4678;4679;4680;4684;4685;4686;4687;4688;4689;4690;5209;5214;5263;5264;5265;5266;5267;6441;6443;6449;6459;6463;6468;6479;6486;6492;6498;6502;6513;6519;6521;6525;6529;6531;6535;6540;6541;6548;6554;6555;6565;6571;6574;6577;6585;6592;6593;6595;6599;6600;6601;6605;6608;6611;6624;6625;7006,83,0,0,0,0,0,0,313.430569816576,314.41460218425595
3,A3,"POLYGON ((80.22502 13.00499,80.22502 13.01,80.23003 13.01,80.23003 13.00499,80.22502 13.00499))",POINT (80.22663876216215 13.008283856756758),80.22663876216215,13.008283856756758,416;1049;1516;1520;1524;1548;1549;1589;1699;2096;2118;2421;2422;2423;2424;2425;2426;3112;4612;4658;4659;4660;4661;4662;4681;4682;4683;5262;5268;6429;6512;6586;6606;6613;6814;7054;7056,28,0,0,0,0,0,0,224.92248668780806,214.92248668780806
4,A4,"POLYGON ((80.23003 13.00499,80.23003 13.01,80.23504 13.01,80.23504 13.00499,80.23003 13.00499))",POINT (80.23296115000001 13.009361299999997),80.23296115000001,13.009361299999997,1350;1399;1582;2043;2059;2060;2077;2089;3101;6623;7035;7045,9,0,0,0,0,0,0,123.89509304556802,133.89509304556802
5,A5,"POLYGON ((80.23504 13.00499,80.23504 13.01,80.24005 13.01,80.24005 13.00499,80.23504 13.00499))",POINT (80.23805511714288 13.00811045571428),80.23805511714288,13.00811045571428,539;542;1332;1365;1366;1721;1723;1932;1943;1944;1945;1946;1947;1948;1949;2041;2042;2044;2045;2046;2047;2048;2049;2050;2051;2052;2053;2054;2055;2056;2057;2058;2061;2062;2063;2064;2065;2076;2078;2079;2080;2081;2082;2083;2084;2085;2086;2087;2088;2090;3083;3089;3133;6456;6501;6538;6939;6943;6944;6969;6970;7023;7024;7028;7029;7030;7031;7032;7033;7034,63,0,0,0,8,0,0,731.8653673789183,634.4018701342719
6,A6,"POLYGON ((80.24005 13.00499,80.24005 13.01,80.24506 13.01,80.24506 13.00499,80.24005 13.00499))",POINT (80.24332605350877 13.006387382456138),80.24332605350877,13.006387382456138,1394;1534;1541;1545;1547;1722;1910;1959;2095;2107;2149;2150;2153;2154;2155;2156;2157;2159;2160;2162;2163;2164;2165;2166;3082;3086;3087;3088;3090;3095;3107;3108;3109;3111;3131;3135;5393;5394;6431;6433;6436;6437;6438;6444;6445;6447;6451;6452;6453;6455;6461;6462;6464;6467;6470;6471;6475;6477;6478;6481;6483;6489;6490;6491;6494;6495;6497;6500;6505;6507;6508;6510;6516;6517;6518;6526;6528;6530;6534;6537;6543;6544;6545;6549;6553;6557;6558;6559;6560;6562;6567;6569;6570;6576;6578;6579;6580;6583;6584;6587;6594;6597;6598;6602;6609;6610;6612;6811;6812;6813;7014;7022;7044;7055,107,1,1,0,1,0,0,408.42479160199696,379.2241325515649
7,A7,"POLYGON ((80.24506 13.00499,80.24506 13.01,80.25007 13.01,80.25007 13.00499,80.24506 13.00499))",POINT (80.24862633394496 13.007870019266058),80.24862633394496,13.007870019266058,211;1831;1839;2030;2034;2094;2427;2429;2430;2431;2432;2434;2436;2437;2438;2439;2440;2441;2445;2446;2448;2453;2454;2455;2456;2457;2458;2459;2461;2462;2463;2464;2466;2471;2472;2473;2474;2477;2478;2479;2481;2482;2483;2484;2485;2486;2487;2490;2491;2492;2493;2497;2500;2501;2503;2504;2506;2507;2508;2509;2510;2511;2512;2516;2517;2520;2523;2526;2528;2529;2530;2531;2533;2534;2535;2536;2538;3084;3085;3091;3099;3388;3389;3390;3391;3392;3393;3394;3395;3396;3397;3398;3399;3400;3402;3403;4389;4481;4494;4501;4546;6428;6524;6604;6826;6827;6830;6833;7012,106,4,0,0,0,0,0,462.84974890091496,336.5559744416128
8,A8,"POLYGON ((80.25007 13.00499,80.25007 13.01,80.25507999999999 13.01,80.25507999999999 13.00499,80.25007 13.00499))",POINT (80.25257079780708 13.007504990789473),80.25257079780708,13.007504990789473,80;81;593;1239;1706;1901;2069;2428;2435;2443;2444;2452;2467;2468;2476;2480;2496;2498;2499;2515;2522;2524;2525;2527;2537;3282;3283;3284;3285;3286;3287;3288;3289;3290;3291;3292;3293;3294;3295;3296;3297;3298;3299;3300;3301;3302;3303;3304;3305;3306;3307;3308;3309;3310;3311;3312;3313;3314;3315;3316;3317;3318;3319;3320;3321;3322;3323;3324;3325;3326;3327;3328;3329;3330;3331;3332;3333;3334;3335;3336;3337;3338;3339;3340;3341;3342;3343;3344;3345;3346;3347;3348;3349;3350;3351;3352;3353;3354;3355;3356;3357;3358;3359;3360;3361;3362;3363;3364;3365;3366;3367;3368;3369;3370;3371;3372;3373;3374;3375;3376;3377;3378;3379;3380;3381;3382;3383;3384;3385;3386;3387;3624;3625;3626;3627;3628;3629;3630;3631;3632;3633;4383;4392;4396;4399;4404;4407;4410;4411;4413;4414;4415;4416;4419;4420;4423;4427;4428;4431;4432;4433;4435;4436;4437;4438;4441;4443;4446;4447;4450;4451;4452;4453;4454;4455;4456;4460;4461;4467;4468;4469;4472;4478;4479;4480;4483;4486;4491;4492;4498;4499;4503;4505;4516;4518;4521;4522;4525;4526;4528;4530;4532;4533;4538;4539;4541;4542;4544;4548;4550;4554;4555;4561;4563;6824;6828;6829;6831;6832;6834;6835;6836;6837;6838;6839;6840;6937;7026,222,3,0,1,0,0,0,803.7852527737089,829.1640218562302
9,B1,"POLYGON ((80.215 12.999979999999999,80.215 13.00499,80.22001 13.00499,80.22001 12.999979999999999,80.215 12.999979999999999))",POINT (80.21882331954022 13.001466634482766),80.21882331954022,13.001466634482766,405;1890;5082;5560;5561;5562;5563;5567;5568;5569;5571;5572;5574;5575;5576;5579;5581;5583;5584;5586;5587;5588;5589;5590;5592;5593;5594;5596;5599;5601;5602;5603;5606;5607;5614;5615;5616;5617;5619;5620;5623;5624;5625;5627;5628;5629;5631;5632;5633;5634;5635;5636;5637;5638;5639;5640;5641;5642;5643;5644;5645;5646;5650;5652;5653;5654;5655;5657;5661;5662;5663;5665;5667;5668;5670;5671;5672;5673;5676;5677;5678;6614;6616;6620;6621;6622;6858,85,0,0,0,0,0,0,114.19820908352001,104.19820908352001
10,B2,"POLYGON ((80.22001 12.999979999999999,80.22001 13.00499,80.22502 13.00499,80.22502 12.999979999999999,80.22001 12.999979999999999))",POINT (80.22035191666666 13.003266180555556),80.22035191666666,13.003266180555556,1526;3076;3077;3078;3079;5199;5200;5201;5202;5203;5204;5205;5206;5207;5566;5570;5577;5578;5580;5582;5585;5610;5618;5621;5626;5648;5651;5656;5658;5659;5660;5664;5666;5669;5675;6619,35,0,0,0,0,0,0,29.311204410240006,39.31120441024001
11,B3,"POLYGON ((80.22502 12.999979999999999,80.22502 13.00499,80.23003 13.00499,80.23003 12.999979999999999,80.22502 12.999979999999999))",POINT (80.227525 13.002485),80.227525,13.002485,,0,0,0,0,0,0,0,0.0,0.0
12,B4,"POLYGON ((80.23003 12.999979999999999,80.23003 13.00499,80.23504 13.00499,80.23504 12.999979999999999,80.23003 12.999979999999999))",POINT (80.232535 13.002485),80.232535,13.002485,,0,0,0,0,0,0,0,0.0,0.0
13,B5,"POLYGON ((80.23504 12.999979999999999,80.23504 13.00499,80.24005 13.00499,80.24005 12.999979999999999,80.23504 12.999979999999999))",POINT (80.23880796923078 13.002910173076925),80.23880796923078,13.002910173076925,743;1630;1813;2119;2189;2197;2209;2221;2240;2244;2280;2283;2288;2308;2319;2342;3104;5081;6432;6472;6938;6940;6941;6942;6945;6946,23,0,0,0,0,0,0,104.52500572435201,114.525005724352
14,B6,"POLYGON ((80.24005 12.999979999999999,80.24005 13.00499,80.24506 13.00499,80.24506 12.999979999999999,80.24005 12.999979999999999))",POINT (80.24372091121491 13.00316313785047),80.24372091121491,13.00316313785047,771;780;781;1272;1537;1539;1540;2148;2151;2152;2158;2161;2167;2184;2188;2212;2213;2214;2217;2219;2223;2225;2226;2228;2236;2239;2245;2246;2249;2252;2253;2254;2256;2267;2269;2272;2273;2275;2276;2281;2284;2287;2299;2300;2301;2303;2309;2311;2318;2320;2325;2327;2328;2330;2332;2333;2334;2337;2339;2340;2344;2345;2347;2350;2352;2353;2355;2359;2362;2363;2366;2367;2369;2370;2371;2373;2376;2378;2380;2382;2383;2385;2386;2387;2389;2391;2399;2400;2405;2412;2414;2416;2417;2420;3092;3093;3096;3097;3098;3100;3102;3103;3105;3106;3110;3113;3114;3115;3116;3117;3118;3119;3120;3121;3122;3123;3124;3126;3127;3128;3129;3130;3132;3134;6430;6434;6435;6439;6442;6446;6448;6450;6454;6457;6458;6460;6465;6466;6469;6473;6474;6476;6480;6482;6484;6485;6487;6488;6493;6496;6499;6503;6504;6506;6509;6511;6514;6515;6520;6522;6523;6527;6532;6533;6536;6539;6542;6546;6547;6550;6551;6552;6556;6561;6563;6564;6566;6568;6572;6573;6575;6581;6582;6588;6589;6590;6591;6596;6603;6607;6809;6810;6815;6841;6842;6844;6845;6860;6863;6864;6869;6873;6875;6876;6877;6878;6885;6887;6888;6891;6893;6896;7017;7018,207,0,0,0,0,0,0,430.20672679871996,430.20672679871996
15,B7,"POLYGON ((80.24506 12.999979999999999,80.24506 13.00499,80.25007 13.00499,80.25007 12.999979999999999,80.24506 12.999979999999999))",POINT (80.24869531337204 13.002438205232556),80.24869531337204,13.002438205232556,620;1044;1268;1269;1529;1531;1532;1828;1829;1830;1882;2238;2266;2433;2442;2450;2460;2465;2469;2470;2475;2488;2489;2495;2505;2514;2518;2519;2521;2532;3094;3125;3401;4384;4385;4394;4442;4445;4462;4463;4477;4488;4517;4536;4556;4557;4558;5305;5308;5312;5313;5346;5350;5353;5354;5357;5358;5372;5396;5397;5399;5401;5402;5404;5406;5407;5411;5412;5415;5420;5422;5429;5432;5433;5436;5438;5441;5442;5490;5491;5493;5506;5510;5534;5535;5539;5551;5552;5772;5776;5831;5837;5907;5912;5913;5925;5930;5931;5934;5939;5947;5950;5961;5973;5984;5987;5988;6007;6014;6015;6021;6026;6042;6047;6052;6055;6067;6076;6077;6079;6105;6117;6170;6180;6188;6219;6229;6234;6239;6341;6365;6367;6369;6370;6371;6374;6379;6385;6406;6440;6638;6642;6652;6667;6673;6674;6675;6676;6677;6678;6679;6680;6681;6682;6683;6684;6685;6686;6687;6688;6689;6709;6747;6750;6753;6754;6818;6819;6820;7016;7019;7048,161,0,0,0,0,0,0,618.6001440341118,567.0480097598721
16,B8,"POLYGON ((80.25007 12.999979999999999,80.25007 13.00499,80.25507999999999 13.00499,80.25507999999999 12.999979999999999,80.25007 12.999979999999999))",POINT (80.25242792505685 13.002244457403192),80.25242792505685,13.002244457403192,568;569;571;602;603;606;608;1038;1039;1043;1045;1047;1711;1900;2020;2021;2447;2449;2451;2494;2502;2513;4386;4387;4388;4390;4391;4393;4395;4397;4398;4400;4401;4402;4403;4405;4406;4408;4409;4412;4417;4418;4421;4422;4424;4425;4426;4429;4430;4434;4439;4440;4444;4448;4449;4457;4458;4459;4464;4465;4466;4470;4471;4473;4474;4475;4476;4482;4484;4485;4487;4489;4490;4493;4495;4496;4497;4500;4502;4504;4506;4507;4508;4509;4510;4511;4512;4513;4514;4515;4519;4520;4523;4524;4527;4529;4531;4534;4535;4537;4540;4543;4545;4547;4549;4551;4552;4553;4559;4560;4562;4564;4565;4784;4818;5094;5103;5109;5120;5134;5144;5151;5161;5182;5271;5272;5275;5276;5277;5278;5282;5284;5285;5286;5287;5289;5290;5291;5292;5293;5294;5295;5296;5299;5300;5301;5302;5303;5306;5309;5310;5315;5317;5318;5319;5322;5324;5326;5327;5328;5330;5332;5333;5334;5335;5336;5337;5338;5340;5341;5342;5347;5351;5356;5360;5361;5362;5364;5366;5367;5400;5403;5405;5409;5410;5416;5417;5419;5421;5423;5424;5425;5428;5430;5431;5437;5439;5443;5444;5445;5477;5478;5479;5487;5489;5499;5502;5503;5504;5505;5536;5537;5540;5541;5542;5543;5544;5545;5546;5547;5548;5549;5553;5554;5555;5556;5557;5558;5559;5779;5780;5798;5800;5806;5815;5817;5823;5835;5838;5844;5847;5850;5853;5858;5861;5868;5869;5873;5874;5879;5880;5882;5883;5885;5888;5890;5892;5894;5895;5897;5898;5901;5902;5903;5904;5905;5906;5908;5914;5915;5916;5920;5921;5923;5924;5926;5928;5929;5932;5933;5936;5940;5943;5944;5945;5946;5951;5954;5955;5956;5958;5963;5964;5965;5969;5972;5974;5975;5977;5979;5982;5983;5985;5990;5991;5994;5995;5996;5998;5999;6002;6004;6006;6008;6009;6010;6016;6017;6019;6022;6027;6030;6032;6035;6036;6037;6039;6040;6041;6043;6044;6046;6048;6050;6051;6054;6057;6058;6061;6062;6063;6066;6068;6069;6070;6073;6074;6075;6093;6100;6101;6107;6114;6129;6135;6138;6141;6142;6156;6161;6165;6169;6175;6177;6184;6189;6201;6205;6209;6214;6233;6243;6245;6253;6263;6265;6273;6282;6283;6288;6294;6303;6308;6360;6362;6364;6368;6384;6388;6389;6391;6392;6393;6394;6396;6397;6398;6400;6401;6404;6405;6408;6409;6427;6714;6719;6724;6728;6732;6742;6748;6749;6769;6772;6776;6777;6778;6779;6783;6798;6799;6800;6801;6802;6803;6805;6816;6817;6821;6822;6823;6825;6916;6921;6922;6929;6933;6993;6994,425,2,0,0,0,0,0,1071.4983650229108,1073.1855003390067
17,C1,"POLYGON ((80.215 12.994969999999999,80.215 12.999979999999999,80.22001 12.999979999999999,80.22001 12.994969999999999,80.215 12.994969999999999))",POINT (80.21724714285713 12.996716757142858),80.21724714285713,12.996716757142858,857;1698;1832;1833;4325;4333;4335;4339;4349;4352;4377;5613;6615;6618,10,0,0,0,0,0,0,44.3964029216,64.3964029216
18,C2,"POLYGON ((80.22001 12.994969999999999,80.22001 12.999979999999999,80.22502 12.999979999999999,80.22502 12.994969999999999,80.22001 12.994969999999999))",POINT (80.222515 12.997474999999998),80.222515,12.997474999999998,,0,0,0,0,0,0,0,0.0,0.0
19,C3,"POLYGON ((80.22502 12.994969999999999,80.22502 12.999979999999999,80.23003 12.999979999999999,80.23003 12.994969999999999,80.22502 12.994969999999999))",POINT (80.227525 12.997474999999998),80.227525,12.997474999999998,,0,0,0,0,0,0,0,0.0,0.0
20,C4,"POLYGON ((80.23003 12.994969999999999,80.23003 12.999979999999999,80.23504 12.999979999999999,80.23504 12.994969999999999,80.23003 12.994969999999999))",POINT (80.23440704666668 12.995543113333332),80.23440704666668,12.995543113333332,803;853;2206;2216;2224;2235;2258;2259;2264;2265;2268;2278;2290;2326;2351,13,0,0,0,0,0,0,40.41483246464001,30.414832464640007
21,C5,"POLYGON ((80.23504 12.994969999999999,80.23504 12.999979999999999,80.24005 12.999979999999999,80.24005 12.994969999999999,80.23504 12.994969999999999))",POINT (80.23750254722219 12.997001363888883),80.23750254722219,12.997001363888883,788;793;794;805;807;808;1005;1960;1961;1962;1963;2168;2173;2176;2177;2179;2183;2185;2186;2190;2192;2193;2196;2204;2205;2207;2211;2220;2230;2232;2233;2237;2247;2250;2251;2255;2257;2260;2261;2274;2277;2282;2291;2294;2295;2298;2306;2307;2314;2316;2322;2324;2336;2349;2357;2358;2365;2368;2372;2374;2384;2392;2393;2395;2396;2397;2398;2403;2406;2408;2418;7036,65,1,0,0,0,0,0,254.35037188678393,254.88015002885112
22,C6,"POLYGON ((80.24005 12.994969999999999,80.24005 12.999979999999999,80.24506 12.999979999999999,80.24506 12.994969999999999,80.24005 12.994969999999999))",POINT (80.24251837122301 12.996847938129488),80.24251837122301,12.996847938129488,181;383;785;791;1181;1569;1614;1775;1855;1902;1905;1906;2169;2170;2172;2174;2178;2181;2182;2194;2198;2199;2200;2201;2202;2203;2208;2210;2222;2234;2242;2263;2296;2297;2312;2313;2321;2343;2348;2360;2364;2375;2381;2388;2390;2394;2401;2402;2404;2409;2411;2415;2419;2565;2566;2569;2570;2571;2572;2574;2575;2577;2580;2581;2583;2584;2590;2592;2593;2594;2602;2605;2607;2608;2612;2623;2624;2625;2626;2629;2631;2633;2635;2636;2639;2640;2641;2646;2648;2652;2655;2657;2659;2660;2663;2664;2665;2667;2670;2672;2673;2674;2675;2676;2677;2686;2689;2690;2698;2699;2701;2703;2705;2707;2715;2718;2727;2728;2730;2734;2736;2740;2759;2771;2804;2816;2909;2920;2961;2970;2999;3010;4214;6859;6865;6870;6872;6880;7015,127,0,0,0,0,0,0,462.87607758099216,462.87607758099216
23,C7,"POLYGON ((80.24506 12.994969999999999,80.24506 12.999979999999999,80.25007 12.999979999999999,80.25007 12.994969999999999,80.24506 12.994969999999999))",POINT (80.24847846509435 12.99803035),80.24847846509435,12.99803035,1243;1443;1668;1835;1837;1838;1845;1846;1879;1881;1942;2033;2171;5137;5158;5395;5398;5426;5483;5485;5497;5500;5597;5783;5848;6098;6120;6125;6146;6159;6190;6194;6199;6216;6224;6235;6240;6270;6275;6277;6281;6293;6297;6302;6319;6320;6322;6323;6326;6329;6334;6335;6339;6349;6354;6372;6377;6381;6410;6411;6412;6413;6414;6415;6416;6417;6418;6419;6420;6421;6422;6423;6632;6635;6645;6661;6664;6712;6716;6721;6723;6725;6731;6733;6736;6737;6739;6743;6746;6760;6761;6765;6774;6775;6781;6784;6786;6788;6789;6792;6793;6795;6915;6917;6926;7058,96,0,0,1,0,0,0,649.691815428173,511.42248455187206
24,C8,"POLYGON ((80.25007 12.994969999999999,80.25007 12.999979999999999,80.25507999999999 12.999979999999999,80.25507999999999 12.994969999999999,80.25007 12.994969999999999))",POINT (80.25216822289858 12.997677723188401),80.25216822289858,12.997677723188401,82;587;635;691;692;1950;1951;1954;4783;4788;4790;4791;4792;4794;4795;4796;4797;4799;4800;4802;4803;4804;4806;4807;4809;4810;4811;4812;4814;4815;4816;4817;4821;5083;5084;5086;5087;5088;5089;5090;5091;5092;5093;5095;5096;5097;5098;5100;5101;5104;5105;5107;5108;5110;5112;5113;5116;5117;5118;5119;5121;5122;5123;5124;5125;5126;5127;5128;5129;5130;5131;5132;5136;5138;5139;5140;5141;5142;5143;5145;5147;5148;5149;5150;5152;5154;5155;5157;5159;5160;5162;5163;5164;5165;5167;5168;5170;5171;5172;5174;5175;5177;5179;5180;5181;5183;5184;5186;5187;5188;5189;5190;5192;5194;5196;5198;5273;5274;5280;5281;5298;5304;5321;5325;5329;5343;5344;5352;5359;5363;5368;5370;5408;5413;5414;5418;5434;5435;5440;5480;5481;5484;5488;5492;5494;5496;5498;5507;5509;5600;5611;5612;5630;5790;5803;5825;5878;5881;5884;5886;5887;5889;5891;5893;5896;5899;5900;5909;5910;5911;5917;5918;5919;5922;5927;5935;5937;5938;5941;5942;5948;5949;5952;5953;5957;5959;5960;5962;5966;5967;5968;5970;5971;5976;5978;5980;5981;5986;5989;5992;5993;5997;6000;6001;6003;6005;6011;6012;6013;6018;6020;6023;6024;6025;6028;6029;6031;6033;6034;6038;6045;6049;6053;6056;6059;6060;6064;6065;6071;6072;6078;6080;6081;6095;6097;6103;6110;6113;6116;6119;6122;6124;6126;6132;6136;6145;6149;6152;6154;6160;6163;6164;6167;6178;6181;6183;6186;6187;6193;6196;6198;6204;6210;6211;6212;6217;6218;6223;6228;6231;6241;6242;6246;6249;6250;6252;6254;6256;6257;6258;6259;6260;6261;6262;6264;6266;6268;6269;6271;6274;6276;6278;6279;6280;6285;6287;6291;6292;6296;6300;6301;6304;6305;6306;6313;6315;6318;6331;6343;6348;6351;6352;6373;6375;6395;6711;6717;6720;6727;6730;6734;6741;6744;6745;6756;6757;6758;6759;6763;6767;6773;6782;6787;6797;6804;6806;6923;6927;6931;6934;6935;6936;6972;7013;7025,340,0,0,0,1,0,0,903.6044017170177,851.0672189464321
25,D1,"POLYGON ((80.215 12.989959999999998,80.215 12.994969999999999,80.22001 12.994969999999999,80.22001 12.989959999999998,80.215 12.989959999999998))",POINT (80.2179686119048 12.992620598809527),80.2179686119048,12.992620598809527,847;1061;1063;1072;1073;1429;1587;1840;1866;1912;2120;2121;2123;2127;2128;2129;2130;2132;2134;2135;2137;2138;2139;2140;2141;2142;2145;2147;4326;4329;4331;4334;4336;4337;4338;4341;4345;4348;4350;4353;4354;4357;4362;4364;4367;4368;4371;4375;4378;4380;4382;4590;4591;4592;4593;4595;4596;4597;4598;4599;4600;4601;4602;4603;4604;4605;4606;4607;4609;4610;4611;5515;5519;5521;5595;5679;6617;6670;6700;6702;6707;7000;7001;7005,74,1,0,0,0,0,0,387.8676473562239,368.8194568972544
26,D2,"POLYGON ((80.22001 12.989959999999998,80.22001 12.994969999999999,80.22502 12.994969999999999,80.22502 12.989959999999998,80.22001 12.989959999999998))",POINT (80.22182702499998 12.992198549999998),80.22182702499998,12.992198549999998,846;1515;1527;1755;1763;1952;1953;4051;4095;4163;4198;4267;4299;4313;4314;4315;4324;5694;6692;6951,15,0,0,0,1,0,0,232.5229590910016,246.23222202092802
27,D3,"POLYGON ((80.22502 12.989959999999998,80.22502 12.994969999999999,80.23003 12.994969999999999,80.23003 12.989959999999998,80.22502 12.989959999999998))",POINT (80.22809116111111 12.992152061111112),80.22809116111111,12.992152061111112,840;842;843;858;1028;2002;2005;2006;2007;2008;2103;2104;4084;4306;6978;6979;6980;6981,13,0,0,0,11,0,0,373.3954082871487,70.95926673158401
28,D4,"POLYGON ((80.23003 12.989959999999998,80.23003 12.994969999999999,80.23504 12.994969999999999,80.23504 12.989959999999998,80.23003 12.989959999999998))",POINT (80.2330937 12.992982329310344),80.2330937,12.992982329310344,465;816;820;825;902;910;914;1000;1616;1702;1703;1704;1933;1935;1936;1937;1938;1939;1964;1965;1966;1968;1969;1970;1971;1972;1996;2001;2108;2175;2180;2187;2215;2227;2229;2243;2248;2262;2285;2286;2293;2302;2305;2315;2323;2329;2331;2341;2354;2361;2407;2410;6967;6985;6987;6989;6990;7037,46,0,0,0,7,0,0,714.5187704446847,410.5966215599362
29,D5,"POLYGON ((80.23504 12.989959999999998,80.23504 12.994969999999999,80.24005 12.994969999999999,80.24005 12.989959999999998,80.23504 12.989959999999998))",POINT (80.23631603448275 12.993557820689656),80.23631603448275,12.993557820689656,790;813;814;1010;1457;1931;1934;1973;2191;2195;2218;2231;2241;2270;2271;2279;2289;2292;2304;2310;2317;2335;2338;2346;2356;2377;2379;2413;7004,24,0,0,0,0,0,0,132.384279224,132.384279224
30,D6,"POLYGON ((80.24005 12.989959999999998,80.24005 12.994969999999999,80.24506 12.994969999999999,80.24506 12.989959999999998,80.24005 12.989959999999998))",POINT (80.24268175935481 12.993019634193548),80.24268175935481,12.993019634193548,1444;1460;1571;1572;1575;1606;1634;1707;1709;1725;1726;1764;1770;1771;1782;1783;1785;1801;1802;1804;1805;1806;1856;2031;2093;2557;2560;2562;2567;2568;2573;2576;2578;2579;2582;2585;2587;2588;2589;2591;2595;2596;2597;2598;2599;2600;2603;2604;2609;2610;2611;2613;2614;2615;2616;2617;2618;2619;2620;2621;2627;2628;2630;2632;2634;2637;2638;2642;2643;2644;2645;2647;2650;2651;2653;2654;2656;2658;2661;2662;2668;2671;2679;2680;2681;2682;2684;2685;2687;2688;2691;2693;2695;2696;2697;2702;2706;2708;2709;2710;2711;2712;2713;2714;2716;2717;2719;2721;2722;2723;2724;2725;2726;2729;2731;2732;2733;2735;2737;2738;2742;2784;2799;2821;2825;2840;2868;2883;2884;2897;2907;2927;2946;2967;2990;2996;3003;3007;4068;4096;4129;4152;6843;6862;6868;6889;6894;6898;6899;6947;6948;6973;6992;7038;7039,132,0,0,1,0,0,0,652.2789903526017,663.9617856910721
31,D7,"POLYGON ((80.24506 12.989959999999998,80.24506 12.994969999999999,80.25007 12.994969999999999,80.25007 12.989959999999998,80.24506 12.989959999999998))",POINT (80.24774280208334 12.992376625000004),80.24774280208334,12.992376625000004,384;1780;1790;1850;1851;1852;1853;1854;1876;1877;1903;1904;2586;2683;5427;5770;6112;6310;6312;6316;6324;6325;6333;6342;6347;6358;6387;6626;6629;6634;6639;6649;6655;6949;6950;6995;6996;6997;6998;6999;7007;7008;7009;7010;7011;7041;7051;7052,36,0,2,0,0,0,0,730.1077307266755,679.1683535797763
32,D8,"POLYGON ((80.25007 12.989959999999998,80.25007 12.994969999999999,80.25507999999999 12.994969999999999,80.25507999999999 12.989959999999998,80.25007 12.989959999999998))",POINT (80.25293454381443 12.992432167010314),80.25293454381443,12.992432167010314,246;511;682;1473;1560;1869;1871;1916;1919;1920;1955;2110;4613;4614;4615;4616;4617;4618;4619;4620;4621;4622;4623;4624;4625;4627;4628;4629;4632;4633;4635;4637;4640;4641;4642;4643;4644;4645;4647;4648;4649;4652;4653;4691;4692;4693;4694;4696;4697;4699;4701;4702;4703;4705;4782;4785;4786;4787;4789;4793;4798;4801;4805;4808;4813;4819;4820;5085;5099;5102;5106;5111;5114;5115;5133;5135;5146;5153;5156;5166;5169;5173;5176;5178;5185;5191;5193;5195;5197;5482;5495;5508;5591;5604;5622;5703;5704;5728;5729;5730;5732;5737;5738;5739;5740;5741;5742;5745;5747;5749;5752;5753;5754;5755;5756;5757;5758;5759;5760;5761;5762;5763;5764;5765;5766;5767;5768;5797;5808;5809;5836;5839;5876;6094;6102;6104;6106;6108;6115;6121;6127;6128;6130;6133;6137;6139;6143;6144;6147;6150;6153;6155;6157;6166;6172;6176;6179;6182;6185;6191;6195;6200;6203;6206;6207;6220;6221;6225;6226;6227;6230;6232;6236;6237;6238;6251;6267;6290;6299;6307;6366;6376;6378;6380;6382;6726;6755;6766;6768;6796;6928;6930;6952;7027,184,0,0,0,0,0,0,488.5747995014464,497.4763316812161
33,E1,"POLYGON ((80.215 12.984949999999998,80.215 12.989959999999998,80.22001 12.989959999999998,80.22001 12.984949999999998,80.215 12.984949999999998))",POINT (80.21853309672127 12.987146082513657),80.21853309672127,12.987146082513657,219;266;366;1065;1075;1586;1886;1888;2122;2124;2125;2126;2131;2133;2136;2143;2144;2146;4327;4328;4330;4332;4340;4343;4344;4347;4351;4355;4356;4358;4359;4361;4365;4369;4370;4373;4376;4381;4823;4834;4836;4838;4840;4846;4847;4854;4858;4861;4866;4869;4876;4882;4885;4886;4890;4893;4897;4904;4907;4911;4917;4920;4921;4925;4927;4929;4932;4937;4939;4942;4944;4946;4949;4951;4957;4960;4961;4963;4966;4969;4973;4974;4976;4979;4981;4984;4989;4992;4993;4997;5000;5005;5008;5010;5012;5018;5020;5022;5023;5027;5029;5035;5040;5043;5044;5052;5056;5058;5060;5065;5066;5074;5076;5077;5253;5269;5307;5314;5316;5323;5339;5345;5371;5375;5376;5377;5378;5380;5382;5384;5385;5389;5390;5391;5392;5449;5451;5453;5456;5460;5461;5462;5463;5464;5465;5466;5467;5468;5469;5470;5471;5472;5473;5474;5475;5476;5513;5514;5528;5531;5532;5564;5605;5608;5609;5649;5681;5689;5697;5699;5877;6086;6087;6091;6690;6693;6699;6701;6706;6708;6808;6966;7003,175,1,0,0,0,0,0,408.46061821689585,408.6881457549311
34,E2,"POLYGON ((80.22001 12.984949999999998,80.22001 12.989959999999998,80.22502 12.989959999999998,80.22502 12.984949999999998,80.22001 12.984949999999998))",POINT (80.22176025449102 12.987100125149707),80.22176025449102,12.987100125149707,278;362;370;848;862;1413;1645;1647;2092;3040;3042;3043;3048;3495;3498;3533;3535;3583;3601;4048;4050;4052;4054;4066;4069;4071;4072;4074;4089;4092;4097;4098;4100;4101;4105;4110;4111;4115;4122;4125;4126;4130;4132;4138;4139;4144;4145;4146;4150;4158;4160;4161;4167;4169;4170;4171;4172;4176;4181;4186;4189;4195;4200;4206;4207;4209;4210;4212;4215;4217;4218;4220;4227;4232;4234;4235;4236;4242;4243;4246;4252;4255;4258;4259;4261;4264;4266;4273;4275;4277;4279;4281;4287;4288;4292;4297;4302;4303;4308;4310;4312;4321;4342;4346;4360;4363;4366;4372;4374;4379;5228;5229;5232;5236;5237;5240;5243;5244;5246;5247;5248;5249;5252;5254;5256;5257;5270;5279;5283;5311;5320;5331;5348;5365;5369;5379;5381;5383;5386;5387;5511;5512;5516;5520;5523;5524;5525;5529;5530;5565;5573;5598;5647;5674;6386;6424;6705;6902;6903;6904;6905;6907;6909;6971;6974;6975;7046,159,8,0,0,0,0,0,363.51946243212797,367.89623630224645
35,E3,"POLYGON ((80.22502 12.984949999999998,80.22502 12.989959999999998,80.23003 12.989959999999998,80.23003 12.984949999999998,80.22502 12.984949999999998))",POINT (80.22812526271188 12.986431399152549),80.22812526271188,12.986431399152549,860;868;1026;1027;1604;1605;1611;1623;1654;1656;1958;1993;1994;1998;1999;2000;2009;2100;2109;2112;2115;2116;2117;3410;3416;3417;3419;3420;3429;3431;3432;3434;3444;3448;3457;3459;3463;3464;3471;3476;3483;3489;3491;3504;3506;3508;3521;3523;3525;3528;3529;3536;3537;3540;3542;3546;3547;3551;3554;3555;3557;3563;3567;3571;3575;3580;3586;3591;3595;3603;3607;3613;3614;3615;3618;3619;3623;4055;4059;4064;4067;4073;4081;4094;4099;4121;4147;4149;4159;4177;4180;4184;4190;4196;4216;4223;4224;4228;4238;4245;4247;4254;4256;4260;4263;4265;4268;4283;4284;4289;4290;4291;4300;4304;4307;6976;6977;7020,108,0,0,0,6,0,0,459.45571368511344,317.3507989475201
36,E4,"POLYGON ((80.23003 12.984949999999998,80.23003 12.989959999999998,80.23504 12.989959999999998,80.23504 12.984949999999998,80.23003 12.984949999999998))",POINT (80.23153525576923 12.986724662500002),80.23153525576923,12.986724662500002,877;880;886;968;970;978;1017;1123;1198;1202;1203;1216;1448;1451;1455;1456;1505;1506;1681;1810;1857;1997;2003;2004;2012;2013;2070;2071;2072;2073;2074;2075;2097;2098;2099;2111;2113;4049;4058;4061;4062;4078;4079;4090;4091;4093;4103;4107;4113;4118;4119;4120;4123;4124;4128;4131;4133;4136;4140;4141;4153;4156;4162;4164;4165;4168;4174;4179;4182;4183;4185;4187;4192;4193;4194;4199;4202;4203;4204;4205;4221;4225;4226;4229;4230;4239;4250;4257;4270;4274;4278;4282;4293;4295;4296;4305;4309;4311;6425;6426;6983;6984;6986;6988,83,0,0,0,5,0,0,683.0475851753604,541.6919441189763
37,E5,"POLYGON ((80.23504 12.984949999999998,80.23504 12.989959999999998,80.24005 12.989959999999998,80.24005 12.984949999999998,80.23504 12.984949999999998))",POINT (80.23734648518518 12.986907599999999),80.23734648518518,12.986907599999999,989;1504;1974;1975;1976;1977;1978;1981;1982;1983;1984;1987;1988;1995;2010;2014;2015;2016;2017;2018;2019;2091;4063;4080;4253;6968;6982,25,0,0,0,1,0,0,508.45720150335364,472.48034870272005
38,E6,"POLYGON ((80.24005 12.984949999999998,80.24005 12.989959999999998,80.24506 12.989959999999998,80.24506 12.984949999999998,80.24005 12.984949999999998))",POINT (80.24259031250001 12.987474953124998),80.24259031250001,12.987474953124998,1183;1185;1187;1189;1191;1193;1195;1374;1640;1848;1979;1980;2028;2558;2559;2561;2563;2564;2601;2606;2622;2649;2666;2669;2678;2692;2694;2700;2704;2720;2739;2741;3634;3635;3660;3824;3850;3887;3947;4012;4053;4057;4065;4070;4075;4083;4085;4086;4088;4109;4116;4135;4137;4143;4154;4157;4240;4262;4286;4301;6882;6901;6965;7040,54,0,0,0,0,0,0,341.12816938201587,341.12816938201587
39,E7,"POLYGON ((80.24506 12.984949999999998,80.24506 12.989959999999998,80.25007 12.989959999999998,80.25007 12.984949999999998,80.24506 12.984949999999998))",POINT (80.24776490256409 12.987127794871794),80.24776490256409,12.987127794871794,1387;1470;1694;1908;1941;2025;2027;2556;6248;6255;6286;6289;6295;6298;6309;6327;6328;6336;6337;6345;6346;6353;6356;6357;6359;6402;6628;6631;6633;6640;6647;6665;6954;6955;6956;6957;6958;7050;7059,35,0,1,0,0,0,0,420.385399069184,313.84044656134404
40,E8,"POLYGON ((80.25007 12.984949999999998,80.25007 12.989959999999998,80.25507999999999 12.989959999999998,80.25507999999999 12.984949999999998,80.25007 12.984949999999998))",POINT (80.2533649709524 12.987322039523812),80.2533649709524,12.987322039523812,121;122;520;677;1474;1476;1477;1478;1480;1481;1493;1495;1501;1503;1557;1558;1559;1794;1836;1872;1873;1899;1907;1940;1956;1957;2035;2066;2067;2541;2545;2551;2554;3061;3065;3067;3069;4570;4571;4579;4580;4583;4585;4586;4626;4630;4631;4634;4636;4638;4639;4646;4650;4651;4695;4698;4700;4704;5486;5501;5538;5550;5705;5706;5707;5708;5709;5710;5711;5712;5713;5714;5715;5716;5717;5718;5719;5720;5721;5722;5723;5724;5725;5726;5727;5731;5733;5734;5735;5736;5743;5744;5746;5748;5750;5751;5771;5773;5774;5775;5777;5778;5782;5784;5785;5787;5788;5789;5791;5792;5793;5794;5795;5796;5799;5801;5802;5805;5807;5811;5812;5813;5814;5816;5819;5820;5821;5822;5824;5827;5828;5829;5830;5832;5834;5840;5841;5842;5843;5845;5846;5849;5852;5854;5855;5856;5857;5859;5860;5863;5864;5865;5867;5870;5871;5872;6096;6109;6118;6123;6131;6134;6148;6158;6162;6173;6192;6197;6202;6208;6222;6244;6247;6272;6284;6311;6314;6317;6332;6338;6340;6344;6390;6399;6403;6636;6643;6646;6653;6659;6663;6710;6713;6715;6718;6722;6735;6738;6740;6751;6762;6764;6770;6771;6785;6790;6794;6918;6925;7049,187,2,1,0,0,0,0,873.4494727440187,623.6785657582465
41,F1,"POLYGON ((80.215 12.979939999999997,80.215 12.984949999999998,80.22001 12.984949999999998,80.22001 12.979939999999997,80.215 12.979939999999997))",POINT (80.21876060364968 12.982891425547438),80.21876060364968,12.982891425547438,389;1050;1066;1584;1679;1821;1822;1823;1889;2101;3027;3028;3029;3030;3031;3032;3033;4566;4567;4568;4588;4589;4594;4608;4706;4707;4708;4709;4710;4711;4712;4713;4714;4715;4716;4717;4718;4719;4720;4721;4722;4723;4724;4725;4726;4727;4728;4729;4730;4731;4732;4733;4734;4735;4736;4737;4738;4739;4740;4741;4742;4743;4744;4745;4746;4747;4748;4749;4750;4751;4752;4753;4754;4755;4756;4757;4758;4759;4760;4761;4762;4763;4764;4765;4766;4767;4768;4769;4770;4771;4772;4773;4774;4775;4776;4777;4778;4779;4780;4781;4822;4826;4827;4828;4831;4832;4835;4837;4839;4841;4842;4843;4845;4850;4851;4852;4853;4857;4859;4863;4864;4865;4867;4868;4870;4872;4873;4874;4875;4878;4879;4880;4888;4889;4891;4892;4894;4895;4896;4898;4899;4900;4901;4903;4906;4908;4909;4912;4914;4915;4916;4918;4919;4922;4923;4926;4931;4933;4935;4936;4938;4940;4941;4945;4947;4952;4953;4955;4959;4965;4967;4968;4970;4971;4972;4975;4977;4980;4982;4987;4988;4990;4991;4995;4996;5001;5002;5003;5004;5007;5011;5014;5015;5016;5017;5019;5021;5025;5028;5030;5031;5032;5033;5034;5036;5037;5038;5041;5042;5046;5047;5048;5049;5050;5053;5054;5057;5059;5061;5062;5063;5064;5068;5069;5070;5071;5234;5235;5238;5251;5255;5260;5355;5446;5447;5448;5450;5452;5454;5455;5457;5458;5459;5680;5682;5683;5685;5686;5687;5688;5690;5691;5692;5693;5695;5696;5698;5700;5701;5702;5769;6082;6083;6669;6671;6672;6691;6694;6695;6696;6697;6698;6703;6704,265,3,0,1,0,0,0,567.0699810227326,524.7275776536575
42,F2,"POLYGON ((80.22001 12.979939999999997,80.22001 12.984949999999998,80.22502 12.984949999999998,80.22502 12.979939999999997,80.22001 12.979939999999997))",POINT (80.2224537974026 12.982955969480523),80.2224537974026,12.982955969480523,290;391;399;1551;1639;1655;1658;1693;1746;2744;2746;2747;2748;2750;2752;2754;2758;2762;2765;2768;2770;2775;2777;2780;2782;2783;2785;2786;2791;2792;2793;2794;2798;2802;2803;2805;2807;2808;2809;2810;2812;2817;2818;2822;2823;2828;2830;2832;2838;2839;2842;2844;2846;2847;2848;2851;2853;2854;2855;2856;2858;2859;2862;2863;2864;2865;2867;2873;2874;2878;2886;2887;2888;2890;2898;2902;2905;2906;2908;2910;2914;2918;2921;2922;2923;2926;2928;2929;2930;2931;2934;2936;2937;2939;2940;2941;2945;2948;2949;2951;2952;2953;2954;2955;2956;2957;2958;2959;2962;2964;2966;2969;2972;2974;2975;2976;2979;2980;2983;2984;2986;2994;3001;3002;3004;3006;3008;3009;3014;3015;3016;3017;3019;3021;3023;3024;3034;3035;3036;3037;3038;3039;3041;3044;3045;3046;3047;3049;3407;3408;3409;3422;3423;3426;3430;3443;3447;3449;3451;3455;3456;3461;3465;3468;3470;3473;3474;3477;3479;3481;3482;3488;3490;3493;3503;3505;3511;3514;3515;3524;3526;3531;3541;3545;3552;3553;3560;3564;3572;3573;3574;3584;3585;3592;3594;3599;3608;3610;3611;3612;3616;4148;4155;4191;4213;4237;4249;4316;4317;4318;4319;4320;4322;4323;4824;4825;4829;4830;4833;4844;4848;4849;4855;4856;4860;4862;4871;4877;4881;4883;4884;4887;4902;4905;4910;4913;4924;4928;4930;4934;4943;4948;4950;4954;4956;4958;4962;4964;4978;4983;4985;4986;4994;4998;4999;5006;5009;5013;5024;5026;5039;5045;5051;5055;5067;5072;5073;5075;5227;5230;5231;5233;5239;5241;5242;5245;5250;5258;5259;5261;5297;5373;5374;5388;5517;5518;5522;5526;5527;5533;5684;6084;6085;6088;6089;6090;6092;6850;6855;6908;6910;6911;6912;6914;7042;7043;7061;7062,299,4,0,0,0,0,0,636.1971957131523,652.8595998454275
43,F3,"POLYGON ((80.22502 12.979939999999997,80.22502 12.984949999999998,80.23003 12.984949999999998,80.23003 12.979939999999997,80.22502 12.979939999999997))",POINT (80.22757317151164 12.98286660319767),80.22757317151164,12.98286660319767,284;296;324;329;333;728;1082;1083;1120;1514;1603;1662;1664;1666;1800;2743;2745;2749;2751;2753;2755;2756;2757;2760;2761;2763;2764;2766;2767;2769;2772;2773;2774;2776;2778;2779;2781;2787;2788;2789;2790;2795;2796;2797;2800;2801;2806;2811;2813;2814;2815;2819;2820;2824;2826;2827;2829;2831;2833;2834;2835;2836;2837;2841;2843;2845;2849;2850;2852;2857;2860;2861;2866;2869;2870;2871;2872;2875;2876;2877;2879;2880;2881;2882;2885;2889;2891;2892;2893;2894;2895;2896;2899;2900;2901;2903;2904;2911;2912;2913;2915;2916;2917;2919;2924;2925;2932;2933;2935;2938;2942;2943;2944;2947;2950;2960;2963;2965;2968;2971;2973;2977;2978;2981;2982;2985;2987;2988;2989;2991;2992;2993;2995;2997;2998;3000;3005;3011;3012;3013;3018;3020;3022;3025;3026;3136;3138;3140;3141;3142;3144;3145;3146;3147;3150;3151;3152;3153;3154;3156;3157;3158;3159;3160;3162;3163;3164;3165;3166;3167;3168;3169;3170;3171;3173;3175;3176;3177;3178;3179;3180;3181;3182;3183;3186;3187;3188;3189;3190;3192;3194;3196;3198;3199;3200;3201;3202;3203;3204;3205;3209;3210;3211;3212;3213;3214;3215;3217;3219;3221;3222;3223;3224;3225;3226;3227;3228;3229;3230;3231;3232;3233;3234;3236;3237;3239;3240;3241;3242;3243;3244;3245;3246;3247;3248;3249;3250;3251;3252;3253;3254;3255;3256;3260;3261;3262;3263;3264;3265;3266;3267;3268;3269;3270;3271;3272;3273;3275;3279;3411;3415;3428;3437;3438;3439;3440;3442;3446;3454;3458;3467;3469;3478;3486;3494;3496;3497;3499;3507;3509;3510;3513;3516;3517;3518;3519;3520;3530;3532;3539;3544;3548;3549;3550;3558;3561;3562;3569;3576;3577;3579;3588;3590;3596;3598;3604;3609;3617;3622;4056;4060;4077;4087;4102;4106;4108;4112;4117;4127;4142;4178;4188;4208;4222;4231;4233;4244;4248;4272;4276;4294;4298;6668;6846;6847;6848;6849;6851;6853;6854;6856;6857;6906;6913,329,0,0,0,0,0,0,678.2636598739207,678.2636598739207
44,F4,"POLYGON ((80.23003 12.979939999999997,80.23003 12.984949999999998,80.23504 12.984949999999998,80.23504 12.979939999999997,80.23003 12.979939999999997))",POINT (80.23189722483222 12.982816627516781),80.23189722483222,12.982816627516781,310;993;1119;1121;1122;1329;1660;1690;1691;1701;1991;1992;2011;2102;3137;3139;3143;3148;3149;3155;3161;3172;3174;3184;3185;3191;3193;3195;3197;3206;3207;3208;3216;3218;3220;3235;3238;3257;3258;3259;3274;3276;3277;3278;3280;3281;3404;3405;3406;3412;3413;3414;3418;3421;3424;3425;3427;3433;3435;3436;3441;3445;3450;3452;3453;3460;3462;3466;3472;3475;3480;3484;3485;3487;3492;3500;3501;3502;3512;3522;3527;3534;3538;3543;3556;3559;3565;3566;3568;3570;3578;3581;3582;3587;3589;3593;3597;3600;3602;3605;3606;3620;3621;3646;3668;3688;3694;3707;3713;3730;3755;3763;3766;3780;3781;3793;3800;3815;3820;3830;3843;3847;3855;3858;3871;3874;3882;3908;3941;3948;3971;3978;3987;4015;4035;4040;4114;4134;4151;4166;4173;4175;4197;4201;4211;4219;4241;4269;6852,139,0,0,1,0,0,0,434.3959374083841,424.582273660672
45,F5,"POLYGON ((80.23504 12.979939999999997,80.23504 12.984949999999998,80.24005 12.984949999999998,80.24005 12.979939999999997,80.23504 12.979939999999997))",POINT (80.23743360884352 12.98278586156462),80.23743360884352,12.98278586156462,449;940;941;943;945;951;994;1110;1135;1171;1700;1858;1859;1860;1985;1986;1989;1990;3637;3638;3639;3640;3641;3642;3643;3644;3645;3647;3648;3649;3650;3651;3652;3654;3655;3656;3657;3658;3662;3663;3664;3665;3666;3669;3670;3672;3673;3674;3675;3676;3678;3679;3681;3682;3683;3685;3686;3689;3690;3691;3695;3696;3698;3700;3701;3703;3704;3705;3706;3708;3709;3711;3714;3715;3716;3717;3719;3720;3721;3722;3723;3725;3726;3727;3731;3732;3733;3734;3736;3737;3739;3742;3743;3745;3746;3748;3749;3750;3751;3754;3757;3759;3762;3764;3765;3767;3769;3772;3774;3775;3776;3778;3782;3783;3785;3786;3788;3789;3790;3795;3797;3798;3799;3801;3802;3803;3804;3805;3806;3808;3809;3810;3812;3813;3817;3818;3819;3821;3822;3823;3825;3826;3828;3829;3831;3834;3835;3837;3838;3841;3842;3844;3846;3848;3851;3854;3857;3859;3860;3861;3863;3864;3865;3866;3869;3873;3878;3879;3880;3886;3888;3890;3891;3893;3894;3895;3896;3897;3898;3899;3900;3901;3904;3905;3906;3909;3911;3913;3914;3916;3917;3918;3919;3921;3922;3924;3925;3926;3928;3931;3932;3933;3935;3936;3938;3940;3942;3943;3944;3946;3949;3950;3951;3953;3954;3956;3957;3958;3960;3961;3962;3963;3964;3966;3968;3969;3970;3974;3975;3977;3981;3982;3983;3984;3986;3989;3990;3991;3992;3995;3996;3997;3998;3999;4000;4001;4002;4006;4007;4008;4009;4010;4013;4014;4016;4017;4018;4019;4020;4021;4022;4023;4024;4025;4026;4027;4028;4030;4032;4034;4036;4037;4038;4039;4042;4043;4046;4082;4280;4285;6861;6866;6867;6871;6874;6879;6881;6883;6884;6886;6890;6895;6897;6900,280,0,0,0,0,0,0,539.9543991335041,549.9543991335041
46,F6,"POLYGON ((80.24005 12.979939999999997,80.24005 12.984949999999998,80.24506 12.984949999999998,80.24506 12.979939999999997,80.24005 12.979939999999997))",POINT (80.24186897464787 12.982872906338017),80.24186897464787,12.982872906338017,123;447;1136;1142;1150;1159;1164;1296;1321;1715;1849;1863;1891;1893;1894;1895;1896;1909;1913;2029;2036;2039;2040;3636;3653;3659;3661;3667;3671;3677;3680;3684;3687;3692;3693;3697;3699;3702;3710;3712;3718;3724;3728;3729;3735;3738;3740;3741;3744;3747;3752;3753;3756;3758;3760;3761;3768;3770;3771;3773;3777;3779;3784;3787;3791;3792;3794;3796;3807;3811;3814;3816;3827;3832;3833;3836;3839;3840;3845;3849;3852;3853;3856;3862;3867;3868;3870;3872;3875;3876;3877;3881;3883;3884;3885;3889;3892;3902;3903;3907;3910;3912;3915;3920;3923;3927;3929;3930;3934;3937;3939;3945;3952;3955;3959;3965;3967;3972;3973;3976;3979;3980;3985;3988;3993;3994;4003;4004;4005;4011;4029;4031;4033;4041;4044;4045;4047;4076;4104;4251;4271;6892,123,0,0,0,0,0,0,399.71196601177604,369.71196601177616
47,F7,"POLYGON ((80.24506 12.979939999999997,80.24506 12.984949999999998,80.25007 12.984949999999998,80.25007 12.979939999999997,80.24506 12.979939999999997))",POINT (80.24727227692308 12.98285438846154),80.24727227692308,12.98285438846154,1132;1301;1496;1608;1637;1747;1816;2024;2032;2037;2038;6407;6627;6644;6650;6651;6656;6666;6959;6960;6961;6962;6963;6964;7057;7063,19,0,0,1,0,0,0,487.875825573536,443.68303065932804
48,F8,"POLYGON ((80.25007 12.979939999999997,80.25007 12.984949999999998,80.25507999999999 12.984949999999998,80.25507999999999 12.979939999999997,80.25007 12.979939999999997))",POINT (80.25309571018516 12.983176061111113),80.25309571018516,12.983176061111113,701;1033;1221;1231;1392;1490;1867;1868;1897;1898;1914;2026;2068;2539;2540;2542;2543;2544;2546;2547;2548;2549;2550;2552;2553;2555;3050;3051;3052;3053;3054;3055;3056;3057;3058;3059;3060;3062;3063;3064;3066;3068;3070;3071;3072;4569;4572;4573;4574;4575;4576;4577;4578;4581;4582;4584;4587;5288;5349;5781;5786;5804;5810;5818;5826;5833;5851;5862;5866;5875;6099;6111;6140;6151;6168;6171;6174;6213;6215;6321;6330;6350;6355;6361;6363;6383;6630;6637;6641;6648;6654;6657;6658;6660;6662;6729;6752;6780;6791;6807;6919;6920;6924;6932;6953;7002;7021;7060,97,0,0,0,0,0,0,478.3290573052799,488.3780330975999
