link_id,from_node_id,to_node_id,dir_flag,length,lanes,capacity,free_speed,link_type_name,link_type,geometry,macro_node_id,macro_link_id,mvmt_txt_id,allowed_uses
0,0,100,1,979.94,2,1800,80,primary,3,"LINESTRING (80.2286101 13.0091941, 80.2290373 13.0090938, 80.2302027 13.0088616, 80.2311110 13.0086807, 80.2327932 13.0083611, 80.2334763 13.0082459, 80.2348091 13.0079679, 80.2350883 13.0079133, 80.2351425 13.0079027, 80.2374700 13.0074525)",,0,,auto
1,200,300,1,443.56,2,1800,50,primary,3,"LINESTRING (80.2195594 12.9913608, 80.2192702 12.9905377, 80.2191108 12.9900326, 80.2189376 12.9895098, 80.2187500 12.9890198, 80.2186028 12.9885780, 80.2185376 12.9882962, 80.2183762 12.9875275)",,1,,auto
2,400,500,1,284.23,2,1600,60,secondary,4,"LINESTRING (80.2405375 13.0095780, 80.2404892 13.0080398, 80.2403398 13.0070190)",,2,,auto
3,15100,800,1,179.46,2,1200,35,tertiary,5,"LINESTRING (80.2516460 12.9862522, 80.2515745 12.9862277, 80.2513032 12.9861915, 80.2505239 12.9861924, 80.2499979 12.9861931)",,4,,auto
4,801,900,1,690.05,2,1200,35,tertiary,5,"LINESTRING (80.2497766 12.9861933, 80.2494916 12.9861937, 80.2486521 12.9861946, 80.2473271 12.9861962, 80.2468177 12.9861968, 80.2467363 12.9861969, 80.2452672 12.9862171, 80.2451048 12.9862133, 80.2438456 12.9862113, 80.2434138 12.9862107)",,5,,auto
5,1000,1100,1,5.71,2,1200,40,tertiary,5,"LINESTRING (80.2434604 12.9812978, 80.2434598 12.9813494)",,6,,auto
6,1101,1001,1,5.71,2,1200,40,tertiary,5,"LINESTRING (80.2433630 12.9813484, 80.2433636 12.9812968)",,7,,auto
7,1102,901,1,511.73,2,1200,40,tertiary,5,"LINESTRING (80.2434570 12.9814766, 80.2433866 12.9843717, 80.2433537 12.9861029)",,8,,auto
8,902,1103,1,511.78,2,1200,40,tertiary,5,"LINESTRING (80.2432569 12.9861011, 80.2432898 12.9843697, 80.2433602 12.9814744)",,9,,auto
9,1200,1300,1,203.86,1,1200,40,tertiary,5,"LINESTRING (80.2186563 12.9842828, 80.2190971 12.9843345, 80.2191967 12.9843455, 80.2199424 12.9844056, 80.2203991 12.9843872, 80.2205270 12.9843627)",,10,,auto
10,1301,1201,1,206.05,1,1200,40,tertiary,5,"LINESTRING (80.2205394 12.9844248, 80.2204067 12.9844502, 80.2199410 12.9844690, 80.2191905 12.9844085, 80.2190897 12.9843973, 80.2186486 12.9843456)",,11,,auto
11,15200,1600,1,766.79,2,1200,40,tertiary,5,"LINESTRING (80.2516397 13.0065513, 80.2516334 13.0061241, 80.2516288 13.0058080, 80.2516179 13.0050260, 80.2516234 13.0042514, 80.2516974 13.0036518, 80.2518010 13.0032186, 80.2518186 13.0031449, 80.2519021 13.0026026, 80.2519616 13.0019346, 80.2519722 13.0013211, 80.2519869 13.0008313, 80.2519768 13.0004096, 80.2519762 13.0003012, 80.2519750 13.0000774, 80.2519725 12.9996448)",,14,,auto
12,1601,15201,1,766.69,2,1200,40,tertiary,5,"LINESTRING (80.2520693 12.9996443, 80.2520718 13.0000769, 80.2520730 13.0003007, 80.2520736 13.0004082, 80.2520837 13.0008315, 80.2520690 13.0013233, 80.2520584 13.0019396, 80.2519983 13.0026138, 80.2519138 13.0031629, 80.2518971 13.0032325, 80.2517928 13.0036684, 80.2517202 13.0042574, 80.2517147 13.0050256, 80.2517256 13.0058067, 80.2517302 13.0061227, 80.2517365 13.0065499)",,15,,auto
13,1700,1800,1,326.56,1,1200,40,tertiary,5,"LINESTRING (80.2548001 12.9968508, 80.2544040 12.9966318, 80.2541104 12.9963316, 80.2537688 12.9959824, 80.2529478 12.9952458, 80.2524565 12.9950610)",,16,,auto
14,1801,1701,1,327.61,1,1200,40,tertiary,5,"LINESTRING (80.2524796 12.9950019, 80.2529824 12.9951910, 80.2538140 12.9959370, 80.2541591 12.9962899, 80.2544440 12.9965812, 80.2548319 12.9967957)",,17,,auto
15,1802,1900,1,202.12,1,1200,40,tertiary,5,"LINESTRING (80.2523197 12.9950183, 80.2520290 12.9949458, 80.2513396 12.9947736, 80.2512617 12.9947542, 80.2509092 12.9946661, 80.2506703 12.9946049, 80.2505137 12.9945669)",,18,,auto
16,1901,1803,1,202.17,1,1200,40,tertiary,5,"LINESTRING (80.2505292 12.9945054, 80.2506863 12.9945435, 80.2509254 12.9946049, 80.2512777 12.9946928, 80.2513759 12.9947174, 80.2520450 12.9948844, 80.2523357 12.9949570)",,19,,auto
17,2000,15300,1,3.57,2,1600,60,secondary,4,"LINESTRING (80.2431678 12.9811727, 80.2431658 12.9812049)",,20,,auto
18,2300,2400,1,2.9,2,1600,60,secondary,4,"LINESTRING (80.2549773 12.9836297, 80.2549595 12.9836493)",,22,,auto
19,2401,2301,1,5.86,2,1600,60,secondary,4,"LINESTRING (80.2548690 12.9836063, 80.2549049 12.9835666)",,23,,auto
20,2500,2602,1,11.82,3,1800,30,primary,3,"LINESTRING (80.2428390 13.0066849, 80.2429440 13.0067136)",,24,,auto
21,100,2700,1,288.95,3,1800,80,primary,3,"LINESTRING (80.2374700 13.0074525, 80.2387016 13.0072210, 80.2400863 13.0069570)",,25,,auto
22,2701,501,1,8.27,3,1800,80,primary,3,"LINESTRING (80.2402311 13.0069293, 80.2403060 13.0069151)",,26,,auto
23,2800,2900,1,174.12,2,1200,40,tertiary,5,"LINESTRING (80.2308569 12.9839403, 80.2308861 12.9844284, 80.2309069 12.9846369, 80.2310349 12.9849581, 80.2310618 12.9851896, 80.2309367 12.9854615)",,27,,auto
24,2901,2801,1,168.92,2,1200,40,tertiary,5,"LINESTRING (80.2308485 12.9854225, 80.2309626 12.9851744, 80.2309401 12.9849811, 80.2308119 12.9846593, 80.2307895 12.9844358, 80.2307602 12.9839459)",,28,,auto
25,3000,1804,1,543.57,2,1200,40,tertiary,5,"LINESTRING (80.2544758 12.9908436, 80.2540697 12.9909061, 80.2538150 12.9910182, 80.2535022 12.9912372, 80.2534133 12.9913081, 80.2532949 12.9914830, 80.2532236 12.9916438, 80.2532006 12.9917130, 80.2530796 12.9920445, 80.2530560 12.9921880, 80.2530121 12.9924558, 80.2529880 12.9927580, 80.2529721 12.9930931, 80.2529371 12.9932194, 80.2528346 12.9935895, 80.2527320 12.9939528, 80.2526279 12.9943351, 80.2524740 12.9949125)",,29,,auto
26,1805,3001,1,555.8,2,1200,40,tertiary,5,"LINESTRING (80.2523803 12.9948885, 80.2525343 12.9943109, 80.2526386 12.9939278, 80.2527412 12.9935643, 80.2528437 12.9931946, 80.2528759 12.9930783, 80.2528914 12.9927520, 80.2529159 12.9924446, 80.2529604 12.9921729, 80.2529854 12.9920207, 80.2531090 12.9916822, 80.2531330 12.9916100, 80.2532095 12.9914374, 80.2533407 12.9912435, 80.2534434 12.9911616, 80.2537666 12.9909354, 80.2540419 12.9908143, 80.2544608 12.9907498)",,30,,auto
27,1806,3100,1,394.3,2,1200,40,tertiary,5,"LINESTRING (80.2524144 12.9951230, 80.2523949 12.9951880, 80.2522452 12.9957566, 80.2522437 12.9957622, 80.2521393 12.9961465, 80.2521073 12.9962642, 80.2520509 12.9964719, 80.2519682 12.9967763, 80.2518869 12.9970752, 80.2518287 12.9972896, 80.2517086 12.9977316, 80.2514811 12.9985690)",,31,,auto
28,3101,1807,1,394.58,2,1200,40,tertiary,5,"LINESTRING (80.2513875 12.9985446, 80.2516150 12.9977072, 80.2517351 12.9972652, 80.2518567 12.9968178, 80.2518746 12.9967519, 80.2518887 12.9967000, 80.2520137 12.9962398, 80.2521002 12.9959217, 80.2521501 12.9957382, 80.2521507 12.9957356, 80.2523015 12.9951628, 80.2523215 12.9950961)",,32,,auto
29,3200,3300,1,182.5,1,1600,60,secondary,4,"LINESTRING (80.2210551 12.9810609, 80.2211830 12.9812381, 80.2215313 12.9818165, 80.2218078 12.9822276, 80.2218688 12.9824898)",,33,,auto
30,3301,3201,1,179.73,1,1600,60,secondary,4,"LINESTRING (80.2218059 12.9825039, 80.2217474 12.9822528, 80.2214765 12.9818501, 80.2211288 12.9812725, 80.2210024 12.9810975)",,34,,auto
31,3302,3400,1,169.96,1,1600,60,secondary,4,"LINESTRING (80.2219015 12.9826310, 80.2219062 12.9826511, 80.2219295 12.9827519, 80.2221380 12.9831459, 80.2226530 12.9839729)",,35,,auto
32,3401,3303,1,172.25,1,1600,60,secondary,4,"LINESTRING (80.2225979 12.9840059, 80.2220818 12.9831771, 80.2218683 12.9827739, 80.2218432 12.9826651, 80.2218386 12.9826449)",,36,,auto
33,3402,3500,1,351.65,1,1600,60,secondary,4,"LINESTRING (80.2227304 12.9840956, 80.2229050 12.9843689, 80.2231544 12.9847527, 80.2232792 12.9850690, 80.2232931 12.9851042, 80.2233378 12.9853570, 80.2233476 12.9854741, 80.2230607 12.9857368, 80.2230118 12.9859751, 80.2230055 12.9861774, 80.2230036 12.9864165, 80.2230033 12.9864628, 80.2230548 12.9868259, 80.2230785 12.9869932)",,37,,auto
34,3501,3403,1,348.38,1,1600,60,secondary,4,"LINESTRING (80.2230146 12.9870019, 80.2229908 12.9868347, 80.2229387 12.9864670, 80.2229391 12.9864108, 80.2229409 12.9861762, 80.2229474 12.9859679, 80.2230015 12.9857044, 80.2232808 12.9854487, 80.2232738 12.9853650, 80.2232305 12.9851212, 80.2232190 12.9850918, 80.2230966 12.9847815, 80.2228504 12.9844027, 80.2226757 12.9841292)",,38,,auto
35,3502,3600,1,553.79,1,1600,60,secondary,4,"LINESTRING (80.2230967 12.9871378, 80.2231143 12.9872992, 80.2231298 12.9876341, 80.2231146 12.9877441, 80.2231061 12.9878053, 80.2230845 12.9878592, 80.2229506 12.9880537, 80.2227657 12.9882916, 80.2224214 12.9886877, 80.2214952 12.9894432, 80.2213470 12.9895656, 80.2208666 12.9899626, 80.2206985 12.9901542, 80.2206432 12.9902172, 80.2203939 12.9905164, 80.2202208 12.9907557, 80.2200898 12.9909368)",,39,,auto
36,3601,3503,1,548.7,1,1600,60,secondary,4,"LINESTRING (80.2200372 12.9909002, 80.2201682 12.9907191, 80.2203425 12.9904780, 80.2205938 12.9901766, 80.2206918 12.9900648, 80.2208210 12.9899174, 80.2213054 12.9895172, 80.2214538 12.9893946, 80.2223758 12.9886425, 80.2227155 12.9882518, 80.2228982 12.9880167, 80.2230271 12.9878296, 80.2230431 12.9877893, 80.2230506 12.9877355, 80.2230650 12.9876313, 80.2230499 12.9873040, 80.2230325 12.9871445)",,40,,auto
37,3700,15202,1,298.68,3,1800,80,primary,3,"LINESTRING (80.2545411 13.0065124, 80.2543698 13.0064935, 80.2529333 13.0064591, 80.2526244 13.0064318, 80.2522387 13.0065039, 80.2518138 13.0066240)",,41,,auto
38,15203,3800,1,382.3,3,1800,80,primary,3,"LINESTRING (80.2515634 13.0066855, 80.2513622 13.0067275, 80.2505079 13.0067707, 80.2490348 13.0067255, 80.2484282 13.0066773, 80.2481815 13.0066650, 80.2480467 13.0066601)",,42,,auto
39,3900,2501,1,356.77,3,1800,40,primary,3,"LINESTRING (80.2393280 13.0069663, 80.2400458 13.0068349, 80.2408610 13.0066857, 80.2413272 13.0066152, 80.2416181 13.0065941, 80.2425852 13.0065882)",,43,,auto
40,2502,3901,1,354.27,3,1800,40,primary,3,"LINESTRING (80.2425860 13.0067148, 80.2416233 13.0067207, 80.2413418 13.0067410, 80.2408826 13.0068105, 80.2400694 13.0069593, 80.2393516 13.0070908)",,44,,auto
41,15400,4201,1,11.16,3,1800,80,primary,3,"LINESTRING (80.2474530 13.0065211, 80.2474526 13.0064202)",,46,,auto
42,4201,4300,1,1347.99,3,1800,80,primary,3,"LINESTRING (80.2474526 13.0064202, 80.2474516 13.0062878, 80.2474505 13.0058100, 80.2474475 13.0049027, 80.2474878 13.0042823, 80.2476296 13.0034070, 80.2477934 13.0023912, 80.2480228 13.0014652, 80.2485790 12.9992002, 80.2488385 12.9981705, 80.2497663 12.9944890)",,47,,auto
43,4301,15500,1,706.34,3,1800,80,primary,3,"LINESTRING (80.2498283 12.9942432, 80.2504728 12.9916856, 80.2507287 12.9906700, 80.2507505 12.9905835, 80.2511922 12.9888237, 80.2513170 12.9883249, 80.2513878 12.9880418)",,48,,auto
44,4600,4700,1,488.27,2,1200,40,tertiary,5,"LINESTRING (80.2176359 13.0087273, 80.2176673 13.0087127, 80.2177182 13.0086713, 80.2179306 13.0084985, 80.2181631 13.0081170, 80.2183422 13.0076960, 80.2186440 13.0069869, 80.2188350 13.0065380, 80.2189256 13.0064105, 80.2190842 13.0063719, 80.2198429 13.0063044, 80.2201197 13.0063221, 80.2206083 13.0066037)",,50,,auto
45,4701,4601,1,482.85,2,1200,40,tertiary,5,"LINESTRING (80.2206008 13.0067095, 80.2200905 13.0064153, 80.2198441 13.0063996, 80.2191004 13.0064659, 80.2189842 13.0064941, 80.2189204 13.0065840, 80.2187334 13.0070235, 80.2184316 13.0077326, 80.2182497 13.0081598, 80.2180052 13.0085611, 80.2177943 13.0087327, 80.2177199 13.0087933, 80.2176776 13.0088131)",,51,,auto
46,4702,4800,1,7.91,2,1200,40,tertiary,5,"LINESTRING (80.2207296 13.0066413, 80.2208023 13.0066470)",,52,,auto
47,4801,4703,1,7.91,2,1200,40,tertiary,5,"LINESTRING (80.2207945 13.0067417, 80.2207218 13.0067360)",,53,,auto
48,4900,3304,1,358.37,2,1200,40,tertiary,5,"LINESTRING (80.2252715 12.9826198, 80.2247671 12.9826010, 80.2243819 12.9826004, 80.2240862 12.9825965, 80.2236548 12.9825928, 80.2231788 12.9825873, 80.2229777 12.9825816, 80.2222260 12.9825714, 80.2219695 12.9826016)",,54,,auto
49,3305,4901,1,360.03,2,1200,40,tertiary,5,"LINESTRING (80.2219579 12.9825073, 80.2222208 12.9824764, 80.2229797 12.9824866, 80.2231808 12.9824923, 80.2236558 12.9824978, 80.2240872 12.9825015, 80.2243827 12.9825054, 80.2247691 12.9825060, 80.2252752 12.9825249)",,55,,auto
50,5000,5100,1,689.87,2,1800,50,primary,3,"LINESTRING (80.2180519 12.9811580, 80.2179619 12.9814316, 80.2179227 12.9816543, 80.2178685 12.9823669, 80.2178647 12.9829530, 80.2178630 12.9832196, 80.2178582 12.9839501, 80.2178563 12.9842430, 80.2178633 12.9844608, 80.2178628 12.9851729, 80.2178894 12.9856224, 80.2179781 12.9862003, 80.2180759 12.9866152, 80.2182325 12.9873427)",,56,,auto
51,5200,5300,1,310.19,2,1800,30,primary,3,"LINESTRING (80.2194307 12.9916912, 80.2185834 12.9928654, 80.2179780 12.9936970, 80.2177737 12.9939777)",,57,,auto
52,5401,5500,1,177.47,2,1800,50,primary,3,"LINESTRING (80.2359505 12.9811703, 80.2349331 12.9811428, 80.2348137 12.9811376, 80.2346260 12.9811480, 80.2344905 12.9811559, 80.2344275 12.9811677, 80.2343192 12.9811927)",,58,,auto
53,5601,15301,1,176.23,3,1800,80,primary,3,"LINESTRING (80.2414000 12.9813659, 80.2418673 12.9813606, 80.2420517 12.9813615, 80.2425433 12.9813769, 80.2427113 12.9813758, 80.2428792 12.9813746, 80.2430247 12.9813709)",,59,,auto
54,5800,1002,1,194.63,3,1800,80,primary,3,"LINESTRING (80.2453229 12.9810595, 80.2435404 12.9812645)",,61,,auto
55,1003,15302,1,11.71,3,1800,80,primary,3,"LINESTRING (80.2433938 12.9812793, 80.2432858 12.9812801)",,62,,auto
56,6001,6100,1,106.14,2,1600,60,secondary,4,"LINESTRING (80.2526657 12.9827557, 80.2527288 12.9826468, 80.2527602 12.9825514, 80.2527558 12.9819682, 80.2527526 12.9818172)",,64,,auto
57,6100,6200,1,53.59,2,1600,60,secondary,4,"LINESTRING (80.2527526 12.9818172, 80.2529109 12.9818117, 80.2532436 12.9818559)",,65,,auto
58,3102,1602,1,96.45,2,1200,40,tertiary,5,"LINESTRING (80.2515124 12.9987174, 80.2517550 12.9990185, 80.2520221 12.9993722, 80.2520358 12.9994186)",,66,,auto
59,1603,3103,1,92.37,2,1200,40,tertiary,5,"LINESTRING (80.2519429 12.9994452, 80.2519339 12.9994150, 80.2516780 12.9990761, 80.2514364 12.9987763)",,67,,auto
60,1604,6300,1,165.5,2,1200,40,tertiary,5,"LINESTRING (80.2521301 12.9994867, 80.2536560 12.9994607)",,68,,auto
61,6301,1605,1,165.5,2,1200,40,tertiary,5,"LINESTRING (80.2536577 12.9995557, 80.2521318 12.9995817)",,69,,auto
62,2301,6400,1,253.97,2,1600,60,secondary,4,"LINESTRING (80.2549049 12.9835666, 80.2546924 12.9826965, 80.2546106 12.9825285, 80.2544650 12.9822295, 80.2543562 12.9821309, 80.2541628 12.9820162, 80.2538630 12.9818985, 80.2536672 12.9818399)",,70,,auto
63,2402,6500,1,9.94,2,1600,60,secondary,4,"LINESTRING (80.2549107 12.9837215, 80.2549328 12.9838088)",,71,,auto
64,6601,6700,1,187.64,3,1800,80,primary,3,"LINESTRING (80.2473019 13.0048241, 80.2472732 13.0063514, 80.2472764 13.0065206)",,72,,auto
65,6701,6802,1,6.09,3,1800,80,primary,3,"LINESTRING (80.2472814 13.0067195, 80.2472843 13.0067745)",,73,,auto
66,6901,7000,1,77.93,3,1800,50,primary,3,"LINESTRING (80.2436384 13.0066045, 80.2429198 13.0065948)",,74,,auto
67,7000,7100,1,35.35,3,1800,50,primary,3,"LINESTRING (80.2429198 13.0065948, 80.2425938 13.0065953)",,75,,auto
68,7200,15101,1,457.48,3,1800,80,primary,3,"LINESTRING (80.2525846 12.9821194, 80.2525749 12.9827478, 80.2525253 12.9831713, 80.2525171 12.9832409, 80.2521171 12.9848027, 80.2517808 12.9861651)",,76,,auto
69,7401,7500,1,25.7,3,1800,80,primary,3,"LINESTRING (80.2520865 12.9879141, 80.2518536 12.9878712)",,78,,auto
70,7601,7700,1,37.91,3,1800,30,primary,3,"LINESTRING (80.2477244 13.0067589, 80.2480741 13.0067609)",,79,,auto
71,6200,7800,1,45.76,2,1600,60,secondary,4,"LINESTRING (80.2532436 12.9818559, 80.2535665 12.9819198, 80.2536573 12.9819378)",,80,,auto
72,7901,8000,1,59.43,2,1600,60,secondary,4,"LINESTRING (80.2532681 12.9817675, 80.2531641 12.9817468, 80.2530209 12.9817204, 80.2529338 12.9816771, 80.2528502 12.9815895, 80.2528154 12.9815230)",,81,,auto
73,8101,8200,1,29.86,3,1800,80,primary,3,"LINESTRING (80.2518021 12.9879860, 80.2520701 12.9880481)",,82,,auto
74,3800,8300,1,33.63,3,1800,80,primary,3,"LINESTRING (80.2480467 13.0066601, 80.2477366 13.0066639)",,83,,auto
75,8402,15501,1,13.29,3,1800,80,primary,3,"LINESTRING (80.2516897 12.9878389, 80.2515673 12.9878344)",,84,,auto
76,7700,8600,1,21.2,2,1800,80,primary,3,"LINESTRING (80.2480741 13.0067609, 80.2482695 13.0067649)",,86,,auto
77,8601,15204,1,329.77,2,1800,80,primary,3,"LINESTRING (80.2484906 13.0067744, 80.2489070 13.0068017, 80.2496828 13.0068255, 80.2504419 13.0068491, 80.2513237 13.0068564, 80.2515262 13.0068177)",,87,,auto
78,15205,8700,1,312.35,2,1800,80,primary,3,"LINESTRING (80.2517424 13.0067716, 80.2524608 13.0066017, 80.2529249 13.0066058, 80.2543639 13.0066185, 80.2545996 13.0066526)",,88,,auto
79,7800,2403,1,240.49,2,1600,60,secondary,4,"LINESTRING (80.2536573 12.9819378, 80.2538394 12.9819836, 80.2541170 12.9820827, 80.2543197 12.9821938, 80.2544442 12.9823189, 80.2546245 12.9827105, 80.2548632 12.9835468)",,89,,auto
80,8300,8800,1,8.02,3,1800,30,primary,3,"LINESTRING (80.2477366 13.0066639, 80.2476628 13.0066598)",,90,,auto
81,8800,15401,1,8.75,3,1800,30,primary,3,"LINESTRING (80.2476628 13.0066598, 80.2475823 13.0066551)",,91,,auto
82,15402,6702,1,2.93,3,1800,30,primary,3,"LINESTRING (80.2473796 13.0066475, 80.2473526 13.0066474)",,92,,auto
83,6703,8901,1,108.51,3,1800,30,primary,3,"LINESTRING (80.2471497 13.0066443, 80.2465363 13.0066462, 80.2461491 13.0066442)",,93,,auto
84,6400,7901,1,44.01,2,1600,60,secondary,4,"LINESTRING (80.2536672 12.9818399, 80.2532681 12.9817675)",,94,,auto
85,9000,9100,1,690.98,2,1200,35,tertiary,5,"LINESTRING (80.2434078 12.9863017, 80.2446112 12.9863015, 80.2467349 12.9863012, 80.2475035 12.9862977, 80.2487748 12.9862919, 80.2497793 12.9862872)",,95,,auto
86,9101,15102,1,175.37,2,1200,35,tertiary,5,"LINESTRING (80.2500006 12.9862862, 80.2500460 12.9862860, 80.2513053 12.9862802, 80.2516112 12.9863316, 80.2516131 12.9863321)",,96,,auto
87,8200,9200,1,137.46,3,1800,80,primary,3,"LINESTRING (80.2520701 12.9880481, 80.2523102 12.9880639, 80.2524511 12.9880545, 80.2529208 12.9880035, 80.2533318 12.9879630)",,97,,auto
88,9300,7401,1,144.52,3,1800,80,primary,3,"LINESTRING (80.2534144 12.9878284, 80.2533347 12.9878360, 80.2524414 12.9879174, 80.2522548 12.9879251, 80.2520865 12.9879141)",,98,,auto
89,8901,6901,1,272.32,3,1800,30,primary,3,"LINESTRING (80.2461491 13.0066442, 80.2453744 13.0066331, 80.2449289 13.0066267, 80.2445230 13.0066106, 80.2440014 13.0066145, 80.2436384 13.0066045)",,99,,auto
90,1902,9400,1,48.5,2,1200,40,tertiary,5,"LINESTRING (80.2503307 12.9945385, 80.2498969 12.9944319)",,100,,auto
91,9401,1903,1,48.5,2,1200,40,tertiary,5,"LINESTRING (80.2499204 12.9943398, 80.2503542 12.9944464)",,101,,auto
92,15303,9500,1,13.22,2,1600,60,secondary,4,"LINESTRING (80.2432681 12.9812621, 80.2432731 12.9811427)",,103,,auto
93,15304,9600,1,317.49,3,1800,80,primary,3,"LINESTRING (80.2430324 12.9812848, 80.2429342 12.9812907, 80.2427155 12.9812981, 80.2426215 12.9813087, 80.2423995 12.9813077, 80.2420833 12.9813039, 80.2418523 12.9813041, 80.2415703 12.9812881, 80.2412488 12.9812850, 80.2409298 12.9812853, 80.2407077 12.9812897, 80.2404333 12.9812866, 80.2401064 12.9812829)",,104,,auto
94,15305,1104,1,11.83,3,1800,80,primary,3,"LINESTRING (80.2432837 12.9813698, 80.2433928 12.9813674)",,105,,auto
95,1105,9700,1,211.89,3,1800,80,primary,3,"LINESTRING (80.2435401 12.9813597, 80.2437880 12.9813457, 80.2444482 12.9812617, 80.2454633 12.9811336, 80.2454795 12.9811316)",,106,,auto
96,9800,9900,1,82.74,2,1200,40,tertiary,5,"LINESTRING (80.2410438 12.9861405, 80.2410434 12.9861368, 80.2410230 12.9859987, 80.2409968 12.9858982, 80.2409489 12.9858023, 80.2407691 12.9856263, 80.2406699 12.9855183)",,107,,auto
97,9901,9801,1,85.89,2,1200,40,tertiary,5,"LINESTRING (80.2407419 12.9854548, 80.2408393 12.9855609, 80.2410287 12.9857463, 80.2410882 12.9858652, 80.2411180 12.9859801, 80.2411357 12.9860993)",,108,,auto
98,10000,10100,1,81.5,2,1200,40,tertiary,5,"LINESTRING (80.2396543 12.9821439, 80.2396800 12.9821287, 80.2397231 12.9820973, 80.2396453 12.9817650, 80.2396136 12.9814526)",,109,,auto
99,10101,10001,1,94.42,2,1200,40,tertiary,5,"LINESTRING (80.2397104 12.9814477, 80.2397411 12.9817496, 80.2398317 12.9821365, 80.2397340 12.9822077, 80.2397042 12.9822252)",,110,,auto
100,10102,10200,1,4.74,2,1200,40,tertiary,5,"LINESTRING (80.2396062 12.9813246, 80.2396054 12.9812818)",,111,,auto
101,10201,10103,1,4.74,2,1200,40,tertiary,5,"LINESTRING (80.2397022 12.9812802, 80.2397030 12.9813230)",,112,,auto
102,8402,10302,1,73.87,3,1800,80,primary,3,"LINESTRING (80.2516897 12.9878389, 80.2516168 12.9877231, 80.2516084 12.9875805, 80.2516421 12.9873981, 80.2516649 12.9872749, 80.2516252 12.9872067)",,113,,auto
103,10401,10500,1,939.09,2,1800,80,primary,3,"LINESTRING (80.2368217 13.0074332, 80.2367210 13.0074498, 80.2366119 13.0074692, 80.2363772 13.0075114, 80.2357205 13.0076438, 80.2286761 13.0090654, 80.2284250 13.0091270, 80.2283404 13.0091480)",,114,,auto
104,5101,10600,1,438.35,2,1800,50,primary,3,"LINESTRING (80.2182798 12.9875547, 80.2183455 12.9878390, 80.2184392 12.9883032, 80.2185080 12.9886250, 80.2186611 12.9890705, 80.2188246 12.9895466, 80.2190157 12.9900785, 80.2191780 12.9905761, 80.2194578 12.9913398)",,115,,auto
105,10700,10801,1,3.21,2,1800,10,primary,3,"LINESTRING (80.2195793 12.9916118, 80.2195970 12.9915885)",,116,,auto
106,10801,10900,1,2.9,2,1800,10,primary,3,"LINESTRING (80.2195970 12.9915885, 80.2196140 12.9915682)",,117,,auto
107,3602,11000,1,38.36,2,1600,60,secondary,4,"LINESTRING (80.2199358 12.9910458, 80.2197135 12.9913156)",,118,,auto
108,11001,201,1,4.76,2,1600,60,secondary,4,"LINESTRING (80.2196349 12.9914160, 80.2196072 12.9914494)",,119,,auto
109,202,11100,1,6.66,2,1600,60,secondary,4,"LINESTRING (80.2195838 12.9914774, 80.2195447 12.9915238)",,120,,auto
110,11201,11300,1,8.7,2,1800,30,primary,3,"LINESTRING (80.2171876 12.9947726, 80.2171409 12.9948365)",,121,,auto
111,11101,11400,1,4.99,3,1800,10,primary,3,"LINESTRING (80.2195232 12.9915531, 80.2194988 12.9915914)",,122,,auto
112,11500,11600,1,139.79,2,1800,80,primary,3,"LINESTRING (80.2177841 13.0004314, 80.2181808 13.0010184, 80.2184962 13.0014851)",,123,,auto
113,11601,4704,1,606.04,2,1800,80,primary,3,"LINESTRING (80.2186285 13.0016587, 80.2187497 13.0018000, 80.2195637 13.0025382, 80.2199043 13.0031946, 80.2202761 13.0048645, 80.2203519 13.0052050, 80.2206820 13.0065816)",,124,,auto
114,4705,11700,1,275.67,2,1800,80,primary,3,"LINESTRING (80.2207454 13.0067891, 80.2207474 13.0067945, 80.2209915 13.0072628, 80.2216630 13.0085507, 80.2219019 13.0090089)",,125,,auto
115,11701,11800,1,71.29,2,1800,80,primary,3,"LINESTRING (80.2220018 13.0092026, 80.2221936 13.0095694, 80.2223018 13.0097763)",,126,,auto
116,5300,11201,1,108.48,1,1800,20,primary,3,"LINESTRING (80.2177737 12.9939777, 80.2171876 12.9947726)",,127,,auto
117,2902,11900,1,667.27,2,1200,40,tertiary,5,"LINESTRING (80.2307643 12.9856217, 80.2306709 12.9856501, 80.2305527 12.9856759, 80.2303998 12.9857059, 80.2299083 12.9857502, 80.2298527 12.9857588, 80.2296970 12.9857807, 80.2296226 12.9857837, 80.2290826 12.9858049, 80.2288638 12.9858196, 80.2286838 12.9858368, 80.2281562 12.9859294, 80.2277629 12.9860466, 80.2276649 12.9860664, 80.2275273 12.9861007, 80.2272549 12.9861427, 80.2271203 12.9861676, 80.2262997 12.9862761, 80.2255569 12.9863677, 80.2254085 12.9864009, 80.2247029 12.9865653)",,128,,auto
118,11901,2903,1,665.09,2,1200,40,tertiary,5,"LINESTRING (80.2246806 12.9864729, 80.2253865 12.9863085, 80.2255401 12.9862741, 80.2262871 12.9861819, 80.2271049 12.9860738, 80.2272385 12.9860491, 80.2275079 12.9860075, 80.2276431 12.9859738, 80.2277391 12.9859544, 80.2281336 12.9858370, 80.2286706 12.9857426, 80.2288558 12.9857250, 80.2290774 12.9857101, 80.2296379 12.9856880, 80.2296882 12.9856861, 80.2298383 12.9856650, 80.2298963 12.9856560, 80.2303858 12.9856119, 80.2305327 12.9855830, 80.2306459 12.9855583, 80.2307227 12.9855349)",,129,,auto
119,12000,12100,1,44.12,3,2200,100,trunk,2,"LINESTRING (80.2279514 13.0098161, 80.2279542 13.0097991, 80.2279098 13.0096756, 80.2278295 13.0095830, 80.2277035 13.0095452)",,130,,auto
120,10500,0,1,116.43,3,1800,80,primary,3,"LINESTRING (80.2283404 13.0091480, 80.2282579 13.0092076, 80.2282034 13.0092459, 80.2280524 13.0093628, 80.2280431 13.0093846, 80.2280415 13.0094031, 80.2280442 13.0094192, 80.2280522 13.0094314, 80.2280636 13.0094400, 80.2280797 13.0094424, 80.2280983 13.0094402, 80.2281129 13.0094334, 80.2281247 13.0094257, 80.2281376 13.0094115, 80.2281738 13.0093669, 80.2282048 13.0093384, 80.2282539 13.0093011, 80.2283305 13.0092598, 80.2283806 13.0092423, 80.2284269 13.0092298, 80.2286101 13.0091941)",,131,,auto
121,12200,2702,1,5.14,2,1600,60,secondary,4,"LINESTRING (80.2402095 13.0068140, 80.2402109 13.0068605)",,132,,auto
122,2703,12300,1,282.13,2,1600,60,secondary,4,"LINESTRING (80.2402292 13.0070401, 80.2403820 13.0080540, 80.2404338 13.0095795)",,133,,auto
123,15502,12400,1,726.1,3,1800,80,primary,3,"LINESTRING (80.2512940 12.9879643, 80.2506852 12.9904897, 80.2503318 12.9919255, 80.2497047 12.9943424)",,134,,auto
124,12400,6601,1,1188.98,3,1800,80,primary,3,"LINESTRING (80.2497047 12.9943424, 80.2495697 12.9948645, 80.2484661 12.9991322, 80.2477102 13.0023162, 80.2475134 13.0033150, 80.2473740 13.0041641, 80.2473019 13.0048241)",,135,,auto
125,6601,8901,1,260.33,3,1800,80,primary,3,"LINESTRING (80.2473019 13.0048241, 80.2472401 13.0051804, 80.2471945 13.0054430, 80.2471476 13.0057648, 80.2470526 13.0060559, 80.2468936 13.0062816, 80.2466392 13.0064597, 80.2461491 13.0066442)",,136,,auto
126,15503,10302,1,57.83,3,1800,80,primary,3,"LINESTRING (80.2514747 12.9877084, 80.2516252 12.9872067)",,138,,auto
127,15403,7601,1,14.36,3,1800,80,primary,3,"LINESTRING (80.2475933 13.0067732, 80.2476214 13.0067745, 80.2477244 13.0067589)",,139,,auto
128,15504,8101,1,28.26,3,1800,80,primary,3,"LINESTRING (80.2515461 12.9879386, 80.2516363 12.9879526, 80.2518021 12.9879860)",,140,,auto
129,8602,12500,1,323.78,2,1200,40,tertiary,5,"LINESTRING (80.2484660 13.0068506, 80.2485007 13.0069367, 80.2486189 13.0078927, 80.2486995 13.0085429, 80.2487700 13.0091272, 80.2488576 13.0097502)",,141,,auto
130,12501,8603,1,321.25,2,1200,40,tertiary,5,"LINESTRING (80.2487617 13.0097632, 80.2486740 13.0091392, 80.2486033 13.0085543, 80.2485227 13.0079041, 80.2484061 13.0069603, 80.2483759 13.0068855)",,142,,auto
131,10500,12600,1,36.18,3,1800,80,primary,3,"LINESTRING (80.2283404 13.0091480, 80.2282417 13.0091714, 80.2280227 13.0092468)",,143,,auto
132,12201,10401,1,361.08,3,1800,50,primary,3,"LINESTRING (80.2400809 13.0067668, 80.2399135 13.0068000, 80.2396681 13.0068425, 80.2392464 13.0069289, 80.2383874 13.0070948, 80.2375811 13.0072701, 80.2372744 13.0073272, 80.2370529 13.0073826, 80.2368217 13.0074332)",,144,,auto
133,12701,12800,1,55.33,2,1800,50,primary,3,"LINESTRING (80.2336326 12.9815281, 80.2339487 12.9813778, 80.2340981 12.9813248)",,145,,auto
134,12801,12900,1,176.09,2,1800,50,primary,3,"LINESTRING (80.2343100 12.9812632, 80.2344878 12.9812225, 80.2346729 12.9812069, 80.2348352 12.9812082, 80.2348861 12.9812095, 80.2359279 12.9812336)",,146,,auto
135,7100,13000,1,135.47,3,1800,50,primary,3,"LINESTRING (80.2425938 13.0065953, 80.2418688 13.0065893, 80.2413448 13.0065755)",,147,,auto
136,13100,3404,1,70.12,2,1200,40,tertiary,5,"LINESTRING (80.2219167 12.9841477, 80.2221106 12.9840807, 80.2221852 12.9840785, 80.2225469 12.9840215)",,148,,auto
137,3405,13101,1,68.21,2,1200,40,tertiary,5,"LINESTRING (80.2225623 12.9841152, 80.2221944 12.9841733, 80.2221286 12.9841751, 80.2219490 12.9842373)",,149,,auto
138,13200,13102,1,40.77,2,1200,40,tertiary,5,"LINESTRING (80.2213358 12.9842174, 80.2214690 12.9842049, 80.2215322 12.9842041, 80.2217057 12.9842022, 80.2217110 12.9842012)",,150,,auto
139,13103,13201,1,41.64,2,1200,40,tertiary,5,"LINESTRING (80.2217283 12.9842947, 80.2217149 12.9842970, 80.2215328 12.9842991, 80.2214742 12.9842997, 80.2213451 12.9843119)",,151,,auto
140,11902,3504,1,159.46,1,1200,40,tertiary,5,"LINESTRING (80.2245222 12.9865948, 80.2241215 12.9867088, 80.2239521 12.9867696, 80.2236495 12.9868949, 80.2231370 12.9870746)",,152,,auto
141,3505,11903,1,159.89,1,1200,40,tertiary,5,"LINESTRING (80.2231153 12.9870150, 80.2236261 12.9868359, 80.2239285 12.9867106, 80.2241013 12.9866486, 80.2245043 12.9865340)",,153,,auto
142,9600,10202,1,37.19,2,1800,50,primary,3,"LINESTRING (80.2401064 12.9812829, 80.2398189 12.9812645, 80.2397641 12.9812640)",,154,,auto
143,10203,5401,1,389.74,2,1800,50,primary,3,"LINESTRING (80.2395429 12.9812611, 80.2394411 12.9812594, 80.2379385 12.9812356, 80.2366333 12.9811836, 80.2359505 12.9811703)",,155,,auto
144,12900,10104,1,392.38,2,1800,50,primary,3,"LINESTRING (80.2359279 12.9812336, 80.2379188 12.9813011, 80.2388959 12.9813191, 80.2395443 12.9813386)",,156,,auto
145,10105,5601,1,177.28,2,1800,50,primary,3,"LINESTRING (80.2397655 12.9813434, 80.2399117 12.9813454, 80.2401132 12.9813454, 80.2414000 12.9813659)",,157,,auto
146,13301,13400,1,327.32,2,1800,50,primary,3,"LINESTRING (80.2336557 12.9814360, 80.2334379 12.9815365, 80.2332198 12.9816371, 80.2331333 12.9816852, 80.2330097 12.9817516, 80.2328941 12.9818174, 80.2325926 12.9819018, 80.2322477 12.9819741, 80.2319384 12.9819949, 80.2316662 12.9819936, 80.2314569 12.9819648, 80.2313054 12.9819295, 80.2309688 12.9818093, 80.2308018 12.9817231)",,158,,auto
147,13401,13500,1,27.73,2,1800,50,primary,3,"LINESTRING (80.2306094 12.9816162, 80.2303922 12.9814837)",,159,,auto
148,13600,12701,1,153.06,2,1800,50,primary,3,"LINESTRING (80.2323214 12.9820165, 80.2326129 12.9819658, 80.2329039 12.9818727, 80.2330328 12.9818133, 80.2331213 12.9817649, 80.2334681 12.9816033, 80.2336326 12.9815281)",,160,,auto
149,13702,13601,1,155.24,2,1800,50,primary,3,"LINESTRING (80.2307199 12.9817703, 80.2309325 12.9818675, 80.2313027 12.9819883, 80.2314891 12.9820354, 80.2316608 12.9820537, 80.2319572 12.9820524, 80.2321020 12.9820428)",,161,,auto
150,13701,13402,1,2.9,3,1800,80,primary,3,"LINESTRING (80.2306088 12.9817059, 80.2306224 12.9816834)",,162,,auto
151,13403,13702,1,6.42,3,1800,80,primary,3,"LINESTRING (80.2307500 12.9817203, 80.2307444 12.9817297, 80.2307384 12.9817396, 80.2307199 12.9817703)",,163,,auto
152,903,9802,1,213.17,2,1200,35,tertiary,5,"LINESTRING (80.2431925 12.9862104, 80.2414911 12.9862082, 80.2413308 12.9862157, 80.2412272 12.9862197)",,164,,auto
153,9803,9001,1,213.79,2,1200,35,tertiary,5,"LINESTRING (80.2412207 12.9862606, 80.2413058 12.9862905, 80.2415513 12.9863012, 80.2417671 12.9863001, 80.2420404 12.9863030, 80.2423092 12.9863046, 80.2427729 12.9862980, 80.2431865 12.9863009)",,165,,auto
154,904,9002,1,6.11,2,1200,40,tertiary,5,"LINESTRING (80.2433503 12.9862317, 80.2433466 12.9862868)",,166,,auto
155,9003,905,1,6.11,2,1200,40,tertiary,5,"LINESTRING (80.2432500 12.9862805, 80.2432537 12.9862254)",,167,,auto
156,13602,2802,1,237.58,2,1200,40,tertiary,5,"LINESTRING (80.2321985 12.9821531, 80.2321821 12.9821807, 80.2320783 12.9823558, 80.2318455 12.9827618, 80.2316828 12.9830454, 80.2314261 12.9834928, 80.2314175 12.9835101, 80.2313855 12.9835748, 80.2309224 12.9838242)",,168,,auto
157,2803,13603,1,231.69,2,1200,40,tertiary,5,"LINESTRING (80.2308758 12.9837410, 80.2313119 12.9835062, 80.2313304 12.9834687, 80.2313403 12.9834488, 80.2315984 12.9829988, 80.2317611 12.9827152, 80.2319943 12.9823086, 80.2320985 12.9821329, 80.2321149 12.9821052)",,169,,auto
158,13800,13900,1,293.88,2,1200,40,tertiary,5,"LINESTRING (80.2495651 12.9980547, 80.2497819 12.9971292, 80.2498474 12.9968492, 80.2499263 12.9965123, 80.2501717 12.9954646)",,170,,auto
159,13901,13801,1,293.88,2,1200,40,tertiary,5,"LINESTRING (80.2502661 12.9954859, 80.2500207 12.9965335, 80.2499418 12.9968705, 80.2498763 12.9971504, 80.2496595 12.9980760)",,171,,auto
160,5501,12802,1,3.84,1,1800,50,primary,3,"LINESTRING (80.2342411 12.9812396, 80.2342366 12.9812740)",,172,,auto
161,12803,5502,1,3.84,1,1800,50,primary,3,"LINESTRING (80.2341726 12.9812659, 80.2341771 12.9812315)",,173,,auto
162,5503,13301,1,52.96,2,1800,50,primary,3,"LINESTRING (80.2341078 12.9812555, 80.2339192 12.9813245, 80.2336557 12.9814360)",,174,,auto
163,1302,13202,1,44.73,2,1200,40,tertiary,5,"LINESTRING (80.2207065 12.9843148, 80.2210156 12.9842631, 80.2211131 12.9842467)",,175,,auto
164,13203,1303,1,44.74,2,1200,40,tertiary,5,"LINESTRING (80.2211294 12.9843403, 80.2210320 12.9843567, 80.2207228 12.9844084)",,176,,auto
165,14000,1202,1,48.81,1,1200,40,tertiary,5,"LINESTRING (80.2180612 12.9842227, 80.2185090 12.9842669)",,177,,auto
166,1203,14001,1,48.81,1,1200,40,tertiary,5,"LINESTRING (80.2185026 12.9843298, 80.2180548 12.9842856)",,178,,auto
167,9200,14100,1,105.6,3,1800,80,primary,3,"LINESTRING (80.2533318 12.9879630, 80.2533383 12.9879624, 80.2533441 12.9879619, 80.2533560 12.9879608, 80.2543016 12.9878775)",,179,,auto
168,14201,4802,1,272.66,2,1800,80,primary,3,"LINESTRING (80.2220261 13.0089801, 80.2219811 13.0088776, 80.2210299 13.0070871, 80.2208689 13.0067915)",,180,,auto
169,4803,14300,1,613.89,2,1800,80,primary,3,"LINESTRING (80.2207922 13.0065900, 80.2204815 13.0052516, 80.2199961 13.0031612, 80.2196346 13.0024767, 80.2188017 13.0017290, 80.2186960 13.0016117)",,181,,auto
170,14301,14400,1,313.03,2,1800,80,primary,3,"LINESTRING (80.2185616 13.0014399, 80.2178127 13.0003330, 80.2177932 13.0002991, 80.2170593 12.9990249)",,182,,auto
171,14500,0,1,74.18,3,1800,80,primary,3,"LINESTRING (80.2281309 13.0096384, 80.2281839 13.0095412, 80.2283554 13.0093125, 80.2285054 13.0092361, 80.2286101 13.0091941)",,183,,auto
172,12400,4302,1,3.0,3,1800,80,primary,3,"LINESTRING (80.2497047 12.9943424, 80.2497313 12.9943499)",,184,,auto
173,4303,9401,1,6.98,3,1800,80,primary,3,"LINESTRING (80.2498699 12.9943789, 80.2499204 12.9943398)",,185,,auto
174,11702,14201,1,2.41,3,1800,80,primary,3,"LINESTRING (80.2220077 13.0089923, 80.2220261 13.0089801)",,186,,auto
175,14202,11703,1,2.9,3,1800,80,primary,3,"LINESTRING (80.2220985 13.0090849, 80.2220764 13.0090996)",,187,,auto
176,9102,802,1,6.34,2,1200,40,tertiary,5,"LINESTRING (80.2498410 12.9862699, 80.2498394 12.9862126)",,188,,auto
177,803,9103,1,6.34,2,1200,40,tertiary,5,"LINESTRING (80.2499362 12.9862100, 80.2499378 12.9862673)",,189,,auto
178,11602,14302,1,4.69,3,1800,80,primary,3,"LINESTRING (80.2185352 13.0015134, 80.2185705 13.0014890)",,190,,auto
179,14303,11603,1,4.69,3,1800,80,primary,3,"LINESTRING (80.2186449 13.0015925, 80.2186096 13.0016169)",,191,,auto
180,301,14600,1,3.02,2,1800,50,primary,3,"LINESTRING (80.2183289 12.9873155, 80.2183226 12.9872889)",,192,,auto
181,14600,14002,1,328.07,2,1800,50,primary,3,"LINESTRING (80.2183226 12.9872889, 80.2181218 12.9864600, 80.2180193 12.9858468, 80.2179885 12.9855974, 80.2179777 12.9850002, 80.2179836 12.9843554)",,193,,auto
182,14003,14700,1,329.74,2,1800,50,primary,3,"LINESTRING (80.2179836 12.9841384, 80.2179671 12.9823713, 80.2180340 12.9816993, 80.2180691 12.9814752, 80.2181499 12.9811728)",,194,,auto
183,7000,2503,1,9.09,3,1800,80,primary,3,"LINESTRING (80.2429198 13.0065948, 80.2428390 13.0066167)",,195,,auto
184,8800,4201,1,35.44,3,1800,80,primary,3,"LINESTRING (80.2476628 13.0066598, 80.2475899 13.0066040, 80.2475028 13.0065126, 80.2474526 13.0064202)",,196,,auto
185,6100,8001,1,31.23,2,1600,60,secondary,4,"LINESTRING (80.2527526 12.9818172, 80.2527615 12.9815349)",,197,,auto
186,10901,3603,1,47.21,2,1600,60,secondary,4,"LINESTRING (80.2197270 12.9914241, 80.2197581 12.9913826, 80.2199813 12.9910777)",,198,,auto
187,10902,203,1,4.92,3,1800,80,primary,3,"LINESTRING (80.2196467 12.9915008, 80.2196103 12.9914742)",,199,,auto
188,502,12202,1,6.65,2,1600,60,secondary,4,"LINESTRING (80.2402829 13.0068516, 80.2402486 13.0068017)",,200,,auto
189,503,2602,1,271.5,3,1800,80,primary,3,"LINESTRING (80.2404508 13.0068874, 80.2406323 13.0068528, 80.2409671 13.0067986, 80.2413433 13.0067707, 80.2415753 13.0067520, 80.2420037 13.0067332, 80.2427136 13.0067141, 80.2429440 13.0067136)",,201,,auto
190,9902,10002,1,353.23,2,1200,40,tertiary,5,"LINESTRING (80.2405219 12.9853570, 80.2404875 12.9853196, 80.2402207 12.9849573, 80.2401733 12.9848141, 80.2402051 12.9846067, 80.2401296 12.9842894, 80.2399781 12.9838004, 80.2398306 12.9833183, 80.2397303 12.9829529, 80.2396033 12.9825262, 80.2395631 12.9823572)",,202,,auto
191,10003,9903,1,347.97,2,1200,40,tertiary,5,"LINESTRING (80.2396572 12.9823348, 80.2396969 12.9825022, 80.2398235 12.9829273, 80.2399238 12.9832923, 80.2400707 12.9837730, 80.2402232 12.9842648, 80.2403035 12.9846029, 80.2402725 12.9848061, 80.2403081 12.9849139, 80.2405629 12.9852598, 80.2405938 12.9852935)",,203,,auto
192,2602,6802,1,470.7,3,1800,30,primary,3,"LINESTRING (80.2429440 13.0067136, 80.2441123 13.0067335, 80.2454226 13.0067495, 80.2472843 13.0067745)",,204,,auto
193,6802,15404,1,5.53,3,1800,30,primary,3,"LINESTRING (80.2472843 13.0067745, 80.2473353 13.0067723)",,205,,auto
194,14800,804,1,114.29,2,1200,40,tertiary,5,"LINESTRING (80.2499712 12.9850552, 80.2499505 12.9852973, 80.2499622 12.9853429, 80.2499668 12.9853608, 80.2499598 12.9854201, 80.2499179 12.9857736, 80.2499311 12.9860828)",,206,,auto
195,805,14801,1,115.6,2,1200,40,tertiary,5,"LINESTRING (80.2498343 12.9860868, 80.2498209 12.9857700, 80.2498634 12.9854111, 80.2498686 12.9853672, 80.2498652 12.9853538, 80.2498527 12.9853051, 80.2498747 12.9850472)",,207,,auto
196,10600,5200,1,39.64,2,1600,60,secondary,4,"LINESTRING (80.2194578 12.9913398, 80.2194764 12.9915317, 80.2194307 12.9916912)",,208,,auto
197,14900,10701,1,409.05,2,1800,80,primary,3,"LINESTRING (80.2173350 12.9947408, 80.2195047 12.9917150)",,209,,auto
198,15103,6001,1,406.02,3,1800,80,primary,3,"LINESTRING (80.2518297 12.9863302, 80.2522404 12.9847385, 80.2526117 12.9832590, 80.2526657 12.9827557)",,210,,auto
199,6001,15000,1,69.94,3,1800,80,primary,3,"LINESTRING (80.2526657 12.9827557, 80.2526889 12.9821237)",,211,,auto
200,11401,5200,1,3.29,2,1800,30,primary,3,"LINESTRING (80.2194477 12.9916666, 80.2194307 12.9916912)",,212,,auto
201,10600,11102,1,11.36,2,1800,50,primary,3,"LINESTRING (80.2194578 12.9913398, 80.2194944 12.9914361)",,213,,auto
202,11103,10801,1,6.92,2,1800,50,primary,3,"LINESTRING (80.2195472 12.9915493, 80.2195970 12.9915885)",,214,,auto
203,10302,15104,1,71.44,3,1800,80,primary,3,"LINESTRING (80.2516252 12.9872067, 80.2517697 12.9865764)",,215,,auto
204,7500,8402,1,18.13,3,1800,80,primary,3,"LINESTRING (80.2518536 12.9878712, 80.2516897 12.9878389)",,216,,auto
205,15105,15505,1,141.14,3,1800,80,primary,3,"LINESTRING (80.2516860 12.9864839, 80.2516402 12.9866501, 80.2513563 12.9877186)",,217,,auto
206,13000,12203,1,110.89,3,1800,50,primary,3,"LINESTRING (80.2413448 13.0065755, 80.2409337 13.0066047, 80.2405943 13.0066668, 80.2403341 13.0067172)",,219,,auto
207,100,3900,1,208.55,2,1800,80,primary,3,"LINESTRING (80.2374700 13.0074525, 80.2382791 13.0072570, 80.2393280 13.0069663)",,220,,auto
208,201,200,1,11.08,1,1600,60,secondary,4,"LINESTRING (80.2196072 12.9914494, 80.2195594 12.9913608)",2,,NBL,auto
209,201,202,1,4.0,1,1600,60,secondary,4,"LINESTRING (80.2196072 12.9914494, 80.2195838 12.9914774)",2,,NBT,auto
210,203,200,1,13.7,2,1800,80,primary,3,"LINESTRING (80.2196103 12.9914742, 80.2195594 12.9913608)",2,,WBT,auto
211,203,202,1,2.9,1,1800,80,primary,3,"LINESTRING (80.2196103 12.9914742, 80.2195838 12.9914774)",2,,WBR,auto
212,300,301,1,24.0,2,1800,50,primary,3,"LINESTRING (80.2183762 12.9875275, 80.2183289 12.9873155)",3,,SBT,auto
213,500,502,1,19.51,1,1600,60,secondary,4,"LINESTRING (80.2403398 13.0070190, 80.2402829 13.0068516)",5,,SBT,auto
214,500,503,1,18.89,1,1600,60,secondary,4,"LINESTRING (80.2403398 13.0070190, 80.2404508 13.0068874)",5,,SBL,auto
215,501,502,1,7.45,1,1800,80,primary,3,"LINESTRING (80.2403060 13.0069151, 80.2402829 13.0068516)",5,,EBR,auto
216,501,503,1,16.0,2,1800,80,primary,3,"LINESTRING (80.2403060 13.0069151, 80.2404508 13.0068874)",5,,EBT,auto
217,800,801,1,24.0,1,1200,35,tertiary,5,"LINESTRING (80.2499979 12.9861931, 80.2497766 12.9861933)",8,,WBT,auto
218,800,803,1,6.95,1,1200,35,tertiary,5,"LINESTRING (80.2499979 12.9861931, 80.2499362 12.9862100)",8,,WBR,auto
219,800,805,1,21.28,1,1200,35,tertiary,5,"LINESTRING (80.2499979 12.9861931, 80.2498343 12.9860868)",8,,WBL,auto
220,802,801,1,7.13,1,1200,40,tertiary,5,"LINESTRING (80.2498394 12.9862126, 80.2497766 12.9861933)",8,,SBR,auto
221,802,805,1,13.93,1,1200,40,tertiary,5,"LINESTRING (80.2498394 12.9862126, 80.2498343 12.9860868)",8,,SBT,auto
222,804,801,1,20.73,1,1200,40,tertiary,5,"LINESTRING (80.2499311 12.9860828, 80.2497766 12.9861933)",8,,NBL,auto
223,804,803,1,14.08,1,1200,40,tertiary,5,"LINESTRING (80.2499311 12.9860828, 80.2499362 12.9862100)",8,,NBT,auto
224,900,902,1,20.89,1,1200,35,tertiary,5,"LINESTRING (80.2434138 12.9862107, 80.2432569 12.9861011)",9,,WBL,auto
225,900,903,1,24.0,1,1200,35,tertiary,5,"LINESTRING (80.2434138 12.9862107, 80.2431925 12.9862104)",9,,WBT,auto
226,900,904,1,7.27,1,1200,35,tertiary,5,"LINESTRING (80.2434138 12.9862107, 80.2433503 12.9862317)",9,,WBR,auto
227,901,903,1,21.13,1,1200,40,tertiary,5,"LINESTRING (80.2433537 12.9861029, 80.2431925 12.9862104)",9,,NBL,auto
228,901,904,1,14.24,1,1200,40,tertiary,5,"LINESTRING (80.2433537 12.9861029, 80.2433503 12.9862317)",9,,NBT,auto
229,905,902,1,13.75,1,1200,40,tertiary,5,"LINESTRING (80.2432537 12.9862254, 80.2432569 12.9861011)",9,,SBT,auto
230,905,903,1,6.84,1,1200,40,tertiary,5,"LINESTRING (80.2432537 12.9862254, 80.2431925 12.9862104)",9,,SBR,auto
231,1001,1003,1,3.8,2,1200,40,tertiary,5,"LINESTRING (80.2433636 12.9812968, 80.2433938 12.9812793)",10,,SBR,auto
232,1002,1000,1,9.43,1,1800,80,primary,3,"LINESTRING (80.2435404 12.9812645, 80.2434604 12.9812978)",10,,WBR,auto
233,1002,1003,1,15.99,2,1800,80,primary,3,"LINESTRING (80.2435404 12.9812645, 80.2433938 12.9812793)",10,,WBT,auto
234,1100,1102,1,14.07,1,1200,40,tertiary,5,"LINESTRING (80.2434598 12.9813494, 80.2434570 12.9814766)",11,,NBT,auto
235,1100,1105,1,8.78,1,1200,40,tertiary,5,"LINESTRING (80.2434598 12.9813494, 80.2435401 12.9813597)",11,,NBR,auto
236,1103,1101,1,13.93,1,1200,40,tertiary,5,"LINESTRING (80.2433602 12.9814744, 80.2433630 12.9813484)",11,,SBT,auto
237,1103,1105,1,23.27,1,1200,40,tertiary,5,"LINESTRING (80.2433602 12.9814744, 80.2435401 12.9813597)",11,,SBL,auto
238,1104,1101,1,3.86,1,1800,80,primary,3,"LINESTRING (80.2433928 12.9813674, 80.2433630 12.9813484)",11,,EBR,auto
239,1104,1102,1,13.94,1,1800,80,primary,3,"LINESTRING (80.2433928 12.9813674, 80.2434570 12.9814766)",11,,EBL,auto
240,1104,1105,1,16.0,1,1800,80,primary,3,"LINESTRING (80.2433928 12.9813674, 80.2435401 12.9813597)",11,,EBT,auto
241,1201,1203,1,15.93,1,1200,40,tertiary,5,"LINESTRING (80.2186486 12.9843456, 80.2185026 12.9843298)",12,,WBT,auto
242,1202,1200,1,16.06,1,1200,40,tertiary,5,"LINESTRING (80.2185090 12.9842669, 80.2186563 12.9842828)",12,,EBT,auto
243,1300,1302,1,20.18,1,1200,40,tertiary,5,"LINESTRING (80.2205270 12.9843627, 80.2207065 12.9843148)",13,,EBT,auto
244,1303,1301,1,19.97,1,1200,40,tertiary,5,"LINESTRING (80.2207228 12.9844084, 80.2205394 12.9844248)",13,,WBT,auto
245,1600,1603,1,22.31,1,1200,40,tertiary,5,"LINESTRING (80.2519725 12.9996448, 80.2519429 12.9994452)",16,,SBT,auto
246,1600,1604,1,24.45,1,1200,40,tertiary,5,"LINESTRING (80.2519725 12.9996448, 80.2521301 12.9994867)",16,,SBL,auto
247,1602,1601,1,25.23,1,1200,40,tertiary,5,"LINESTRING (80.2520358 12.9994186, 80.2520693 12.9996443)",16,,NBT,auto
248,1602,1604,1,12.7,1,1200,40,tertiary,5,"LINESTRING (80.2520358 12.9994186, 80.2521301 12.9994867)",16,,NBR,auto
249,1605,1601,1,9.69,1,1200,40,tertiary,5,"LINESTRING (80.2521318 12.9995817, 80.2520693 12.9996443)",16,,WBR,auto
250,1605,1603,1,25.45,1,1200,40,tertiary,5,"LINESTRING (80.2521318 12.9995817, 80.2519429 12.9994452)",16,,WBL,auto
251,1800,1802,1,15.57,1,1200,40,tertiary,5,"LINESTRING (80.2524565 12.9950610, 80.2523197 12.9950183)",18,,WBT,auto
252,1800,1805,1,20.79,1,1200,40,tertiary,5,"LINESTRING (80.2524565 12.9950610, 80.2523803 12.9948885)",18,,WBL,auto
253,1800,1806,1,8.24,1,1200,40,tertiary,5,"LINESTRING (80.2524565 12.9950610, 80.2524144 12.9951230)",18,,WBR,auto
254,1803,1801,1,16.38,1,1200,40,tertiary,5,"LINESTRING (80.2523357 12.9949570, 80.2524796 12.9950019)",18,,EBT,auto
255,1803,1805,1,8.99,1,1200,40,tertiary,5,"LINESTRING (80.2523357 12.9949570, 80.2523803 12.9948885)",18,,EBR,auto
256,1803,1806,1,20.25,1,1200,40,tertiary,5,"LINESTRING (80.2523357 12.9949570, 80.2524144 12.9951230)",18,,EBL,auto
257,1804,1801,1,9.9,1,1200,40,tertiary,5,"LINESTRING (80.2524740 12.9949125, 80.2524796 12.9950019)",18,,NBR,auto
258,1804,1802,1,20.42,1,1200,40,tertiary,5,"LINESTRING (80.2524740 12.9949125, 80.2523197 12.9950183)",18,,NBL,auto
259,1804,1806,1,24.16,1,1200,40,tertiary,5,"LINESTRING (80.2524740 12.9949125, 80.2524144 12.9951230)",18,,NBT,auto
260,1807,1801,1,20.07,1,1200,40,tertiary,5,"LINESTRING (80.2523215 12.9950961, 80.2524796 12.9950019)",18,,SBL,auto
261,1807,1802,1,8.61,1,1200,40,tertiary,5,"LINESTRING (80.2523215 12.9950961, 80.2523197 12.9950183)",18,,SBR,auto
262,1807,1805,1,23.83,1,1200,40,tertiary,5,"LINESTRING (80.2523215 12.9950961, 80.2523803 12.9948885)",18,,SBT,auto
263,1900,1902,1,20.09,1,1200,40,tertiary,5,"LINESTRING (80.2505137 12.9945669, 80.2503307 12.9945385)",19,,WBT,auto
264,1903,1901,1,20.07,1,1200,40,tertiary,5,"LINESTRING (80.2503542 12.9944464, 80.2505292 12.9945054)",19,,EBT,auto
265,2400,2402,1,9.58,2,1600,60,secondary,4,"LINESTRING (80.2549595 12.9836493, 80.2549107 12.9837215)",24,,NBR,auto
266,2403,2401,1,6.61,1,1600,60,secondary,4,"LINESTRING (80.2548632 12.9835468, 80.2548690 12.9836063)",24,,NBR,auto
267,2403,2402,1,20.0,1,1600,60,secondary,4,"LINESTRING (80.2548632 12.9835468, 80.2549107 12.9837215)",24,,NBT,auto
268,2501,2500,1,29.53,3,1800,40,primary,3,"LINESTRING (80.2425852 13.0065882, 80.2428390 13.0066849)",25,,EBT,auto
269,2503,2500,1,7.55,1,1800,80,primary,3,"LINESTRING (80.2428390 13.0066167, 80.2428390 13.0066849)",25,,WBR,auto
270,2503,2502,1,29.51,2,1800,80,primary,3,"LINESTRING (80.2428390 13.0066167, 80.2425860 13.0067148)",25,,WBT,auto
271,2700,2701,1,16.0,1,1800,80,primary,3,"LINESTRING (80.2400863 13.0069570, 80.2402311 13.0069293)",27,,EBT,auto
272,2700,2703,1,18.02,2,1800,80,primary,3,"LINESTRING (80.2400863 13.0069570, 80.2402292 13.0070401)",27,,EBL,auto
273,2702,2701,1,7.93,1,1600,60,secondary,4,"LINESTRING (80.2402109 13.0068605, 80.2402311 13.0069293)",27,,NBR,auto
274,2702,2703,1,19.97,1,1600,60,secondary,4,"LINESTRING (80.2402109 13.0068605, 80.2402292 13.0070401)",27,,NBT,auto
275,2801,2803,1,25.9,2,1200,40,tertiary,5,"LINESTRING (80.2307602 12.9839459, 80.2308758 12.9837410)",28,,SBT,auto
276,2802,2800,1,14.68,2,1200,40,tertiary,5,"LINESTRING (80.2309224 12.9838242, 80.2308569 12.9839403)",28,,NBT,auto
277,2900,2902,1,25.76,2,1200,40,tertiary,5,"LINESTRING (80.2309367 12.9854615, 80.2307643 12.9856217)",29,,NBL,auto
278,2903,2901,1,18.46,2,1200,40,tertiary,5,"LINESTRING (80.2307227 12.9855349, 80.2308485 12.9854225)",29,,EBR,auto
279,3100,3102,1,16.76,2,1200,40,tertiary,5,"LINESTRING (80.2514811 12.9985690, 80.2515124 12.9987174)",31,,NBR,auto
280,3103,3101,1,26.16,2,1200,40,tertiary,5,"LINESTRING (80.2514364 12.9987763, 80.2513875 12.9985446)",31,,SBL,auto
281,3300,3302,1,16.01,1,1600,60,secondary,4,"LINESTRING (80.2218688 12.9824898, 80.2219015 12.9826310)",33,,NBT,auto
282,3300,3305,1,9.85,1,1600,60,secondary,4,"LINESTRING (80.2218688 12.9824898, 80.2219579 12.9825073)",33,,NBR,auto
283,3303,3301,1,15.99,1,1600,60,secondary,4,"LINESTRING (80.2218386 12.9826449, 80.2218059 12.9825039)",33,,SBT,auto
284,3303,3305,1,19.97,1,1600,60,secondary,4,"LINESTRING (80.2218386 12.9826449, 80.2219579 12.9825073)",33,,SBL,auto
285,3304,3301,1,20.77,1,1200,40,tertiary,5,"LINESTRING (80.2219695 12.9826016, 80.2218059 12.9825039)",33,,WBL,auto
286,3304,3302,1,8.05,1,1200,40,tertiary,5,"LINESTRING (80.2219695 12.9826016, 80.2219015 12.9826310)",33,,WBR,auto
287,3400,3402,1,15.96,1,1600,60,secondary,4,"LINESTRING (80.2226530 12.9839729, 80.2227304 12.9840956)",34,,NBT,auto
288,3400,3405,1,18.56,1,1600,60,secondary,4,"LINESTRING (80.2226530 12.9839729, 80.2225623 12.9841152)",34,,NBL,auto
289,3403,3401,1,16.04,1,1600,60,secondary,4,"LINESTRING (80.2226757 12.9841292, 80.2225979 12.9840059)",34,,SBT,auto
290,3403,3405,1,12.39,1,1600,60,secondary,4,"LINESTRING (80.2226757 12.9841292, 80.2225623 12.9841152)",34,,SBR,auto
291,3404,3401,1,5.79,1,1200,40,tertiary,5,"LINESTRING (80.2225469 12.9840215, 80.2225979 12.9840059)",34,,EBR,auto
292,3404,3402,1,21.52,1,1200,40,tertiary,5,"LINESTRING (80.2225469 12.9840215, 80.2227304 12.9840956)",34,,EBL,auto
293,3500,3502,1,16.11,1,1600,60,secondary,4,"LINESTRING (80.2230785 12.9869932, 80.2230967 12.9871378)",35,,NBT,auto
294,3500,3505,1,4.67,1,1600,60,secondary,4,"LINESTRING (80.2230785 12.9869932, 80.2231153 12.9870150)",35,,NBR,auto
295,3503,3501,1,15.89,1,1600,60,secondary,4,"LINESTRING (80.2230325 12.9871445, 80.2230146 12.9870019)",35,,SBT,auto
296,3503,3505,1,16.9,1,1600,60,secondary,4,"LINESTRING (80.2230325 12.9871445, 80.2231153 12.9870150)",35,,SBT,auto
297,3504,3501,1,15.53,1,1200,40,tertiary,5,"LINESTRING (80.2231370 12.9870746, 80.2230146 12.9870019)",35,,WBL,auto
298,3504,3502,1,8.24,1,1200,40,tertiary,5,"LINESTRING (80.2231370 12.9870746, 80.2230967 12.9871378)",35,,WBT,auto
299,3600,3602,1,20.59,1,1600,60,secondary,4,"LINESTRING (80.2200898 12.9909368, 80.2199358 12.9910458)",36,,NBT,auto
300,3603,3601,1,20.54,1,1600,60,secondary,4,"LINESTRING (80.2199813 12.9910777, 80.2200372 12.9909002)",36,,SBT,auto
301,3603,3602,1,6.06,1,1600,60,secondary,4,"LINESTRING (80.2199813 12.9910777, 80.2199358 12.9910458)",36,,SBR,auto
302,4300,4301,1,28.0,1,1800,80,primary,3,"LINESTRING (80.2497663 12.9944890, 80.2498283 12.9942432)",43,,SBT,auto
303,4300,4303,1,16.56,2,1800,80,primary,3,"LINESTRING (80.2497663 12.9944890, 80.2498699 12.9943789)",43,,SBL,auto
304,4302,4301,1,15.8,1,1800,80,primary,3,"LINESTRING (80.2497313 12.9943499, 80.2498283 12.9942432)",43,,EBR,auto
305,4302,4303,1,15.37,2,1800,80,primary,3,"LINESTRING (80.2497313 12.9943499, 80.2498699 12.9943789)",43,,EBT,auto
306,4700,4702,1,13.79,1,1200,40,tertiary,5,"LINESTRING (80.2206083 13.0066037, 80.2207296 13.0066413)",47,,EBT,auto
307,4700,4705,1,25.33,1,1200,40,tertiary,5,"LINESTRING (80.2206083 13.0066037, 80.2207454 13.0067891)",47,,EBL,auto
308,4703,4701,1,13.45,1,1200,40,tertiary,5,"LINESTRING (80.2207218 13.0067360, 80.2206008 13.0067095)",47,,WBT,auto
309,4703,4705,1,6.4,1,1200,40,tertiary,5,"LINESTRING (80.2207218 13.0067360, 80.2207454 13.0067891)",47,,WBR,auto
310,4704,4701,1,16.66,1,1800,80,primary,3,"LINESTRING (80.2206820 13.0065816, 80.2206008 13.0067095)",47,,NBL,auto
311,4704,4702,1,8.38,1,1800,80,primary,3,"LINESTRING (80.2206820 13.0065816, 80.2207296 13.0066413)",47,,NBR,auto
312,4704,4705,1,23.96,1,1800,80,primary,3,"LINESTRING (80.2206820 13.0065816, 80.2207454 13.0067891)",47,,NBT,auto
313,4800,4803,1,6.4,2,1200,40,tertiary,5,"LINESTRING (80.2208023 13.0066470, 80.2207922 13.0065900)",48,,EBR,auto
314,4802,4801,1,9.77,1,1800,80,primary,3,"LINESTRING (80.2208689 13.0067915, 80.2207945 13.0067417)",48,,SBR,auto
315,4802,4803,1,23.78,1,1800,80,primary,3,"LINESTRING (80.2208689 13.0067915, 80.2207922 13.0065900)",48,,SBT,auto
316,5100,5101,1,24.0,2,1800,50,primary,3,"LINESTRING (80.2182325 12.9873427, 80.2182798 12.9875547)",51,,NBT,auto
317,5500,5501,1,9.93,1,1800,50,primary,3,"LINESTRING (80.2343192 12.9811927, 80.2342411 12.9812396)",55,,WBR,auto
318,5500,5503,1,23.96,1,1800,50,primary,3,"LINESTRING (80.2343192 12.9811927, 80.2341078 12.9812555)",55,,WBT,auto
319,5502,5503,1,7.97,1,1800,50,primary,3,"LINESTRING (80.2341771 12.9812315, 80.2341078 12.9812555)",55,,SBR,auto
320,6700,6701,1,22.0,1,1800,80,primary,3,"LINESTRING (80.2472764 13.0065206, 80.2472814 13.0067195)",67,,NBT,auto
321,6700,6703,1,19.39,2,1800,80,primary,3,"LINESTRING (80.2472764 13.0065206, 80.2471497 13.0066443)",67,,NBL,auto
322,6702,6701,1,11.1,1,1800,30,primary,3,"LINESTRING (80.2473526 13.0066474, 80.2472814 13.0067195)",67,,WBR,auto
323,6702,6703,1,22.0,2,1800,30,primary,3,"LINESTRING (80.2473526 13.0066474, 80.2471497 13.0066443)",67,,WBT,auto
324,8600,8601,1,24.0,1,1800,80,primary,3,"LINESTRING (80.2482695 13.0067649, 80.2484906 13.0067744)",86,,EBT,auto
325,8600,8602,1,23.31,1,1800,80,primary,3,"LINESTRING (80.2482695 13.0067649, 80.2484660 13.0068506)",86,,EBL,auto
326,8603,8601,1,17.48,2,1200,40,tertiary,5,"LINESTRING (80.2483759 13.0068855, 80.2484906 13.0067744)",86,,SBL,auto
327,9001,9000,1,24.0,1,1200,35,tertiary,5,"LINESTRING (80.2431865 12.9863009, 80.2434078 12.9863017)",90,,EBT,auto
328,9001,9003,1,7.25,1,1200,35,tertiary,5,"LINESTRING (80.2431865 12.9863009, 80.2432500 12.9862805)",90,,EBR,auto
329,9002,9000,1,6.83,2,1200,40,tertiary,5,"LINESTRING (80.2433466 12.9862868, 80.2434078 12.9863017)",90,,NBR,auto
330,9100,9101,1,24.0,1,1200,35,tertiary,5,"LINESTRING (80.2497793 12.9862872, 80.2500006 12.9862862)",91,,EBT,auto
331,9100,9102,1,6.96,1,1200,35,tertiary,5,"LINESTRING (80.2497793 12.9862872, 80.2498410 12.9862699)",91,,EBR,auto
332,9103,9101,1,7.12,2,1200,40,tertiary,5,"LINESTRING (80.2499378 12.9862673, 80.2500006 12.9862862)",91,,NBR,auto
333,9801,9803,1,20.08,2,1200,40,tertiary,5,"LINESTRING (80.2411357 12.9860993, 80.2412207 12.9862606)",98,,NBR,auto
334,9802,9800,1,21.72,1,1200,35,tertiary,5,"LINESTRING (80.2412272 12.9862197, 80.2410438 12.9861405)",98,,WBL,auto
335,9802,9803,1,4.58,1,1200,35,tertiary,5,"LINESTRING (80.2412272 12.9862197, 80.2412207 12.9862606)",98,,WBR,auto
336,9900,9902,1,24.0,2,1200,40,tertiary,5,"LINESTRING (80.2406699 12.9855183, 80.2405219 12.9853570)",99,,SBT,auto
337,9903,9901,1,24.0,2,1200,40,tertiary,5,"LINESTRING (80.2405938 12.9852935, 80.2407419 12.9854548)",99,,NBT,auto
338,10001,10003,1,13.14,2,1200,40,tertiary,5,"LINESTRING (80.2397042 12.9822252, 80.2396572 12.9823348)",100,,NBT,auto
339,10002,10000,1,25.58,2,1200,40,tertiary,5,"LINESTRING (80.2395631 12.9823572, 80.2396543 12.9821439)",100,,SBT,auto
340,10100,10102,1,14.18,1,1200,40,tertiary,5,"LINESTRING (80.2396136 12.9814526, 80.2396062 12.9813246)",101,,SBT,auto
341,10100,10105,1,20.43,1,1200,40,tertiary,5,"LINESTRING (80.2396136 12.9814526, 80.2397655 12.9813434)",101,,SBL,auto
342,10103,10101,1,13.81,1,1200,40,tertiary,5,"LINESTRING (80.2397030 12.9813230, 80.2397104 12.9814477)",101,,NBT,auto
343,10103,10105,1,7.15,1,1200,40,tertiary,5,"LINESTRING (80.2397030 12.9813230, 80.2397655 12.9813434)",101,,NBR,auto
344,10104,10101,1,21.68,1,1800,50,primary,3,"LINESTRING (80.2395443 12.9813386, 80.2397104 12.9814477)",101,,EBL,auto
345,10104,10102,1,6.89,1,1800,50,primary,3,"LINESTRING (80.2395443 12.9813386, 80.2396062 12.9813246)",101,,EBR,auto
346,10104,10105,1,24.0,1,1800,50,primary,3,"LINESTRING (80.2395443 12.9813386, 80.2397655 12.9813434)",101,,EBT,auto
347,10200,10203,1,7.16,2,1200,40,tertiary,5,"LINESTRING (80.2396054 12.9812818, 80.2395429 12.9812611)",102,,SBR,auto
348,10202,10201,1,6.95,1,1800,50,primary,3,"LINESTRING (80.2397641 12.9812640, 80.2397022 12.9812802)",102,,WBR,auto
349,10202,10203,1,24.0,1,1800,50,primary,3,"LINESTRING (80.2397641 12.9812640, 80.2395429 12.9812611)",102,,WBT,auto
350,10701,10700,1,14.0,2,1800,80,primary,3,"LINESTRING (80.2195047 12.9917150, 80.2195793 12.9916118)",107,,SBT,auto
351,10900,10901,1,20.1,1,1800,10,primary,3,"LINESTRING (80.2196140 12.9915682, 80.2197270 12.9914241)",109,,SBT,auto
352,10900,10902,1,8.26,1,1800,10,primary,3,"LINESTRING (80.2196140 12.9915682, 80.2196467 12.9915008)",109,,SBR,auto
353,11000,11001,1,13.99,2,1600,60,secondary,4,"LINESTRING (80.2197135 12.9913156, 80.2196349 12.9914160)",110,,NBT,auto
354,11100,11101,1,3.99,1,1600,60,secondary,4,"LINESTRING (80.2195447 12.9915238, 80.2195232 12.9915531)",111,,NBT,auto
355,11100,11103,1,2.83,1,1600,60,secondary,4,"LINESTRING (80.2195447 12.9915238, 80.2195472 12.9915493)",111,,NBR,auto
356,11102,11101,1,13.31,1,1800,50,primary,3,"LINESTRING (80.2194944 12.9914361, 80.2195232 12.9915531)",111,,NBL,auto
357,11102,11103,1,13.77,1,1800,50,primary,3,"LINESTRING (80.2194944 12.9914361, 80.2195472 12.9915493)",111,,NBT,auto
358,11400,11401,1,10.0,2,1800,10,primary,3,"LINESTRING (80.2194988 12.9915914, 80.2194477 12.9916666)",114,,NBT,auto
359,11600,11601,1,23.96,1,1800,80,primary,3,"LINESTRING (80.2184962 13.0014851, 80.2186285 13.0016587)",116,,NBT,auto
360,11600,11602,1,5.26,1,1800,80,primary,3,"LINESTRING (80.2184962 13.0014851, 80.2185352 13.0015134)",116,,NBR,auto
361,11603,11601,1,5.05,2,1800,80,primary,3,"LINESTRING (80.2186096 13.0016169, 80.2186285 13.0016587)",116,,WBR,auto
362,11700,11701,1,24.0,1,1800,80,primary,3,"LINESTRING (80.2219019 13.0090089, 80.2220018 13.0092026)",117,,NBT,auto
363,11700,11702,1,11.62,1,1800,80,primary,3,"LINESTRING (80.2219019 13.0090089, 80.2220077 13.0089923)",117,,NBR,auto
364,11703,11701,1,13.97,2,1800,80,primary,3,"LINESTRING (80.2220764 13.0090996, 80.2220018 13.0092026)",117,,WBR,auto
365,11900,11902,1,19.86,1,1200,40,tertiary,5,"LINESTRING (80.2247029 12.9865653, 80.2245222 12.9865948)",119,,WBT,auto
366,11903,11901,1,20.27,1,1200,40,tertiary,5,"LINESTRING (80.2245043 12.9865340, 80.2246806 12.9864729)",119,,EBT,auto
367,12202,12200,1,4.45,1,1600,60,secondary,4,"LINESTRING (80.2402486 13.0068017, 80.2402095 13.0068140)",122,,SBR,auto
368,12202,12201,1,18.6,1,1600,60,secondary,4,"LINESTRING (80.2402486 13.0068017, 80.2400809 13.0067668)",122,,SBR,auto
369,12203,12200,1,17.24,1,1800,50,primary,3,"LINESTRING (80.2403341 13.0067172, 80.2402095 13.0068140)",122,,WBR,auto
370,12203,12201,1,28.0,2,1800,50,primary,3,"LINESTRING (80.2403341 13.0067172, 80.2400809 13.0067668)",122,,WBT,auto
371,12800,12801,1,23.96,1,1800,50,primary,3,"LINESTRING (80.2340981 12.9813248, 80.2343100 12.9812632)",128,,EBT,auto
372,12800,12803,1,10.38,1,1800,50,primary,3,"LINESTRING (80.2340981 12.9813248, 80.2341726 12.9812659)",128,,EBR,auto
373,12802,12801,1,8.05,1,1800,50,primary,3,"LINESTRING (80.2342366 12.9812740, 80.2343100 12.9812632)",128,,NBR,auto
374,13101,13103,1,24.77,2,1200,40,tertiary,5,"LINESTRING (80.2219490 12.9842373, 80.2217283 12.9842947)",131,,WBT,auto
375,13102,13100,1,23.08,2,1200,40,tertiary,5,"LINESTRING (80.2217110 12.9842012, 80.2219167 12.9841477)",131,,EBT,auto
376,13201,13203,1,23.6,2,1200,40,tertiary,5,"LINESTRING (80.2213451 12.9843119, 80.2211294 12.9843403)",132,,WBT,auto
377,13202,13200,1,24.37,2,1200,40,tertiary,5,"LINESTRING (80.2211131 12.9842467, 80.2213358 12.9842174)",132,,EBT,auto
378,13400,13401,1,23.98,1,1800,50,primary,3,"LINESTRING (80.2308018 12.9817231, 80.2306094 12.9816162)",134,,WBT,auto
379,13400,13403,1,5.62,1,1800,50,primary,3,"LINESTRING (80.2308018 12.9817231, 80.2307500 12.9817203)",134,,WBR,auto
380,13402,13401,1,7.56,2,1800,80,primary,3,"LINESTRING (80.2306224 12.9816834, 80.2306094 12.9816162)",134,,SBR,auto
381,13601,13600,1,23.96,1,1800,50,primary,3,"LINESTRING (80.2321020 12.9820428, 80.2323214 12.9820165)",136,,EBT,auto
382,13601,13602,1,16.07,1,1800,50,primary,3,"LINESTRING (80.2321020 12.9820428, 80.2321985 12.9821531)",136,,EBL,auto
383,13603,13600,1,24.45,2,1200,40,tertiary,5,"LINESTRING (80.2321149 12.9821052, 80.2323214 12.9820165)",136,,SBT,auto
384,14001,14003,1,18.02,1,1200,40,tertiary,5,"LINESTRING (80.2180548 12.9842856, 80.2179836 12.9841384)",140,,WBL,auto
385,14002,14000,1,16.93,1,1800,50,primary,3,"LINESTRING (80.2179836 12.9843554, 80.2180612 12.9842227)",140,,SBL,auto
386,14002,14003,1,24.0,1,1800,50,primary,3,"LINESTRING (80.2179836 12.9843554, 80.2179836 12.9841384)",140,,SBT,auto
387,14300,14301,1,23.94,1,1800,80,primary,3,"LINESTRING (80.2186960 13.0016117, 80.2185616 13.0014399)",143,,SBT,auto
388,14300,14303,1,5.94,1,1800,80,primary,3,"LINESTRING (80.2186960 13.0016117, 80.2186449 13.0015925)",143,,SBR,auto
389,14302,14301,1,5.52,2,1800,80,primary,3,"LINESTRING (80.2185705 13.0014890, 80.2185616 13.0014399)",143,,EBR,auto
390,15104,15103,1,28.0,1,1800,80,primary,3,"LINESTRING (80.2517697 12.9865764, 80.2518297 12.9863302)",151,,SBT,auto
391,15104,15100,1,38.28,1,1800,80,primary,3,"LINESTRING (80.2517697 12.9865764, 80.2516460 12.9862522)",151,,SBR,auto
392,15104,15105,1,13.68,1,1800,80,primary,3,"LINESTRING (80.2517697 12.9865764, 80.2516860 12.9864839)",151,,SBR,auto
393,15101,15103,1,19.01,1,1800,80,primary,3,"LINESTRING (80.2517808 12.9861651, 80.2518297 12.9863302)",151,,NBR,auto
394,15101,15100,1,17.51,1,1800,80,primary,3,"LINESTRING (80.2517808 12.9861651, 80.2516460 12.9862522)",151,,NBL,auto
395,15101,15105,1,36.73,1,1800,80,primary,3,"LINESTRING (80.2517808 12.9861651, 80.2516860 12.9864839)",151,,NBT,auto
396,15102,15103,1,23.49,1,1200,35,tertiary,5,"LINESTRING (80.2516131 12.9863321, 80.2518297 12.9863302)",151,,EBR,auto
397,15102,15100,1,9.53,1,1200,35,tertiary,5,"LINESTRING (80.2516131 12.9863321, 80.2516460 12.9862522)",151,,EBR,auto
398,15102,15105,1,18.55,1,1200,35,tertiary,5,"LINESTRING (80.2516131 12.9863321, 80.2516860 12.9864839)",151,,EBL,auto
399,15204,15205,1,23.99,1,1800,80,primary,3,"LINESTRING (80.2515262 13.0068177, 80.2517424 13.0067716)",152,,EBT,auto
400,15204,15200,1,31.93,1,1800,80,primary,3,"LINESTRING (80.2515262 13.0068177, 80.2516397 13.0065513)",152,,EBR,auto
401,15204,15203,1,15.17,1,1800,80,primary,3,"LINESTRING (80.2515262 13.0068177, 80.2515634 13.0066855)",152,,EBR,auto
402,15201,15205,1,24.52,1,1200,40,tertiary,5,"LINESTRING (80.2517365 13.0065499, 80.2517424 13.0067716)",152,,NBR,auto
403,15201,15203,1,24.02,1,1200,40,tertiary,5,"LINESTRING (80.2517365 13.0065499, 80.2515634 13.0066855)",152,,NBL,auto
404,15202,15205,1,18.06,1,1800,80,primary,3,"LINESTRING (80.2518138 13.0066240, 80.2517424 13.0067716)",152,,WBR,auto
405,15202,15200,1,20.52,1,1800,80,primary,3,"LINESTRING (80.2518138 13.0066240, 80.2516397 13.0065513)",152,,WBL,auto
406,15202,15203,1,27.98,1,1800,80,primary,3,"LINESTRING (80.2518138 13.0066240, 80.2515634 13.0066855)",152,,WBT,auto
407,15300,15304,1,16.95,1,1600,60,secondary,4,"LINESTRING (80.2431658 12.9812049, 80.2430324 12.9812848)",153,,NBL,auto
408,15300,15305,1,22.27,1,1600,60,secondary,4,"LINESTRING (80.2431658 12.9812049, 80.2432837 12.9813698)",153,,NBR,auto
409,15300,15303,1,12.77,1,1600,60,secondary,4,"LINESTRING (80.2431658 12.9812049, 80.2432681 12.9812621)",153,,NBR,auto
410,15301,15304,1,9.56,1,1800,80,primary,3,"LINESTRING (80.2430247 12.9813709, 80.2430324 12.9812848)",153,,EBR,auto
411,15301,15305,1,28.09,1,1800,80,primary,3,"LINESTRING (80.2430247 12.9813709, 80.2432837 12.9813698)",153,,EBT,auto
412,15301,15303,1,29.0,1,1800,80,primary,3,"LINESTRING (80.2430247 12.9813709, 80.2432681 12.9812621)",153,,EBR,auto
413,15302,15304,1,27.48,1,1800,80,primary,3,"LINESTRING (80.2432858 12.9812801, 80.2430324 12.9812848)",153,,WBT,auto
414,15302,15305,1,9.92,1,1800,80,primary,3,"LINESTRING (80.2432858 12.9812801, 80.2432837 12.9813698)",153,,WBR,auto
415,15302,15303,1,2.76,1,1800,80,primary,3,"LINESTRING (80.2432858 12.9812801, 80.2432681 12.9812621)",153,,WBL,auto
416,15404,15403,1,27.98,1,1800,30,primary,3,"LINESTRING (80.2473353 13.0067723, 80.2475933 13.0067732)",154,,EBT,auto
417,15404,15400,1,30.57,1,1800,30,primary,3,"LINESTRING (80.2473353 13.0067723, 80.2474530 13.0065211)",154,,EBR,auto
418,15404,15402,1,14.62,1,1800,30,primary,3,"LINESTRING (80.2473353 13.0067723, 80.2473796 13.0066475)",154,,EBR,auto
419,15401,15403,1,13.11,1,1800,30,primary,3,"LINESTRING (80.2475823 13.0066551, 80.2475933 13.0067732)",154,,WBR,auto
420,15401,15400,1,20.4,1,1800,30,primary,3,"LINESTRING (80.2475823 13.0066551, 80.2474530 13.0065211)",154,,WBL,auto
421,15401,15402,1,21.99,1,1800,30,primary,3,"LINESTRING (80.2475823 13.0066551, 80.2473796 13.0066475)",154,,WBT,auto
422,15500,15504,1,20.61,1,1800,80,primary,3,"LINESTRING (80.2513878 12.9880418, 80.2515461 12.9879386)",155,,SBL,auto
423,15500,15502,1,13.3,1,1800,80,primary,3,"LINESTRING (80.2513878 12.9880418, 80.2512940 12.9879643)",155,,SBR,auto
424,15500,15503,1,38.05,1,1800,80,primary,3,"LINESTRING (80.2513878 12.9880418, 80.2514747 12.9877084)",155,,SBT,auto
425,15505,15504,1,31.87,1,1800,80,primary,3,"LINESTRING (80.2513563 12.9877186, 80.2515461 12.9879386)",155,,NBR,auto
426,15505,15502,1,28.0,1,1800,80,primary,3,"LINESTRING (80.2513563 12.9877186, 80.2512940 12.9879643)",155,,NBT,auto
427,15505,15503,1,12.89,1,1800,80,primary,3,"LINESTRING (80.2513563 12.9877186, 80.2514747 12.9877084)",155,,NBR,auto
428,15501,15504,1,11.75,1,1800,80,primary,3,"LINESTRING (80.2515673 12.9878344, 80.2515461 12.9879386)",155,,WBR,auto
429,15501,15502,1,32.93,1,1800,80,primary,3,"LINESTRING (80.2515673 12.9878344, 80.2512940 12.9879643)",155,,WBR,auto
430,15501,15503,1,17.18,1,1800,80,primary,3,"LINESTRING (80.2515673 12.9878344, 80.2514747 12.9877084)",155,,WBL,auto
