Step 1: read network node.csv, link.csv, zone.csv 
,# of nodes = ,16015
,# of links =,21442
,# of zones =,49
,summary by multi-modal and demand types,demand_period,agent_type,# of links,avg_free_speed,total_length_in_km,total_capacity,avg_lane_capacity,avg_length_in_meter,
,,AM,auto,20708,36.2551,147.087,2.28275e+07,1102.35,7.10292,
,,AM,walk,20708,36.2551,147.087,2.28275e+07,1102.35,7.10292,
,,AM,bike,20708,36.2551,147.087,2.28275e+07,1102.35,7.10292,
,,AM,bus,20708,36.2551,147.087,2.28275e+07,1102.35,7.10292,
,,AM,truck,20708,36.2551,147.087,2.28275e+07,1102.35,7.10292,
,,AM,cav,20708,36.2551,147.087,2.28275e+07,1102.35,7.10292,
,,AM,ev,20708,36.2551,147.087,2.28275e+07,1102.35,7.10292,
,summary by road link type,link_type,link_type_name,# of links,avg_free_speed,total_length,total_capacity,avg_lane_capacity,avg_length_in_meter,
,,-1,,0,0,0,0,0,0,
,,1,,0,0,0,0,0,0,
,,2,,2,5,0.00898,1600,800,4.49,
,,3,,1663,78.5183,12.0715,2.9692e+06,1785.45,7.25889,
,,4,,3447,60,25.2596,5.46245e+06,1584.7,7.32799,
,,5,,3651,40,26.6419,4.36179e+06,1194.68,7.29716,
,,6,,2391,30,17.1921,2.3901e+06,999.625,7.19033,
,,7,,5913,30,41.1673,4.72953e+06,799.852,6.96216,
,,8,cycleway,364,5,2.55233,291200,800,7.0119,
,,9,footway,3277,5,22.1935,2.6216e+06,800,6.7725,
Step 2: read demand, defined in [demand_file_list] in settings.csv.
,file_sequence_no=,1,file_name =, input_matrix.csv,demand_period =, AM,departure_time_profile_no=,1,cumulative demand =, 995.196
,file_sequence_no=,2,file_name =, input_matrix.csv,demand_period =, AM,departure_time_profile_no=,1,cumulative demand =, 1990.41
,file_sequence_no=,3,file_name =, input_matrix.csv,demand_period =, AM,departure_time_profile_no=,1,cumulative demand =, 2985.63
,file_sequence_no=,4,file_name =, input_matrix.csv,demand_period =, AM,departure_time_profile_no=,1,cumulative demand =, 3980.84
,file_sequence_no=,5,file_name =, input_matrix.csv,demand_period =, AM,departure_time_profile_no=,1,cumulative demand =, 4976.05
,file_sequence_no=,6,file_name =, input_matrix.csv,demand_period =, AM,departure_time_profile_no=,1,cumulative demand =, 5971.25
,file_sequence_no=,7,file_name =, input_matrix.csv,demand_period =, AM,departure_time_profile_no=,1,cumulative demand =, 6966.45
,total demand =, 6966.45
,top 10 OD,rank,o,d,agent_type,departure_time,volume
,,1,24,5,ev,AM,4.74281
,,2,24,5,cav,AM,4.74281
,,3,24,5,truck,AM,4.74281
,,4,24,5,bus,AM,4.74281
,,5,24,5,bike,AM,4.74281
,,6,24,5,walk,AM,4.74281
,,7,24,5,auto,AM,4.74281
,,8,5,24,bike,AM,4.64674
,,9,5,24,cav,AM,4.64674
,,10,5,24,ev,AM,4.64674
Step 3: check OD connectivity and accessibility in od_accessibility.csv
, # of connected OD pairs =, 2118
, # of OD/agent_type/demand_type columns without paths =, 1638
Step 4: Column Generation for Traffic Assignment
Step 4.2: column pool-based flow updating for traffic assignment 
,# of flow updating iterations=,0
Step 4.3: OD estimation 
,# of ODME_iterations=,0
Step 5: traffic simulataion. 
, # of simulated agents in agent.csv=,3381,
,simu time=,0 min, CA =,0,CD=,0, speed=,60, travel time =,0,CI=,0,CR=,0
,simu time=,10 min, CA =,588,CD=,164, speed=,12.551, travel time =,1.759,CI=,0,CR=,0
,simu time=,20 min, CA =,1792,CD=,717, speed=,5.0932, travel time =,4.2416,CI=,0,CR=,0
,simu time=,30 min, CA =,2858,CD=,1367, speed=,3.8144, travel time =,6.2876,CI=,0,CR=,0
,simu time=,40 min, CA =,3381,CD=,1901, speed=,3.2169, travel time =,7.8187,CI=,0,CR=,0
,simu time=,50 min, CA =,3381,CD=,2313, speed=,2.5801, travel time =,10.128,CI=,0,CR=,0
,simu time=,60 min, CA =,3381,CD=,2541, speed=,2.1876, travel time =,12.038,CI=,0,CR=,0
,simu time=,70 min, CA =,3381,CD=,2756, speed=,1.8753, travel time =,14.225,CI=,0,CR=,0
,simu time=,80 min, CA =,3381,CD=,2952, speed=,1.6229, travel time =,16.591,CI=,0,CR=,0
,simu time=,90 min, CA =,3381,CD=,3080, speed=,1.475, travel time =,18.436,CI=,0,CR=,0
,summary by multi-modal agents,agent_type,#_agents,avg_distance,avg_travel_time_in_min,avg_free_speed,
,,auto,483,0.46053,60.015,0.46041
,,walk,483,0.46053,77.779,0.35526
,,bike,483,0.46053,74.361,0.37159
,,bus,483,0.46053,64.173,0.43058
,,truck,483,0.46053,62.47,0.44231
,,cav,483,0.46053,60.972,0.45318
,,ev,483,0.46053,56.64,0.48785
, # of simulated agents in trajectory.csv=,3382,avg # of nodes per agent=108.57
