Step 1: read network node.csv, link.csv, zone.csv 
,# of nodes = ,3528
,# of links =,5661
,# of zones =,49
,summary by multi-modal and demand types,demand_period,agent_type,# of links,avg_free_speed,total_length_in_km,total_capacity,avg_lane_capacity,avg_length_in_meter,
,,AM,auto,4983,29.3016,120.31,5.462e+06,979.41,24.1442,
,,AM,walk,4983,29.3016,120.31,5.462e+06,979.41,24.1442,
,,AM,bike,4983,29.3016,120.31,5.462e+06,979.41,24.1442,
,,AM,bus,4983,29.3016,120.31,5.462e+06,979.41,24.1442,
,,AM,truck,4983,29.3016,120.31,5.462e+06,979.41,24.1442,
,,AM,cav,4983,29.3016,120.31,5.462e+06,979.41,24.1442,
,,AM,ev,4983,29.3016,120.31,5.462e+06,979.41,24.1442,
,,AM,traveler,4983,29.3016,120.31,5.462e+06,979.41,24.1442,
,summary by road link type,link_type,link_type_name,# of links,avg_free_speed,total_length,total_capacity,avg_lane_capacity,avg_length_in_meter,
,,-1,,0,0,0,0,0,0,
,,1,,0,0,0,0,0,0,
,,2,,2,5,0.02412,1600,800,12.06,
,,3,,248,74.8387,7.01575,594000,1800,28.2893,
,,4,,436,60,14.5919,960000,1600,33.4677,
,,5,,427,40,15.1973,684000,1200,35.591,
,,6,,632,30,17.2432,632000,1000,27.2836,
,,7,,1962,30,41.3348,1.5696e+06,800,21.0677,
,,8,cycleway,30,5,2.54393,24000,800,84.7977,
,,9,footway,1246,5,22.3594,996800,800,17.945,
Step 2: read demand, defined in [demand_file_list] in settings.csv.
,file_sequence_no=,1,file_name =, input_matrix.csv,demand_period =, AM,departure_time_profile_no=,1,cumulative demand =, 1000.01
,file_sequence_no=,2,file_name =, input_matrix.csv,demand_period =, AM,departure_time_profile_no=,1,cumulative demand =, 2000.01
,file_sequence_no=,3,file_name =, input_matrix.csv,demand_period =, AM,departure_time_profile_no=,1,cumulative demand =, 3000.03
,file_sequence_no=,4,file_name =, input_matrix.csv,demand_period =, AM,departure_time_profile_no=,1,cumulative demand =, 4000.04
,file_sequence_no=,5,file_name =, input_matrix.csv,demand_period =, AM,departure_time_profile_no=,1,cumulative demand =, 5000.09
,file_sequence_no=,6,file_name =, input_matrix.csv,demand_period =, AM,departure_time_profile_no=,1,cumulative demand =, 6000.14
,file_sequence_no=,7,file_name =, input_matrix.csv,demand_period =, AM,departure_time_profile_no=,1,cumulative demand =, 7000.19
,file_sequence_no=,8,file_name =, input_activity_plan.csv,demand_period =, AM,departure_time_profile_no=,1,cumulative demand =, 7020.19
,file_sequence_no=,9,file_name =, input_activity_plan.csv,demand_period =, AM,departure_time_profile_no=,1,cumulative demand =, 7040.19
,file_sequence_no=,10,file_name =, input_demand_column.csv,demand_period =, AM,departure_time_profile_no=,1,cumulative demand =, 7040.19
,file_sequence_no=,11,file_name =, input_demand_path.csv,demand_period =, AM,departure_time_profile_no=,1,cumulative demand =, 7040.19
,total demand =, 7040.19
,top 10 OD,rank,o,d,agent_type,departure_time,volume
,,1,2,3,ev,AM,20.1409
,,2,2,3,traveler,AM,20
,,3,24,15,walk,AM,5.04609
,,4,24,15,ev,AM,5.04609
,,5,24,15,bike,AM,5.04609
,,6,24,15,auto,AM,5.04609
,,7,24,15,bus,AM,5.04609
,,8,24,15,truck,AM,5.04609
,,9,24,15,cav,AM,5.04609
,,10,15,24,ev,AM,4.90417
Step 3: check OD connectivity and accessibility in od_accessibility.csv
, # of connected OD pairs =, 2073
, # of OD/agent_type/demand_type columns without paths =, 1953
Step 4: Column Generation for Traffic Assignment
Step 4.2: column pool-based flow updating for traffic assignment 
,# of flow updating iterations=,0
Step 4.3: OD estimation 
,# of ODME_iterations=,0
Step 5: traffic simulataion. 
, # of simulated agents in agent.csv=,4702,
,simu time=,0 min, CA =,0,CD=,0, speed=,60, travel time =,0,CI=,0,CR=,0
,simu time=,10 min, CA =,832,CD=,133, speed=,13.003, travel time =,1.8849,CI=,0,CR=,0
,simu time=,20 min, CA =,2467,CD=,708, speed=,4.7698, travel time =,5.3042,CI=,0,CR=,0
,simu time=,30 min, CA =,3969,CD=,1278, speed=,3.7227, travel time =,7.8112,CI=,0,CR=,0
,simu time=,40 min, CA =,4702,CD=,1758, speed=,3.008, travel time =,10.058,CI=,0,CR=,0
,simu time=,50 min, CA =,4702,CD=,1968, speed=,2.7601, travel time =,11.488,CI=,0,CR=,0
,simu time=,60 min, CA =,4702,CD=,2077, speed=,2.5507, travel time =,12.699,CI=,0,CR=,0
,simu time=,70 min, CA =,4702,CD=,2213, speed=,2.3251, travel time =,14.265,CI=,0,CR=,0
,simu time=,80 min, CA =,4702,CD=,2271, speed=,2.2365, travel time =,15.024,CI=,0,CR=,0
,simu time=,90 min, CA =,4702,CD=,2276, speed=,2.2295, travel time =,15.102,CI=,0,CR=,0
,summary by multi-modal agents,agent_type,#_agents,avg_distance,avg_travel_time_in_min,avg_free_speed,
,,auto,666,0.60369,285.41,0.12691
,,walk,666,0.60369,288.82,0.12541
,,bike,666,0.60369,297.19,0.12188
,,bus,666,0.60369,289.85,0.12497
,,truck,666,0.60369,286.85,0.12627
,,cav,666,0.60369,287.31,0.12607
,,ev,686,0.65243,286.04,0.13685
,,traveler,20,2.2754,415.01,0.32897
, # of simulated agents in trajectory.csv=,4703,avg # of nodes per agent=51.599
