name,node_id,osm_node_id,osm_highway,zone_id,ctrl_type,node_type,activity_type,is_boundary,x_coord,y_coord,main_node_id,poi_id,notes
,0,26472322,traffic_signals,,signal,,,,-87.6842496,42.05211,,,
,1,249656668,traffic_signals,,signal,,,,-87.6835226,42.0641573,,,
,2,249749843,,,,,,,-87.6776073,42.0653752,,,
,3,249749844,traffic_signals,,signal,,,,-87.6770669,42.0640442,,,
,4,249749850,traffic_signals,,signal,,,,-87.6772906,42.0511062,,,
,5,249749852,,,,,,,-87.6756262,42.0505862,,,
,6,249749860,,,,,,,-87.6838497,42.0633546,,,
,7,251846294,,,,,,,-87.6832804,42.065282,,,
,8,251846295,,,,,,,-87.6794787,42.0652586,,,
,9,251846297,turning_circle,,,,,,-87.683807,42.0628924,,,
,10,251846299,,,,,,,-87.6770546,42.0628133,,,
,11,251846300,turning_circle,,,,,,-87.6750596,42.0627836,,,
,12,251846303,traffic_signals,,signal,,,,-87.677075,42.0616298,,,
,13,251846304,,,,,,,-87.6816048,42.0616931,,,
,14,251846306,traffic_signals,,signal,,,,-87.6844562,42.0618552,,,
,15,252162786,,,,,,,-87.6795237,42.064079,,,
,16,252162787,,,,,,,-87.679562,42.0628436,,,
,17,252162789,,,,,,,-87.6796363,42.058405,,,
,18,252162791,,,,,,,-87.6797212,42.053872,,,
,19,252162793,traffic_signals,,signal,,,,-87.6817545,42.0520815,,,
,20,252162794,,,,,,,-87.677251,42.0520661,,,
,21,252162795,,,,,,,-87.6815873,42.0641083,,,
,22,252162796,,,,,,,-87.6815907,42.0628643,,,
,23,252162797,traffic_signals,,signal,,,,-87.6816507,42.0584244,,,
,24,252162801,,,,,,,-87.6849505,42.0606421,,,
,25,252162803,,,,,,,-87.6828723,42.0605676,,,
,26,252162804,,,,,,,-87.6816211,42.0605445,,,
,27,252162806,,,,,,,-87.6770944,42.0605033,,,
,28,252162816,,,,,,,-87.6828891,42.0584462,,,
,29,252162817,traffic_signals,,signal,,,,-87.6771311,42.058374,,,
,30,252162818,,,,,,,-87.6771139,42.059371,,,
,31,252162846,,,,,,,-87.6828917,42.0600456,,,
,32,252162848,,,,,,,-87.684703,42.0539314,,,
,33,252162849,traffic_signals,,signal,,,,-87.6817095,42.0538895,,,
,34,252162850,traffic_signals,,signal,,,,-87.6772092,42.0538412,,,
,35,252162852,,,,,,,-87.6816842,42.0557695,,,
,36,252162853,,,,,,,-87.6846015,42.0584598,,,
,37,252162854,,,,,,,-87.6846632,42.0558041,,,
,38,252162855,traffic_signals,,signal,,,,-87.6847432,42.0521161,,,
,40,252162865,traffic_signals,,signal,,,,-87.678119,42.0494511,,,
,41,252162868,,,,,,,-87.6847538,42.0513151,,,
,42,252162871,,,,,,,-87.681692,42.0512707,,,
,43,252162872,,,,,,,-87.6799516,42.0512538,,,
,44,252163053,,,,,,,-87.6832833,42.052099,,,
,46,261115605,turning_circle,,,,,,-87.6756592,42.0633047,,,
,47,261134731,,,,,,,-87.677189,42.055012,,,
,48,261152953,,,,,,,-87.6816961,42.0550749,,,
,49,261152955,,,,,,,-87.6816861,42.0556172,,,
,50,261152965,,,,,,,-87.6815851,42.0636821,,,
,51,261180844,,,,,,,-87.6796113,42.0594041,,,
,52,261192703,,,,,,,-87.6846865,42.0551079,,,
,53,261231951,,,,,,,-87.6847184,42.0531113,,,
,54,261235286,,,,,,,-87.6797062,42.0555993,,,
,55,261258484,,,,,,,-87.6797122,42.0550549,,,
,56,261258485,,,,,,,-87.6796892,42.0562219,,,
,57,261258509,,,,,,,-87.6798864,42.0498875,,,
,58,261277504,,,,,,,-87.682869,42.0594462,,,
,59,287018302,,,,,,,-87.6833062,42.0512962,,,
,60,287018303,,,,,,,-87.6833455,42.0499852,,,
,61,287472219,,,,,,,-87.6771681,42.0562249,,,
,62,375477598,,,,,,,-87.6731438,42.0537591,,,
,63,375477605,,,,,,,-87.6739359,42.0548802,,,
,64,375477617,,,,,,,-87.6723805,42.0566657,,,
,65,375479411,,,,,,,-87.6730115,42.059018,,,
,66,375479811,,,,,,,-87.6701511,42.0589457,,,
,67,375479821,,,,,,,-87.6703743,42.0568803,,,
,68,375479822,,,,,,,-87.6704324,42.0566826,,,
,69,375479877,,,,,,,-87.6706747,42.0567672,,,
,70,375479878,,,,,,,-87.6709855,42.0567701,,,
,71,375479916,,,,,,,-87.6704985,42.0562488,,,
,72,375481147,,,,,,,-87.6705103,42.0560532,,,
,73,375481352,,,,,,,-87.670295,42.0525405,,,
,74,375481353,,,,,,,-87.6698795,42.0526873,,,
,75,388499457,,,,,,,-87.6758767,42.0541575,,,
,76,388499502,,,,,,,-87.6727073,42.056671,,,
,77,497375715,,,,,,,-87.6741645,42.0615512,,,
,78,497375717,,,,,,,-87.6771497,42.0572952,,,
,79,497375718,,,,,,,-87.679664,42.0573126,,,
,80,498649474,,,,,,,-87.6743843,42.0501114,,,
,81,567067278,traffic_signals,,signal,,,,-87.6847834,42.049986,,,
,82,607759434,,,,,,,-87.6846413,42.056955,,,
,83,607759435,,,,,,,-87.6770397,42.0637168,,,
,84,607759436,,,,,,,-87.6816726,42.0569419,,,
,85,607759437,,,,,,,-87.6837043,42.063705,,,
,86,672865174,,,,,,,-87.6739273,42.0504587,,,
,87,672865175,,,,,,,-87.673612,42.0509263,,,
,88,672865176,,,,,,,-87.6735523,42.0511917,,,
,89,672865177,,,,,,,-87.6735663,42.0522938,,,
,90,672865183,,,,,,,-87.6747189,42.0585459,,,
,91,672865187,,,,,,,-87.674794,42.057108,,,
,92,672865189,,,,,,,-87.6771532,42.0570912,,,
,93,672865192,,,,,,,-87.6741563,42.0588026,,,
,94,672865194,,,,,,,-87.6702286,42.0590477,,,
,95,672865198,,,,,,,-87.6719613,42.0591293,,,
,96,672865233,,,,,,,-87.6734569,42.0538182,,,
,97,672865236,,,,,,,-87.6740809,42.0541956,,,
,98,672865237,,,,,,,-87.6741888,42.055546,,,
,99,734769640,,,,,,,-87.6800722,42.0496984,,,
,100,734769642,crossing,,,,,,-87.6800879,42.0498162,,,
,101,734769819,crossing,,,,,,-87.6799342,42.0498638,,,
,102,1258392376,,,,,,,-87.677128,42.0585541,,,
,103,1258472312,turning_circle,,,,,,-87.6783906,42.0511952,,,
,104,1262422651,stop,,,,,,-87.6797761,42.0498999,,,
,107,1262422660,,,,,,,-87.6828298,42.0512776,,,
,109,1262464967,,,,,,,-87.6818451,42.0512714,,,
,110,1262464969,traffic_signals,,signal,,,,-87.6818138,42.0499784,,,
,112,1641389842,,,,,,,-87.6734015,42.0533001,,,
,113,1641389853,turning_circle,,,,,,-87.6734068,42.0524891,,,
,114,1641389858,,,,,,,-87.6731007,42.0532983,,,
,115,1641389909,,,,,,,-87.6735744,42.0517312,,,
,116,1641389952,,,,,,,-87.6735798,42.0516436,,,
,117,1665651938,,,,,,,-87.6847607,42.0510591,,,
,118,1703679322,traffic_signals,,signal,,,,-87.6771783,42.0556326,,,
,119,1743575355,,,,,,,-87.684265,42.0588438,,,
,120,1743575431,,,,,,,-87.6842638,42.0586665,,,
,121,1743575433,,,,,,,-87.6842645,42.0584575,,,
,122,1765697222,,,,,,,-87.6731362,42.0532987,,,
,123,1765697226,,,,,,,-87.6724582,42.0530152,,,
,124,1765697239,,,,,,,-87.6741443,42.0554781,,,
,125,1765697265,,,,,,,-87.6728941,42.0572695,,,
,126,1765697284,,,,,,,-87.6717292,42.0529514,,,
,127,1765697320,,,,,,,-87.6728608,42.0590777,,,
,128,1765697325,,,,,,,-87.6715825,42.0526237,,,
,129,1765697327,,,,,,,-87.6743894,42.0517768,,,
,130,1765697340,,,,,,,-87.6725381,42.0524532,,,
,131,1765697390,,,,,,,-87.6722492,42.0524506,,,
,132,1765697456,,,,,,,-87.6730534,42.0570853,,,
,133,1765697482,,,,,,,-87.6737877,42.0516762,,,
,134,1765697490,,,,,,,-87.6724244,42.053252,,,
,135,1765697504,,,,,,,-87.6740494,42.0527016,,,
,136,1765697515,,,,,,,-87.6737573,42.0512337,,,
,137,1765697518,,,,,,,-87.6724464,42.0566113,,,
,138,1765697524,,,,,,,-87.6718176,42.05291,,,
,139,1765697528,,,,,,,-87.673419,42.052767,,,
,140,1765697530,,,,,,,-87.6736071,42.0526983,,,
,141,1765697537,,,,,,,-87.6724066,42.0530851,,,
,142,1765697553,,,,,,,-87.6732956,42.0537725,,,
,143,1765697557,,,,,,,-87.6732488,42.0536979,,,
,144,1765697568,,,,,,,-87.6730068,42.0527539,,,
,145,1765697602,,,,,,,-87.6717172,42.0525269,,,
,146,1765697609,,,,,,,-87.6721912,42.0530221,,,
,147,1765697641,,,,,,,-87.673228,42.0536548,,,
,148,1765698673,crossing,,,,,,-87.677145,42.051037,,,
,149,1765700083,,,,,,,-87.6816731,42.0566102,,,
,150,1765700084,,,,,,,-87.6821753,42.0569441,,,
,151,1765700635,,,,,,,-87.6745865,42.0510891,,,
,152,1765982464,,,,,,,-87.6740442,42.0530321,,,
,153,1765982513,,,,,,,-87.674046,42.0529429,,,
,154,1765982814,,,,,,,-87.6741115,42.0537347,,,
,155,1766764330,,,,,,,-87.6756483,42.0526508,,,
,156,1766764357,,,,,,,-87.6758535,42.0556153,,,
,157,1766764383,,,,,,,-87.6768494,42.055795,,,
,158,1766764386,,,,,,,-87.6748259,42.0520123,,,
,159,1766764390,,,,,,,-87.6742981,42.0524699,,,
,160,1766764403,,,,,,,-87.6748369,42.0528542,,,
,161,1766764405,,,,,,,-87.6746843,42.0519852,,,
,162,1766764410,,,,,,,-87.6747989,42.0524502,,,
,163,1766764413,,,,,,,-87.673549,42.0520745,,,
,164,1766764415,,,,,,,-87.6758679,42.0522692,,,
,165,1766764417,,,,,,,-87.6746026,42.051966,,,
,166,1766764418,,,,,,,-87.6743368,42.0519271,,,
,167,1766764427,,,,,,,-87.6746493,42.0518752,,,
,168,1766764429,,,,,,,-87.675466,42.0543889,,,
,169,1766764460,,,,,,,-87.675689,42.0536673,,,
,170,1766764481,,,,,,,-87.6756946,42.0520108,,,
,171,1766764484,,,,,,,-87.6766196,42.0520054,,,
,172,1766764521,,,,,,,-87.6760803,42.051914,,,
,173,1766764536,,,,,,,-87.6740021,42.0525373,,,
,174,1766764543,,,,,,,-87.6755335,42.0546345,,,
,175,1766764556,,,,,,,-87.67572,42.0528386,,,
,176,1766764558,,,,,,,-87.6754226,42.051983,,,
,177,1766764561,,,,,,,-87.6748176,42.052994,,,
,178,1766764570,,,,,,,-87.676073,42.0521137,,,
,179,1766764574,,,,,,,-87.676857,42.0554664,,,
,180,1766764582,,,,,,,-87.6759745,42.0524541,,,
,181,1766764584,,,,,,,-87.6747803,42.0525615,,,
,182,1766764585,,,,,,,-87.6744751,42.0524619,,,
,183,1766764603,,,,,,,-87.674796,42.0555761,,,
,184,1766764608,,,,,,,-87.6754121,42.0540855,,,
,185,1766764624,,,,,,,-87.6738945,42.0523659,,,
,186,1766764651,,,,,,,-87.6755885,42.0519875,,,
,187,1766764657,,,,,,,-87.6770968,42.0521202,,,
,188,1766764660,,,,,,,-87.6748725,42.052262,,,
,189,1766764673,,,,,,,-87.6755783,42.0547522,,,
,190,1766764677,,,,,,,-87.6739222,42.0519434,,,
,191,1766764728,,,,,,,-87.675904,42.0525796,,,
,192,1766764735,,,,,,,-87.6761356,42.0519233,,,
,193,1766764769,,,,,,,-87.67555,42.0522247,,,
,194,1766764798,,,,,,,-87.6758988,42.0514307,,,
,195,1766823611,,,,,,,-87.6747528,42.0543774,,,
,196,1766823640,,,,,,,-87.6747402,42.0555748,,,
,197,1766823665,,,,,,,-87.6753521,42.0513034,,,
,198,1766823717,,,,,,,-87.6746755,42.0540402,,,
,199,1766823732,,,,,,,-87.6765263,42.0553323,,,
,200,1766823759,,,,,,,-87.674644,42.050725,,,
,201,1766823763,,,,,,,-87.6755086,42.0508222,,,
,202,1766823786,,,,,,,-87.6766899,42.0545978,,,
,203,1766823798,,,,,,,-87.6767484,42.0548265,,,
,204,1766823821,,,,,,,-87.6746065,42.050838,,,
,205,1766823846,,,,,,,-87.6752515,42.0555822,,,
,206,1766823870,,,,,,,-87.6746818,42.0503339,,,
,207,1766823888,,,,,,,-87.6752414,42.0550191,,,
,208,1766823935,,,,,,,-87.6767888,42.05498,,,
,209,1766823943,,,,,,,-87.6754646,42.0547769,,,
,210,1766823965,,,,,,,-87.6754023,42.051048,,,
,211,1766824023,crossing,,,,,,-87.6758529,42.0553566,,,
,212,1766824060,,,,,,,-87.6752322,42.0544663,,,
,213,1766824084,,,,,,,-87.6749039,42.0536138,,,
,214,1766824113,,,,,,,-87.6757944,42.0547621,,,
,215,1766824120,,,,,,,-87.6749459,42.0544649,,,
,216,1766961034,,,,,,,-87.6759909,42.0562185,,,
,217,1767033423,,,,,,,-87.6771247,42.0587451,,,
,218,1767033425,,,,,,,-87.6787216,42.0593924,,,
,219,1767033431,,,,,,,-87.6745172,42.0515055,,,
,220,1767033435,,,,,,,-87.6780368,42.0575265,,,
,221,1767033437,,,,,,,-87.674695,42.0515495,,,
,222,1767033444,,,,,,,-87.6780215,42.0580152,,,
,223,1767033447,,,,,,,-87.6780297,42.0576908,,,
,224,1767033452,,,,,,,-87.6767795,42.0587426,,,
,225,1767033456,,,,,,,-87.6780166,42.058378,,,
,226,1767033457,,,,,,,-87.6788112,42.0538602,,,
,227,1767033479,,,,,,,-87.6780187,42.0581792,,,
,228,1767033480,,,,,,,-87.678047,42.0538511,,,
,229,1767033481,,,,,,,-87.6766879,42.058712,,,
,230,1767033485,,,,,,,-87.6742505,42.0602978,,,
,231,1767033492,,,,,,,-87.6787308,42.06052,,,
,232,1767033508,,,,,,,-87.6780223,42.0578519,,,
,233,1790664785,,,,,,,-87.6820029,42.052344,,,
,234,1790664794,,,,,,,-87.6824845,42.0539001,,,
,235,1790664817,,,,,,,-87.682507,42.0523458,,,
,236,1790664820,,,,,,,-87.6825088,42.0520901,,,
,237,1790686396,,,,,,,-87.6802266,42.0494121,,,
,238,1790686397,,,,,,,-87.682573,42.0539011,,,
,239,1790686398,,,,,,,-87.682495,42.0531765,,,
,240,1790686402,,,,,,,-87.6825586,42.0550811,,,
,241,1790686414,,,,,,,-87.6818065,42.0494299,,,
,242,1790686431,,,,,,,-87.6846939,42.0545384,,,
,243,1790686434,,,,,,,-87.6825461,42.0557757,,,
,244,1790686436,,,,,,,-87.6847178,42.0531988,,,
,245,1790686439,,,,,,,-87.6825622,42.0544975,,,
,246,1790686441,,,,,,,-87.6810209,42.0494254,,,
,247,1842027877,turning_circle,,,,,,-87.6830511,42.065316,,,
,248,1842860611,,,,,,,-87.6772897,42.0492302,,,
,249,1842860648,,,,,,,-87.6765262,42.0508281,,,
,250,1842860658,,,,,,,-87.6817643,42.051676,,,
,251,1842860669,,,,,,,-87.6797536,42.0520824,,,
,252,1842860774,,,,,,,-87.6847121,42.053523,,,
,253,1842860785,,,,,,,-87.6807555,42.0538764,,,
,254,1842860795,,,,,,,-87.6807087,42.0544309,,,
,255,1842860798,,,,,,,-87.6787994,42.0550435,,,
,256,1842860799,,,,,,,-87.6806958,42.0556009,,,
,257,1842860803,,,,,,,-87.6787833,42.056223,,,
,258,1842860806,,,,,,,-87.6826174,42.0563495,,,
,259,1842860814,,,,,,,-87.6826086,42.056946,,,
,260,1842860839,,,,,,,-87.6787549,42.0573063,,,
,261,1842860866,,,,,,,-87.6806628,42.0578117,,,
,262,1842860879,,,,,,,-87.6787433,42.058393,,,
,263,1842860881,,,,,,,-87.6806395,42.0584155,,,
,264,1842860882,,,,,,,-87.6825866,42.0584409,,,
,265,1842860883,,,,,,,-87.6851599,42.0584708,,,
,266,1842860898,,,,,,,-87.6806071,42.0605386,,,
,267,1842860902,,,,,,,-87.6816133,42.0611481,,,
,268,1842860904,,,,,,,-87.6838004,42.0611683,,,
,269,1842860919,,,,,,,-87.6803632,42.0628561,,,
,270,1842860926,,,,,,,-87.6803494,42.0640907,,,
,271,1842860931,,,,,,,-87.678562,42.0652478,,,
,272,1842860932,,,,,,,-87.6803336,42.065279,,,
,273,1842860933,,,,,,,-87.6806762,42.0652834,,,
,274,1842860941,,,,,,,-87.6824679,42.0657552,,,
,275,1842860942,,,,,,,-87.6831814,42.0657593,,,
,276,1929398684,,,,,,,-87.6764349,42.0645016,,,
,277,1929398739,,,,,,,-87.6767833,42.0652584,,,
,278,1929398753,,,,,,,-87.6765174,42.0656699,,,
,279,1929398774,,,,,,,-87.676371,42.0645728,,,
,280,1929398789,,,,,,,-87.6760188,42.0654435,,,
,281,1929398823,,,,,,,-87.6758955,42.0651747,,,
,282,1929398845,,,,,,,-87.6762683,42.0641691,,,
,283,1929398932,,,,,,,-87.6765152,42.065638,,,
,284,1929398963,,,,,,,-87.6766547,42.0656499,,,
,285,1929398970,,,,,,,-87.6753466,42.0646083,,,
,286,1929403996,,,,,,,-87.6787467,42.062833,,,
,287,1929403997,,,,,,,-87.6778618,42.0640555,,,
,288,1929403998,,,,,,,-87.6778698,42.0634337,,,
,289,1929403999,,,,,,,-87.6787367,42.0640679,,,
,290,1929404001,,,,,,,-87.6778777,42.0628218,,,
,291,1929404002,,,,,,,-87.6787417,42.0634476,,,
,292,1929404003,,,,,,,-87.6804339,42.0628566,,,
,293,1930232516,,,,,,,-87.6819948,42.0622515,,,
,294,1930232524,,,,,,,-87.6834369,42.0628877,,,
,295,1930232545,,,,,,,-87.6815864,42.063491,,,
,296,1930232560,,,,,,,-87.6803563,42.0634791,,,
,297,1930232589,,,,,,,-87.6815876,42.0633237,,,
,298,1930260448,,,,,,,-87.6838688,42.0557912,,,
,299,1930260451,,,,,,,-87.6838281,42.0579908,,,
,300,1930260458,,,,,,,-87.684729,42.0526874,,,
,301,1930260468,,,,,,,-87.6846128,42.0580009,,,
,302,1930260471,,,,,,,-87.6838553,42.0569515,,,
,303,1930264981,,,,,,,-87.6780493,42.0567831,,,
,304,1930264982,,,,,,,-87.6787686,42.056786,,,
,305,1930264983,,,,,,,-87.6780564,42.0562239,,,
,306,1930264984,,,,,,,-87.6780699,42.055029,,,
,307,1930281153,,,,,,,-87.6779978,42.0605094,,,
,308,1930281155,,,,,,,-87.6795922,42.0616572,,,
,309,1930281157,,,,,,,-87.6787324,42.058895,,,
,310,1930281159,,,,,,,-87.6780013,42.0599492,,,
,311,1930281177,,,,,,,-87.6779719,42.0616367,,,
,312,1930281181,,,,,,,-87.6796189,42.0605319,,,
,313,1930281183,,,,,,,-87.678004,42.0593828,,,
,314,1930281187,,,,,,,-87.6780077,42.0588858,,,
,315,1930281189,,,,,,,-87.6780416,42.0573014,,,
,316,1930281193,,,,,,,-87.6787236,42.0599547,,,
,317,1930281199,,,,,,,-87.6786971,42.0616494,,,
,318,1934360057,,,,,,,-87.6790555,42.0496997,,,
,319,1935895426,,,,,,,-87.6735592,42.0510515,,,
,320,1936662518,,,,,,,-87.6788565,42.0500519,,,
,321,1936662522,,,,,,,-87.6784734,42.0499517,,,
,322,1936662524,,,,,,,-87.6790282,42.0496921,,,
,323,1936662526,,,,,,,-87.6785499,42.049792,,,
,324,1936662528,,,,,,,-87.6789319,42.0498939,,,
,325,1936662529,,,,,,,-87.6783985,42.0501078,,,
,326,2087672972,,,,,,,-87.6825969,42.0499738,,,
,327,2233363813,,,,,,,-87.6748507,42.0503793,,,
,328,2239483296,,,,,,,-87.6746246,42.0505058,,,
,329,2239483298,,,,,,,-87.6743644,42.0505709,,,
,330,2239483302,,,,,,,-87.6746318,42.0506358,,,
,331,2239483304,,,,,,,-87.6763317,42.0508989,,,
,332,2239483306,,,,,,,-87.6751361,42.0509159,,,
,333,2239483322,,,,,,,-87.6748364,42.051085,,,
,334,2239483324,,,,,,,-87.6751657,42.0510916,,,
,335,2239483328,,,,,,,-87.6752865,42.0511122,,,
,336,2239483333,,,,,,,-87.6754352,42.0511532,,,
,337,2239483343,,,,,,,-87.6763924,42.051359,,,
,338,2239483364,,,,,,,-87.6750885,42.0521233,,,
,339,2239483365,,,,,,,-87.6751644,42.0521375,,,
,340,2239483369,,,,,,,-87.676515,42.0523056,,,
,341,2239483370,,,,,,,-87.6747319,42.0523344,,,
,342,2239483375,,,,,,,-87.6761816,42.0524591,,,
,343,2239483378,,,,,,,-87.6770895,42.0524734,,,
,344,2239483382,,,,,,,-87.6760395,42.0525244,,,
,345,2239483386,,,,,,,-87.6756206,42.0525446,,,
,346,2239483388,,,,,,,-87.676161,42.0525627,,,
,347,2239483395,,,,,,,-87.6764733,42.0528256,,,
,348,2239483401,,,,,,,-87.6770549,42.0537771,,,
,349,2239483403,crossing,,,,,,-87.6772109,42.0537685,,,
,350,2239483407,,,,,,,-87.6741103,42.0539401,,,
,351,2239483413,,,,,,,-87.6770469,42.0543947,,,
,352,2239483414,,,,,,,-87.6764853,42.0547231,,,
,353,2239483422,,,,,,,-87.6761777,42.0549103,,,
,354,2239483425,,,,,,,-87.6760008,42.0550024,,,
,355,2239483426,,,,,,,-87.6758527,42.0550685,,,
,356,2239483433,,,,,,,-87.6752518,42.0553021,,,
,357,2239483434,,,,,,,-87.6769328,42.0553685,,,
,358,2239483438,,,,,,,-87.6770283,42.0553696,,,
,359,2239483442,,,,,,,-87.6758522,42.0554515,,,
,360,2239483445,crossing,,,,,,-87.6770242,42.0556305,,,
,361,2239483450,,,,,,,-87.6764866,42.0560174,,,
,362,2239483458,,,,,,,-87.6764865,42.056221,,,
,363,2239483459,,,,,,,-87.6770109,42.056224,,,
,364,2239483461,,,,,,,-87.6769941,42.0570933,,,
,365,2239483478,,,,,,,-87.6763424,42.0578259,,,
,366,2239483482,,,,,,,-87.6762437,42.0578247,,,
,367,2239483485,,,,,,,-87.6769541,42.0578365,,,
,368,2239483511,,,,,,,-87.6769771,42.0585576,,,
,369,2239483512,,,,,,,-87.676974,42.0587427,,,
,370,2239483513,crossing,,,,,,-87.6769386,42.061628,,,
,371,2240103428,,,,,,,-87.6742264,42.0502555,,,
,372,2240103476,,,,,,,-87.6746378,42.0504384,,,
,373,2240103551,,,,,,,-87.6754145,42.0506496,,,
,374,2240103573,,,,,,,-87.6757222,42.0507332,,,
,375,2240103914,,,,,,,-87.6748061,42.0535222,,,
,376,2240103932,,,,,,,-87.6750101,42.0538148,,,
,377,2240103945,,,,,,,-87.6758236,42.054157,,,
,378,2240103950,,,,,,,-87.6756974,42.0543691,,,
,379,2240103955,,,,,,,-87.675231,42.0545223,,,
,380,2240259675,,,,,,,-87.6757505,42.0538127,,,
,381,2240259760,,,,,,,-87.6749581,42.0545531,,,
,382,2240259816,,,,,,,-87.675681,42.0553127,,,
,383,2240259847,crossing,,,,,,-87.6755379,42.0556108,,,
,384,2240259860,,,,,,,-87.6753205,42.0557717,,,
,385,2240259870,,,,,,,-87.6754276,42.0558607,,,
,386,2240259871,,,,,,,-87.6760472,42.0558611,,,
,387,2240259878,,,,,,,-87.6747899,42.0559556,,,
,388,2240259880,,,,,,,-87.6754276,42.0559632,,,
,389,2240259884,,,,,,,-87.6760498,42.0560102,,,
,390,2240259885,,,,,,,-87.6761476,42.056015,,,
,391,2240259887,,,,,,,-87.675021,42.0561271,,,
,392,2240259888,,,,,,,-87.676052,42.0561352,,,
,393,2240259891,,,,,,,-87.6764865,42.0561413,,,
,394,2240259892,,,,,,,-87.6770156,42.0561452,,,
,395,2240259893,,,,,,,-87.6760342,42.056219,,,
,396,2240259896,,,,,,,-87.6747835,42.0562795,,,
,397,2240259897,,,,,,,-87.6750184,42.0562824,,,
,398,2240259898,,,,,,,-87.6754479,42.0562857,,,
,399,2240259901,,,,,,,-87.6760606,42.0562965,,,
,400,2240259902,,,,,,,-87.6761446,42.0562959,,,
,401,2240259905,,,,,,,-87.6770104,42.0563079,,,
,402,2240259909,,,,,,,-87.6750197,42.0563216,,,
,403,2240259911,,,,,,,-87.6759642,42.0563382,,,
,404,2240259916,,,,,,,-87.6757126,42.0564004,,,
,405,2240259917,,,,,,,-87.6756854,42.0564003,,,
,406,2240259919,,,,,,,-87.6754236,42.0565385,,,
,407,2240259927,,,,,,,-87.6761427,42.0564214,,,
,408,2240259928,,,,,,,-87.6747826,42.0564262,,,
,409,2240259949,,,,,,,-87.6754206,42.0566238,,,
,410,2240259958,,,,,,,-87.6752009,42.0566821,,,
,411,2240259959,,,,,,,-87.6754216,42.0566859,,,
,412,2240259976,,,,,,,-87.675607,42.0569993,,,
,413,2240260037,,,,,,,-87.6748467,42.0575513,,,
,414,2240260064,turning_circle,,,,,,-87.6738885,42.0581069,,,
,415,2240260083,,,,,,,-87.6742661,42.0583624,,,
,416,2240260093,,,,,,,-87.6744251,42.0584902,,,
,417,2240260107,,,,,,,-87.674538,42.0586222,,,
,418,2240260108,,,,,,,-87.6747695,42.0586188,,,
,419,2240260146,,,,,,,-87.6750684,42.059064,,,
,420,2240260147,,,,,,,-87.6755475,42.0590656,,,
,421,2240260148,,,,,,,-87.6754787,42.0590674,,,
,422,2240260150,,,,,,,-87.675985,42.0590679,,,
,423,2240260152,,,,,,,-87.6740435,42.0590941,,,
,424,2240260155,,,,,,,-87.6754766,42.0591109,,,
,425,2240260162,,,,,,,-87.6759773,42.0591906,,,
,426,2240260163,,,,,,,-87.6760884,42.0591906,,,
,427,2240260165,,,,,,,-87.6758212,42.0591897,,,
,428,2240260166,,,,,,,-87.6755485,42.0591906,,,
,429,2240260173,,,,,,,-87.6752893,42.0592437,,,
,430,2240260191,,,,,,,-87.6747988,42.0593857,,,
,431,2240260192,,,,,,,-87.6750431,42.0593859,,,
,432,2240260194,,,,,,,-87.6755612,42.0594136,,,
,433,2240260195,,,,,,,-87.6755166,42.0594125,,,
,434,2240260199,,,,,,,-87.6760895,42.0594533,,,
,435,2240260202,,,,,,,-87.674978,42.05949,,,
,436,2240260204,,,,,,,-87.6759725,42.0594537,,,
,437,2240260231,,,,,,,-87.6759763,42.059768,,,
,438,2240260232,,,,,,,-87.6765727,42.0597733,,,
,439,2240260233,,,,,,,-87.6771069,42.0597776,,,
,440,2240260238,,,,,,,-87.6749566,42.0599307,,,
,441,2240260239,,,,,,,-87.6750725,42.0599339,,,
,442,2240260242,,,,,,,-87.6747881,42.0601363,,,
,443,2240260243,,,,,,,-87.674925,42.0601365,,,
,444,2240260244,,,,,,,-87.6751627,42.0601444,,,
,445,2240260249,,,,,,,-87.6740309,42.0602389,,,
,446,2240260250,,,,,,,-87.6755205,42.0602631,,,
,447,2240260268,,,,,,,-87.67535,42.0606646,,,
,448,2240260269,,,,,,,-87.6749376,42.0606818,,,
,449,2240260270,,,,,,,-87.6742044,42.0606924,,,
,450,2240260271,,,,,,,-87.6740982,42.0606983,,,
,451,2240260272,,,,,,,-87.6750681,42.0607021,,,
,452,2240260277,,,,,,,-87.6752494,42.0607842,,,
,453,2240260279,,,,,,,-87.6759654,42.0607989,,,
,454,2240260281,,,,,,,-87.6754598,42.0608701,,,
,455,2240260286,,,,,,,-87.6751515,42.0608898,,,
,456,2240260296,,,,,,,-87.6761064,42.0610636,,,
,457,2240260298,,,,,,,-87.6759604,42.0610644,,,
,458,2240260300,,,,,,,-87.6755987,42.0610826,,,
,459,2240260308,,,,,,,-87.6747566,42.0611623,,,
,460,2241226538,,,,,,,-87.6771996,42.054398,,,
,461,2241226614,,,,,,,-87.6754993,42.0517781,,,
,462,2241226632,,,,,,,-87.675077,42.0548671,,,
,463,2241226650,,,,,,,-87.6766822,42.0543963,,,
,464,2241226669,,,,,,,-87.674143,42.0553908,,,
,465,2241226691,,,,,,,-87.6756218,42.051815,,,
,466,2241226731,,,,,,,-87.6765895,42.0509656,,,
,467,2241226812,,,,,,,-87.6764136,42.0545116,,,
,468,2241226841,,,,,,,-87.6756127,42.0518451,,,
,469,2241226864,,,,,,,-87.674048,42.0538816,,,
,470,2241226883,,,,,,,-87.676697,42.054397,,,
,471,2241226898,,,,,,,-87.6750899,42.0550221,,,
,472,2241226920,,,,,,,-87.6752372,42.054865,,,
,473,2241226944,,,,,,,-87.6754558,42.054121,,,
,474,2241226973,,,,,,,-87.6764814,42.0548086,,,
,475,2241227010,,,,,,,-87.6764948,42.0510809,,,
,476,2241227052,,,,,,,-87.6758402,42.0518871,,,
,477,2241227054,,,,,,,-87.6760041,42.0517525,,,
,478,2241227109,,,,,,,-87.6744386,42.0553908,,,
,479,2241289408,,,,,,,-87.6750385,42.0525039,,,
,480,2241289434,,,,,,,-87.6754149,42.0527021,,,
,481,2241289446,,,,,,,-87.6756014,42.0519134,,,
,482,2241386620,,,,,,,-87.6746626,42.0613073,,,
,483,2241386622,,,,,,,-87.6742991,42.061154,,,
,484,2241386628,,,,,,,-87.6746708,42.0610027,,,
,485,2241386630,,,,,,,-87.6746665,42.061162,,,
,486,2241386632,,,,,,,-87.6742965,42.0613013,,,
,487,2241386634,,,,,,,-87.6743019,42.0609967,,,
,488,2241386638,,,,,,,-87.6741724,42.0608493,,,
,489,2241386640,,,,,,,-87.6743045,42.0608514,,,
,490,2241471944,,,,,,,-87.6770913,42.060684,,,
,491,2241471951,,,,,,,-87.6762757,42.060678,,,
,492,2241503341,,,,,,,-87.6778876,42.0550255,,,
,493,2241503369,,,,,,,-87.6785022,42.0538564,,,
,494,2241503404,,,,,,,-87.6772283,42.0530287,,,
,495,2241503416,,,,,,,-87.6778381,42.053129,,,
,496,2241503426,,,,,,,-87.6788051,42.0544767,,,
,497,2241503449,,,,,,,-87.6779442,42.0538499,,,
,498,2241512490,,,,,,,-87.6785037,42.0523915,,,
,499,2241512497,,,,,,,-87.6785051,42.052087,,,
,500,2348718845,,,,,,,-87.674002,42.0498765,,,
,501,2466948921,,,,,,,-87.6839922,42.0538029,,,
,502,2466948922,,,,,,,-87.6844133,42.0538053,,,
,503,2466948927,,,,,,,-87.6842045,42.0528002,,,
,504,2466948928,,,,,,,-87.6842033,42.0531937,,,
,505,2466948929,,,,,,,-87.6839945,42.0525573,,,
,506,2466948932,,,,,,,-87.6844133,42.0531958,,,
,507,2466948934,,,,,,,-87.6842014,42.0538041,,,
,508,2466948937,,,,,,,-87.6839934,42.0531915,,,
,509,2538755246,,,,,,,-87.675542,42.0554464,,,
,510,2548301344,stop,,,,,,-87.6756799,42.0504661,,,
,511,2548301383,,,,,,,-87.6816245,42.0600312,,,
,512,2548301384,,,,,,,-87.68235,42.0600453,,,
,513,2548301386,,,,,,,-87.6828698,42.059366,,,
,514,2563191123,,,,,,,-87.676966,42.0567327,,,
,515,2563191127,,,,,,,-87.6754358,42.0562861,,,
,516,2648980402,,,,,,,-87.6730617,42.0573162,,,
,517,2648980404,,,,,,,-87.6728612,42.059031,,,
,518,2805145931,,,,,,,-87.6734559,42.0507586,,,
,519,2805152657,,,,,,,-87.6742281,42.0606355,,,
,520,2805152659,,,,,,,-87.6747244,42.0605885,,,
,521,2805152666,,,,,,,-87.674124,42.0590952,,,
,522,2824726745,turning_circle,,,,,,-87.673544,42.0561818,,,
,523,2824726760,,,,,,,-87.6740921,42.0556244,,,
,524,3416729819,,,,,,,-87.6769674,42.0597772,,,
,525,3416729820,,,,,,,-87.6769556,42.0606847,,,
,526,3563876593,,,,,,,-87.6760504,42.0608004,,,
,527,3563880093,,,,,,,-87.6751159,42.0608988,,,
,528,3601154433,,,,,,,-87.6711574,42.0508717,,,
,529,3673947021,,,,,,,-87.6719619,42.0516822,,,
,530,3673954426,,,,,,,-87.6718955,42.0508373,,,
,531,3673954428,,,,,,,-87.6734673,42.0513132,,,
,532,3673954438,,,,,,,-87.671734,42.0517393,,,
,533,3673954441,,,,,,,-87.6720807,42.0516732,,,
,534,3673954463,,,,,,,-87.6722025,42.051656,,,
,535,3673957073,,,,,,,-87.67227,42.0521876,,,
,536,3673957076,,,,,,,-87.6722018,42.0523288,,,
,537,3775974462,,,,,,,-87.6740441,42.0590306,,,
,538,3775974463,,,,,,,-87.6741251,42.0590329,,,
,539,3775974464,,,,,,,-87.6745982,42.0590384,,,
,540,3775974465,,,,,,,-87.674597,42.059097,,,
,541,3797194073,,,,,,,-87.6779472,42.0513045,,,
,542,3797194074,,,,,,,-87.6784417,42.0508096,,,
,543,3797194075,,,,,,,-87.6775546,42.0505668,,,
,544,3797194076,,,,,,,-87.6799443,42.051552,,,
,545,3797194077,,,,,,,-87.6796296,42.0517505,,,
,546,3797194078,,,,,,,-87.679596,42.0521037,,,
,547,3797194080,,,,,,,-87.6813758,42.0515639,,,
,548,3797194081,,,,,,,-87.6809448,42.0515563,,,
,549,3797194084,,,,,,,-87.680261,42.0515552,,,
,550,3797194085,,,,,,,-87.6806686,42.051731,,,
,551,3797194087,,,,,,,-87.6777711,42.0515431,,,
,552,3797194088,,,,,,,-87.6779396,42.0515441,,,
,553,3797194090,,,,,,,-87.6799836,42.0508829,,,
,554,3797194092,,,,,,,-87.6803892,42.0504056,,,
,555,3797194096,,,,,,,-87.6741434,42.0555868,,,
,556,3797194099,,,,,,,-87.6747926,42.0557936,,,
,557,3797194102,,,,,,,-87.6741492,42.0569283,,,
,558,3797194103,,,,,,,-87.6743267,42.0570653,,,
,559,3797194104,,,,,,,-87.6747189,42.0573757,,,
,560,3797194105,,,,,,,-87.6741483,42.0570651,,,
,561,3797194107,,,,,,,-87.6732108,42.0575627,,,
,562,3797194110,,,,,,,-87.6731302,42.0580487,,,
,563,3797194115,,,,,,,-87.6739813,42.0560869,,,
,564,3797194116,,,,,,,-87.6739704,42.0570631,,,
,565,3797201521,,,,,,,-87.6735576,42.0553395,,,
,566,3797202588,,,,,,,-87.6719926,42.0511874,,,
,567,3797202589,,,,,,,-87.6719816,42.0513552,,,
,568,3797202591,,,,,,,-87.6732417,42.0511021,,,
,569,3797202595,,,,,,,-87.6720132,42.0510209,,,
,570,3874333362,bus_stop,,,,,,-87.6770346,42.0521259,,,
,571,3940418100,,,,,,,-87.6783534,42.051085,,,
,572,4103074142,,,,,,,-87.6802287,42.0605365,,,
,573,4103074143,,,,,,,-87.6802123,42.0616689,,,
,574,4103074144,,,,,,,-87.6802202,42.061122,,,
,575,4146460819,,,,,,,-87.6711306,42.0525452,,,
,576,4332990080,,,,,,,-87.6747602,42.0503548,,,
,577,4332990081,,,,,,,-87.6751958,42.0504708,,,
,578,4332990082,,,,,,,-87.6762901,42.0507634,,,
,579,4332990086,,,,,,,-87.6770438,42.0634295,,,
,580,4332991345,,,,,,,-87.6817257,42.0501803,,,
,581,4332991348,,,,,,,-87.6812483,42.0504232,,,
,582,4332991349,,,,,,,-87.6818531,42.0509137,,,
,583,4335731313,,,,,,,-87.6846102,42.0521142,,,
,584,4335731314,,,,,,,-87.6838167,42.0634342,,,
,585,4335731315,,,,,,,-87.6831172,42.06413,,,
,586,4335731316,,,,,,,-87.6839332,42.0641884,,,
,587,4335731317,,,,,,,-87.6834758,42.064379,,,
,588,4335734839,,,,,,,-87.6774698,42.0492782,,,
,589,4448606811,,,,,,,-87.6822152,42.0493189,,,
,590,4569905565,,,,,,,-87.679604,42.0526482,,,
,591,4569905567,,,,,,,-87.6773941,42.0532461,,,
,592,4569905568,,,,,,,-87.6774199,42.0521337,,,
,593,4583812697,,,,,,,-87.6754335,42.0555763,,,
,594,4598556861,,,,,,,-87.677798,42.0500857,,,
,595,4598556864,,,,,,,-87.6769805,42.0498717,,,
,596,4614107407,,,,,,,-87.6779938,42.0610784,,,
,597,4614107408,,,,,,,-87.6787033,42.061078,,,
,598,4614607103,,,,,,,-87.6728933,42.0578526,,,
,599,4618546438,,,,,,,-87.6844246,42.0605949,,,
,600,4618546439,,,,,,,-87.684682,42.0596025,,,
,601,4701551512,,,,,,,-87.6782772,42.0511039,,,
,602,4701551516,crossing,,,,,,-87.677376,42.0509144,,,
,603,4701551517,,,,,,,-87.6765824,42.0507064,,,
,604,4701556705,,,,,,,-87.6775403,42.0510336,,,
,605,4701556707,,,,,,,-87.6777006,42.0512696,,,
,606,4701556709,,,,,,,-87.6781458,42.0513217,,,
,607,4733214479,,,,,,,-87.6740077,42.0554403,,,
,608,4773228661,,,,,,,-87.6752425,42.051205,,,
,609,4773228662,,,,,,,-87.6753193,42.0512264,,,
,610,4773228663,,,,,,,-87.6753071,42.0512542,,,
,611,4773228664,,,,,,,-87.6753671,42.0512713,,,
,612,4773228665,,,,,,,-87.6752494,42.0512384,,,
,613,4773228668,,,,,,,-87.6752344,42.051271,,,
,614,4773256553,,,,,,,-87.6748684,42.0506726,,,
,615,4773256558,,,,,,,-87.6765511,42.0514327,,,
,616,4773256560,,,,,,,-87.6766786,42.0515275,,,
,617,4773256562,,,,,,,-87.6767409,42.0514923,,,
,618,4773287955,crossing,,,,,,-87.677269,42.0512484,,,
,619,4773287956,,,,,,,-87.6771207,42.051245,,,
,620,4773287957,,,,,,,-87.6774394,42.0512528,,,
,621,4773287958,,,,,,,-87.6771045,42.0512213,,,
,622,4773287959,,,,,,,-87.6770782,42.0511902,,,
,623,4773287960,,,,,,,-87.6775725,42.0509637,,,
,624,4773287961,,,,,,,-87.6772192,42.0508747,,,
,625,4773288009,crossing,,,,,,-87.6757749,42.0506259,,,
,626,4773288010,,,,,,,-87.6758326,42.050507,,,
,627,4773292101,,,,,,,-87.6736629,42.0508089,,,
,628,4773292103,,,,,,,-87.6741747,42.050206,,,
,629,4773292107,,,,,,,-87.6737653,42.0504306,,,
,630,4773292110,,,,,,,-87.6741317,42.0502282,,,
,631,4773292111,,,,,,,-87.6738641,42.0504447,,,
,632,4773292116,,,,,,,-87.6737272,42.0504243,,,
,633,4773312350,,,,,,,-87.6756152,42.0504498,,,
,634,4773312351,,,,,,,-87.674911,42.0502544,,,
,635,4773312373,,,,,,,-87.6799654,42.0513295,,,
,636,4773312377,,,,,,,-87.6815935,42.0513405,,,
,637,4773312378,,,,,,,-87.6799501,42.0512205,,,
,638,4773312379,,,,,,,-87.6799456,42.0513285,,,
,639,4773312380,,,,,,,-87.6799508,42.0512925,,,
,640,4773312390,,,,,,,-87.6791877,42.0509914,,,
,641,4773312394,,,,,,,-87.6799502,42.0511432,,,
,642,4773312396,,,,,,,-87.6809158,42.0511819,,,
,643,4773312397,,,,,,,-87.6810485,42.0511832,,,
,644,4773312398,,,,,,,-87.681582,42.0511892,,,
,645,4773312399,,,,,,,-87.6809816,42.0512735,,,
,646,4773312400,,,,,,,-87.6809831,42.0511826,,,
,647,4773312401,,,,,,,-87.6809893,42.0508593,,,
,648,4773319862,,,,,,,-87.6740823,42.0512683,,,
,649,4773912810,,,,,,,-87.6761702,42.051462,,,
,650,4773919831,,,,,,,-87.6759877,42.0498258,,,
,651,4773919834,,,,,,,-87.675234,42.0496051,,,
,652,4773919835,,,,,,,-87.6755163,42.0504224,,,
,653,4773919836,,,,,,,-87.6758278,42.0497834,,,
,654,4773919837,,,,,,,-87.6759854,42.0494591,,,
,655,4774676896,,,,,,,-87.6739627,42.0508902,,,
,656,4774678141,,,,,,,-87.6736223,42.0503984,,,
,657,4774678142,,,,,,,-87.6735111,42.0507263,,,
,658,4774678156,,,,,,,-87.6711616,42.0505434,,,
,659,4774678159,,,,,,,-87.6731611,42.0509399,,,
,660,4774678160,,,,,,,-87.6732829,42.050907,,,
,661,4774678167,,,,,,,-87.6735267,42.0517414,,,
,662,4774714328,,,,,,,-87.6742868,42.0505514,,,
,663,4774714329,,,,,,,-87.674258,42.0506199,,,
,664,4774714348,,,,,,,-87.6727801,42.0514982,,,
,665,4774714349,,,,,,,-87.6728347,42.0516136,,,
,666,4774714358,,,,,,,-87.6751555,42.0525693,,,
,667,4774714359,,,,,,,-87.6751436,42.0521336,,,
,668,4774714360,,,,,,,-87.6751325,42.0521746,,,
,669,4774714361,,,,,,,-87.6748252,42.0526492,,,
,670,4774714365,,,,,,,-87.6751046,42.0528572,,,
,671,4774714368,,,,,,,-87.6761913,42.0517149,,,
,672,4774714369,,,,,,,-87.676236,42.0517132,,,
,673,4774714370,,,,,,,-87.6757278,42.0516482,,,
,674,4774714371,,,,,,,-87.6760208,42.0516905,,,
,675,4774727986,,,,,,,-87.6761405,42.0514964,,,
,676,4774727988,,,,,,,-87.6761023,42.0515404,,,
,677,4774727997,,,,,,,-87.6761678,42.0514647,,,
,678,4774728001,,,,,,,-87.6760726,42.0515261,,,
,679,4774765352,,,,,,,-87.6757486,42.0506812,,,
,680,4774765367,,,,,,,-87.6749614,42.0505264,,,
,681,4774765371,,,,,,,-87.6748494,42.0506684,,,
,682,4775444233,,,,,,,-87.6734761,42.0512776,,,
,683,4775444234,,,,,,,-87.6734253,42.0511781,,,
,684,4775444236,,,,,,,-87.6736326,42.05115,,,
,685,4775444237,,,,,,,-87.6734859,42.0511327,,,
,686,4775444251,,,,,,,-87.6737078,42.0508622,,,
,687,4775444252,,,,,,,-87.6735482,42.0508268,,,
,688,4775444256,,,,,,,-87.6734816,42.0508105,,,
,689,4775776981,,,,,,,-87.677948,42.0526199,,,
,690,4775779911,,,,,,,-87.6776295,42.0500416,,,
,691,4775779912,,,,,,,-87.6768415,42.0507749,,,
,692,4775779913,,,,,,,-87.6769179,42.0506246,,,
,693,4775779914,,,,,,,-87.6772863,42.0507384,,,
,694,4775779915,,,,,,,-87.6768727,42.0507135,,,
,695,4776045301,,,,,,,-87.6796382,42.0515508,,,
,696,4776053493,,,,,,,-87.6780916,42.0522638,,,
,697,4776053494,,,,,,,-87.6780913,42.0520801,,,
,698,4776060937,,,,,,,-87.6773987,42.0530442,,,
,699,4777157947,,,,,,,-87.6774111,42.0520116,,,
,700,4777157951,,,,,,,-87.6795956,42.0519986,,,
,701,4777157952,,,,,,,-87.6774105,42.0520688,,,
,702,4777157956,,,,,,,-87.6773279,42.0537645,,,
,703,4777157957,,,,,,,-87.6773836,42.0537711,,,
,704,4777157959,crossing,,,,,,-87.6773818,42.0538432,,,
,705,4777157960,,,,,,,-87.6773809,42.0539255,,,
,706,4777157961,,,,,,,-87.6773243,42.0539274,,,
,707,4777157962,crossing,,,,,,-87.6772078,42.0539221,,,
,708,4777157963,,,,,,,-87.6770544,42.0539159,,,
,709,4777157964,,,,,,,-87.6779109,42.0539314,,,
,710,4777157981,,,,,,,-87.6757166,42.0532297,,,
,711,4777157982,,,,,,,-87.6756303,42.0532291,,,
,712,4777157983,,,,,,,-87.6757164,42.0531634,,,
,713,4777157984,,,,,,,-87.6756318,42.0531634,,,
,714,4777157985,,,,,,,-87.6757167,42.0532961,,,
,715,4777157986,,,,,,,-87.6756311,42.0532958,,,
,716,4777157987,,,,,,,-87.6757172,42.0534932,,,
,717,4777157990,,,,,,,-87.6757203,42.0529597,,,
,718,4777157991,,,,,,,-87.6755532,42.0532291,,,
,719,4784731976,,,,,,,-87.6740488,42.0527459,,,
,720,4784731978,,,,,,,-87.6737482,42.0528707,,,
,721,4784740694,,,,,,,-87.6732634,42.0529159,,,
,722,4784740695,,,,,,,-87.673266,42.0532993,,,
,723,4784740705,,,,,,,-87.6734564,42.0533006,,,
,724,4784740706,,,,,,,-87.6738674,42.0533064,,,
,725,4784750313,,,,,,,-87.6733629,42.0532997,,,
,726,4787500415,,,,,,,-87.6757498,42.0537004,,,
,727,4789185370,,,,,,,-87.6770553,42.053763,,,
,728,4789185387,,,,,,,-87.6749433,42.053032,,,
,729,4789185388,,,,,,,-87.6749028,42.0529801,,,
,730,4789185389,,,,,,,-87.6748281,42.0529329,,,
,731,4789251856,,,,,,,-87.672428,42.0530149,,,
,732,4804952779,,,,,,,-87.680669,42.0519874,,,
,733,4804952780,,,,,,,-87.6808073,42.0520799,,,
,734,4806695298,,,,,,,-87.6717364,42.0525847,,,
,735,4816996026,,,,,,,-87.6724574,42.0530852,,,
,736,4816996027,,,,,,,-87.6724267,42.0530708,,,
,737,4817039631,,,,,,,-87.6727553,42.0536489,,,
,738,4817039632,,,,,,,-87.6729935,42.0536521,,,
,739,4817039633,,,,,,,-87.6729104,42.0536505,,,
,740,4817039666,,,,,,,-87.6725216,42.0523196,,,
,741,4817039709,,,,,,,-87.6720623,42.0524195,,,
,742,4826014897,,,,,,,-87.6748229,42.053195,,,
,743,4826014898,,,,,,,-87.6748243,42.0531538,,,
,744,4826014900,,,,,,,-87.6740448,42.0529954,,,
,745,4837654439,,,,,,,-87.6744613,42.055847,,,
,746,4837684583,,,,,,,-87.6772503,42.049312,,,
,747,4838551816,,,,,,,-87.6721902,42.0514504,,,
,748,4838551989,,,,,,,-87.6717138,42.0517437,,,
,749,4838552021,,,,,,,-87.6719412,42.051636,,,
,750,4838552027,,,,,,,-87.6721462,42.0516653,,,
,751,4838552028,,,,,,,-87.6721815,42.0516064,,,
,752,4838552029,,,,,,,-87.6721617,42.0515607,,,
,753,4838552030,,,,,,,-87.6721509,42.0515329,,,
,754,4838552031,,,,,,,-87.6721406,42.0515044,,,
,755,4838552051,,,,,,,-87.6720546,42.0508733,,,
,756,4838552052,,,,,,,-87.6720531,42.0509185,,,
,757,4838552053,,,,,,,-87.6721201,42.0509196,,,
,758,4838552054,,,,,,,-87.6721197,42.0509268,,,
,759,4838561252,,,,,,,-87.6720739,42.0524477,,,
,760,4838579478,,,,,,,-87.6737509,42.0502299,,,
,761,4838579484,,,,,,,-87.6729562,42.0505251,,,
,762,4838601218,,,,,,,-87.6739662,42.0501039,,,
,763,4838613221,,,,,,,-87.6770248,42.0555754,,,
,764,4838613222,,,,,,,-87.6770217,42.0557121,,,
,765,4838625854,,,,,,,-87.6759313,42.056281,,,
,766,4838625879,,,,,,,-87.6769838,42.0578367,,,
,767,4838625880,,,,,,,-87.6769796,42.0582879,,,
,768,4838625881,,,,,,,-87.6770534,42.0582907,,,
,769,4838625882,crossing,,,,,,-87.6771325,42.0582935,,,
,770,4838625883,,,,,,,-87.6772319,42.0582975,,,
,771,4838625885,,,,,,,-87.6779802,42.0583047,,,
,772,4838625886,crossing,,,,,,-87.6773065,42.0583745,,,
,773,4838625887,,,,,,,-87.6773059,42.0584541,,,
,774,4838625888,crossing,,,,,,-87.6771298,42.0584511,,,
,775,4838625889,,,,,,,-87.6770521,42.0584514,,,
,776,4838625890,,,,,,,-87.6769781,42.0584504,,,
,777,4838625891,,,,,,,-87.6769761,42.0586139,,,
,778,4838625895,,,,,,,-87.6767162,42.0586895,,,
,779,4838625896,,,,,,,-87.6766579,42.0587368,,,
,780,4838625897,,,,,,,-87.6761022,42.0587361,,,
,781,4838625898,,,,,,,-87.6759857,42.058891,,,
,782,4838797647,,,,,,,-87.6764191,42.0591909,,,
,783,4838797649,,,,,,,-87.676426,42.0594576,,,
,784,4838803296,,,,,,,-87.6772704,42.0645684,,,
,785,4838803297,,,,,,,-87.6775548,42.0652461,,,
,786,4838825512,,,,,,,-87.6747875,42.056078,,,
,787,4838825513,,,,,,,-87.6747073,42.0560766,,,
,788,4838825515,,,,,,,-87.6747245,42.0560769,,,
,789,4838825933,,,,,,,-87.6741586,42.0562939,,,
,790,4838825934,,,,,,,-87.6745715,42.0562989,,,
,791,4838831806,,,,,,,-87.6770205,42.0558135,,,
,792,4838831807,,,,,,,-87.677091,42.0558135,,,
,793,4838831808,crossing,,,,,,-87.6771752,42.0558148,,,
,794,4838831809,,,,,,,-87.6772639,42.0558162,,,
,795,4838831810,,,,,,,-87.6779817,42.0558216,,,
,796,4838831811,,,,,,,-87.6773405,42.0558168,,,
,797,4838831812,,,,,,,-87.6773341,42.0561918,,,
,798,4838831813,,,,,,,-87.6770815,42.0561457,,,
,799,4838831814,,,,,,,-87.6772521,42.056146,,,
,800,4838831815,,,,,,,-87.6773348,42.0561487,,,
,801,4838831816,,,,,,,-87.6780572,42.0561547,,,
,802,4838831817,,,,,,,-87.678334,42.0561547,,,
,803,4838831818,,,,,,,-87.6773345,42.0562247,,,
,804,4838831819,,,,,,,-87.6773346,42.0562609,,,
,805,4838831820,,,,,,,-87.677319,42.0572634,,,
,806,4838831921,,,,,,,-87.676994,42.0570631,,,
,807,4838831922,,,,,,,-87.6769938,42.057128,,,
,808,4838831951,,,,,,,-87.677347,42.0555115,,,
,809,4838831958,,,,,,,-87.6773494,42.0554057,,,
,810,4838831961,,,,,,,-87.6772271,42.0554574,,,
,811,4838831962,,,,,,,-87.6771814,42.0554565,,,
,812,4838831963,,,,,,,-87.6773552,42.0550565,,,
,813,4838831964,,,,,,,-87.6773566,42.0550153,,,
,814,4838831965,,,,,,,-87.677356,42.054986,,,
,815,4838831966,,,,,,,-87.6772695,42.0551003,,,
,816,4838831967,,,,,,,-87.6773544,42.0551016,,,
,817,4838831968,,,,,,,-87.678069,42.0551108,,,
,818,4838831969,,,,,,,-87.6777379,42.0528497,,,
,819,4838831970,,,,,,,-87.6774036,42.0528346,,,
,820,4838831971,,,,,,,-87.677233,42.0528287,,,
,821,4840149209,,,,,,,-87.6757851,42.0567522,,,
,822,4840225965,,,,,,,-87.6749192,42.0510046,,,
,823,4840241534,,,,,,,-87.6770007,42.056755,,,
,824,4840241535,,,,,,,-87.6765807,42.0567514,,,
,825,4840241542,,,,,,,-87.6769945,42.0570078,,,
,826,4840241543,,,,,,,-87.6767952,42.0570064,,,
,827,4840241544,,,,,,,-87.6770823,42.0563079,,,
,828,4840241563,,,,,,,-87.6768712,42.0560201,,,
,829,4840273024,,,,,,,-87.6773165,42.0573373,,,
,830,4840273025,,,,,,,-87.6773825,42.0582097,,,
,831,4840273026,,,,,,,-87.6773071,42.0582979,,,
,832,4840273027,,,,,,,-87.6773096,42.0580085,,,
,833,4840273028,,,,,,,-87.677311,42.0578419,,,
,834,4840273029,,,,,,,-87.6773882,42.0575442,,,
,835,4840273030,,,,,,,-87.6773136,42.0575387,,,
,836,4840273031,,,,,,,-87.6773849,42.0577003,,,
,837,4840273032,,,,,,,-87.6773122,42.0576971,,,
,838,4840273033,,,,,,,-87.6773179,42.0572964,,,
,839,4840280243,,,,,,,-87.6769779,42.0585233,,,
,840,4840280244,,,,,,,-87.6769769,42.0585972,,,
,841,4840282008,,,,,,,-87.6769727,42.058952,,,
,842,4841730843,,,,,,,-87.6833728,42.0521,,,
,843,4957697409,,,,,,,-87.67694,42.0615517,,,
,844,4957697410,,,,,,,-87.6772983,42.0593734,,,
,845,4957697411,,,,,,,-87.6762147,42.0628008,,,
,846,4957697412,,,,,,,-87.6759438,42.0616224,,,
,847,4957697413,,,,,,,-87.6772688,42.0617178,,,
,848,4957697414,crossing,,,,,,-87.6770763,42.0615549,,,
,849,4957697415,crossing,,,,,,-87.6772715,42.0616313,,,
,850,4957697416,crossing,,,,,,-87.6770735,42.0617154,,,
,851,4957697417,,,,,,,-87.6772768,42.0605045,,,
,852,4957697418,,,,,,,-87.6769415,42.0617138,,,
,853,4957697419,,,,,,,-87.6772718,42.0615596,,,
,854,4957704690,,,,,,,-87.6815925,42.0512726,,,
,855,4957704691,,,,,,,-87.6782827,42.0494213,,,
,856,4957704692,,,,,,,-87.6799968,42.0498884,,,
,857,4957704693,,,,,,,-87.6801575,42.0497897,,,
,858,4957704694,crossing,,,,,,-87.6799722,42.0499136,,,
,859,4957704695,,,,,,,-87.6815764,42.0519885,,,
,860,4957704696,,,,,,,-87.6798761,42.04984,,,
,861,4957704697,,,,,,,-87.679755,42.0500111,,,
,862,4957704698,,,,,,,-87.6793448,42.0498853,,,
,863,4957704699,,,,,,,-87.6789843,42.0497842,,,
,864,4957704700,,,,,,,-87.6798866,42.0500514,,,
,865,4957704701,,,,,,,-87.6779742,42.0493356,,,
,866,4957704702,,,,,,,-87.6816274,42.0506243,,,
,867,4957704703,,,,,,,-87.6777341,42.0506126,,,
,868,4957704704,crossing,,,,,,-87.6780755,42.0495371,,,
,869,4957704705,,,,,,,-87.6782105,42.049578,,,
,870,4957704706,crossing,,,,,,-87.6779445,42.0494044,,,
,871,4957704707,crossing,,,,,,-87.6799265,42.0499929,,,
,872,4957704708,,,,,,,-87.6779071,42.0494912,,,
,873,4957704710,crossing,,,,,,-87.6781507,42.0493846,,,
,874,4957704711,,,,,,,-87.6815943,42.0511918,,,
,875,4957704712,crossing,,,,,,-87.6782526,42.0494865,,,
,876,4957704715,,,,,,,-87.6804231,42.0502339,,,
,877,5114569243,,,,,,,-87.6828316,42.0641259,,,
,878,5114569245,,,,,,,-87.6803396,42.0648251,,,
,879,5114569246,,,,,,,-87.6826532,42.0648531,,,
,880,5114849997,,,,,,,-87.6780331,42.0570051,,,
,881,5116709151,,,,,,,-87.6809098,42.057963,,,
,882,5116709152,,,,,,,-87.6816574,42.057971,,,
,883,5148182510,,,,,,,-87.6762325,42.0562971,,,
,884,5159461616,,,,,,,-87.6838402,42.0575304,,,
,885,5159461617,,,,,,,-87.6826001,42.0575218,,,
,886,5159461618,,,,,,,-87.6836172,42.0575281,,,
,887,5159461619,,,,,,,-87.6833538,42.0575252,,,
,888,5162828234,,,,,,,-87.6818114,42.0497965,,,
,889,5162828238,,,,,,,-87.6816399,42.0499741,,,
,890,5284750829,,,,,,,-87.6754817,42.056582,,,
,891,5284750830,,,,,,,-87.6755386,42.056581,,,
,892,5293953329,,,,,,,-87.6785849,42.0507089,,,
,893,5293953343,,,,,,,-87.6802796,42.0507239,,,
,894,5293953346,,,,,,,-87.6808401,42.0504063,,,
,895,5293953347,,,,,,,-87.6811338,42.050236,,,
,896,5293953350,,,,,,,-87.6814959,42.0500573,,,
,897,5293953351,,,,,,,-87.6812656,42.0501573,,,
,898,5293953352,,,,,,,-87.68139,42.0501842,,,
,899,5293953360,,,,,,,-87.6808799,42.050382,,,
,900,5470268920,,,,,,,-87.6775103,42.0563923,,,
,901,5470269721,,,,,,,-87.6832247,42.0563562,,,
,902,5470269724,,,,,,,-87.6774995,42.0566233,,,
,903,5470269725,,,,,,,-87.6780513,42.0566273,,,
,904,5470269726,,,,,,,-87.6826011,42.0651662,,,
,905,5497976474,,,,,,,-87.6830161,42.0589967,,,
,906,5497976475,,,,,,,-87.683018,42.0584473,,,
,907,5497976476,,,,,,,-87.6832299,42.0590075,,,
,908,5497976477,,,,,,,-87.6828777,42.0589897,,,
,909,5497976478,,,,,,,-87.6838642,42.0637688,,,
,910,5497976480,,,,,,,-87.6842303,42.0641919,,,
,911,5497976481,,,,,,,-87.6842509,42.0632698,,,
,912,5497976482,,,,,,,-87.6846189,42.0632771,,,
,913,5497976483,,,,,,,-87.6841768,42.0634399,,,
,914,5497976484,,,,,,,-87.6846164,42.0634443,,,
,915,5497976485,,,,,,,-87.6843464,42.0630333,,,
,916,5497976488,,,,,,,-87.684402,42.0628837,,,
,917,5497976494,,,,,,,-87.6846207,42.063156,,,
,918,5497976495,,,,,,,-87.6848805,42.0630198,,,
,919,5497976502,,,,,,,-87.6843028,42.0631505,,,
,920,5497976503,,,,,,,-87.684681,42.063157,,,
,921,5497976506,,,,,,,-87.684842,42.0629758,,,
,922,5497976507,,,,,,,-87.6851812,42.0636155,,,
,923,5497976514,,,,,,,-87.6840944,42.0627581,,,
,924,5572718086,,,,,,,-87.6774229,42.0581712,,,
,925,5572719335,,,,,,,-87.6774191,42.058009,,,
,926,5572719336,,,,,,,-87.6773829,42.058009,,,
,927,5572719337,,,,,,,-87.6774262,42.0578443,,,
,928,5572719338,,,,,,,-87.6773833,42.0578433,,,
,929,5572719339,,,,,,,-87.6774192,42.0575156,,,
,930,5572719340,,,,,,,-87.6774194,42.0576833,,,
,931,5671906921,,,,,,,-87.6734963,42.0507684,,,
,932,5701166447,,,,,,,-87.6810857,42.0502636,,,
,933,5701166448,,,,,,,-87.6809673,42.0503317,,,
,934,5701174816,,,,,,,-87.6735483,42.0511401,,,
,935,5701174817,,,,,,,-87.6735644,42.0512721,,,
,936,5701174818,,,,,,,-87.6736385,42.0512094,,,
,937,5701174819,,,,,,,-87.6734466,42.0512198,,,
,938,5701178693,,,,,,,-87.6736458,42.0508484,,,
,939,5716537877,,,,,,,-87.6809052,42.0578274,,,
,940,5716537883,,,,,,,-87.6816128,42.0611212,,,
,941,5835438094,,,,,,,-87.6794995,42.0647422,,,
,942,5835438095,,,,,,,-87.6787716,42.0647283,,,
,943,5845553936,,,,,,,-87.6840272,42.0652947,,,
,944,5845553937,,,,,,,-87.6836089,42.0652934,,,
,945,5845553941,,,,,,,-87.6840725,42.0650661,,,
,946,6685320452,,,,,,,-87.6765975,42.0589365,,,
,947,6774863506,,,,,,,-87.6810024,42.0538809,,,
,948,6774863508,,,,,,,-87.6809721,42.0543302,,,
,949,6774909350,,,,,,,-87.6822136,42.0507517,,,
,950,6774931342,,,,,,,-87.682935,42.0513562,,,
,951,6774931346,,,,,,,-87.6830371,42.0516091,,,
,952,6774931347,,,,,,,-87.6830978,42.0514778,,,
,953,6774931348,,,,,,,-87.6830663,42.0520965,,,
,954,6774931349,,,,,,,-87.6830721,42.0518338,,,
,955,6774931350,,,,,,,-87.6830706,42.0516945,,,
,956,6776847502,,,,,,,-87.6847321,42.0525634,,,
,957,6777170356,,,,,,,-87.6796532,42.0576838,,,
,958,6777170358,,,,,,,-87.6804228,42.057679,,,
,959,6896006926,,,,,,,-87.6767938,42.0502631,,,
,960,6896006927,,,,,,,-87.6765174,42.0501877,,,
,961,7049377798,,,,,,,-87.6762493,42.0621652,,,
,962,7065394785,,,,,,,-87.6852894,42.0578354,,,
,963,7288042100,,,,,,,-87.6804201,42.0622316,,,
,964,7308517388,,,,,,,-87.6708058,42.0592822,,,
,965,7308517392,,,,,,,-87.6719612,42.0592951,,,
,966,7625892421,,,,,,,-87.685155,42.0653135,,,
,967,7625892422,,,,,,,-87.6840513,42.0652948,,,
,968,7812918833,,,,,,,-87.6845639,42.0618797,,,
,969,7812918834,,,,,,,-87.6843729,42.0618367,,,
,970,7812918835,,,,,,,-87.6844928,42.0617736,,,
,971,7812918836,,,,,,,-87.6844312,42.0619182,,,
,972,7856845932,,,,,,,-87.6836858,42.0519204,,,
,973,7856845933,,,,,,,-87.6835792,42.0518398,,,
,974,7856845934,,,,,,,-87.6836969,42.0518177,,,
,975,7856845935,,,,,,,-87.683582,42.0517278,,,
,976,7856845936,,,,,,,-87.6836999,42.0513013,,,
,977,7856845937,,,,,,,-87.68359,42.0512999,,,
,978,7856845938,,,,,,,-87.6837343,42.0499854,,,
,979,7856845939,,,,,,,-87.6836067,42.0499854,,,
,980,7888599201,,,,,,,-87.6730114,42.0578222,,,
,981,7888599202,,,,,,,-87.6730118,42.0574035,,,
,982,7992795120,,,,,,,-87.680385,42.0584127,,,
,983,,,,,,,,-87.6853,42.0606834,,,boundary node created by osm2gmns
,984,,,,,,,,-87.6853,42.0539401,,,boundary node created by osm2gmns
,985,,,,,,,,-87.6803289,42.0492,,,boundary node created by osm2gmns
,986,,,,,,,,-87.6833691,42.0492,,,boundary node created by osm2gmns
,987,,,,,,,,-87.6853,42.0531194,,,boundary node created by osm2gmns
,988,,,,,,,,-87.6847945,42.0492,,,boundary node created by osm2gmns
,989,,,,,,,,-87.6853,42.0584728,,,boundary node created by osm2gmns
,990,,,,,,,,-87.6853,42.0558064,,,boundary node created by osm2gmns
,991,,,,,,,,-87.6818137,42.0492,,,boundary node created by osm2gmns
,992,,,,,,,,-87.6853,42.0620469,,,boundary node created by osm2gmns
,993,,,,,,,,-87.6853,42.0510647,,,boundary node created by osm2gmns
,994,,,,,,,,-87.6810314,42.0492,,,boundary node created by osm2gmns
,995,,,,,,,,-87.6853,42.0535288,,,boundary node created by osm2gmns
,996,,,,,,,,-87.6787096,42.0658,,,boundary node created by osm2gmns
,997,,,,,,,,-87.6824581,42.0658,,,boundary node created by osm2gmns
,998,,,,,,,,-87.6853,42.0577834,,,boundary node created by osm2gmns
,999,,,,,,,,-87.6773044,42.0492,,,boundary node created by osm2gmns
,1000,,,,,,,,-87.6853,42.0526971,,,boundary node created by osm2gmns
,1001,,,,,,,,-87.6792914,42.0492,,,boundary node created by osm2gmns
,1002,,,,,,,,-87.6826059,42.0492,,,boundary node created by osm2gmns
,1003,,,,,,,,-87.675417,42.0492,,,boundary node created by osm2gmns
,1004,,,,,,,,-87.674209,42.0492,,,boundary node created by osm2gmns
,1005,,,,,,,,-87.6739112,42.0492,,,boundary node created by osm2gmns
,1006,,,,,,,,-87.6853,42.0642046,,,boundary node created by osm2gmns
,1007,,,,,,,,-87.6771726,42.0492,,,boundary node created by osm2gmns
,1008,,,,,,,,-87.6744541,42.0492,,,boundary node created by osm2gmns
,1009,,,,,,,,-87.6822174,42.0492,,,boundary node created by osm2gmns
,1010,,,,,,,,-87.6746598,42.0492,,,boundary node created by osm2gmns
,1011,,,,,,,,-87.6794769,42.0658,,,boundary node created by osm2gmns
,1012,,,,,,,,-87.6762895,42.0492,,,boundary node created by osm2gmns
,1013,,,,,,,,-87.6782389,42.0492,,,boundary node created by osm2gmns
,1014,,,,,,,,-87.6764676,42.0492,,,boundary node created by osm2gmns
,1015,,,,,,,,-87.6768345,42.0492,,,boundary node created by osm2gmns
,1016,,,,,,,,-87.6853,42.0521248,,,boundary node created by osm2gmns
,1017,,,,,,,,-87.6853,42.0525727,,,boundary node created by osm2gmns
,1018,,,,,,,,-87.6853,42.0576805,,,boundary node created by osm2gmns
,1019,,,,,,,,-87.6853,42.0653156,,,boundary node created by osm2gmns
,1020,,,,,,,,-87.6853,42.0598259,,,boundary node created by osm2gmns
,1021,,,,,,,,-87.6777871,42.0658,,,boundary node created by osm2gmns
,1022,,,,,,,,-87.6831726,42.0658,,,boundary node created by osm2gmns
,1023,252162863_1262422659_1262464964_1262464973,traffic_signals,,1,,,,-87.6817896,42.050547,1,,
,1024,252163054_1262422656,traffic_signals,,1,,,,-87.6832981,42.0515667,0,,
