If zone.csv has not been prepared, please prepare TAZ.csv from the planning model so that DTALite can help with generating access nodes that connect zone to nodes in the network.
Step 1: read network node.csv, link.csv, zone.csv 
,# of nodes = ,1061
,# of links =,2444
,# of zones =,42
,summary by multi-modal and demand types,demand_period,agent_type,# of links,avg_free_speed,total_length_in_km,total_capacity,avg_lane_capacity,avg_length_in_meter,
,,AM,auto,578,46.9239,51.713,1.2932e+06,1324.91,89.4689,
,,AM,walk,2004,26.1113,110.205,2.434e+06,951.397,54.9927,
,,AM,bike,1335,36.6906,90.5969,1.8988e+06,1027.27,67.8628,
,,AM,bus,0,0,0,0,0,0,
,,AM,truck,0,0,0,0,0,0,
,,AM,cav,0,0,0,0,0,0,
,,AM,ev,0,0,0,0,0,0,
,,AM,traveler,0,0,0,0,0,0,
,summary by road link type,link_type,link_type_name,# of links,avg_free_speed,total_length,total_capacity,avg_lane_capacity,avg_length_in_meter,
,,-1,,0,0,0,0,0,0,
,,1,,0,0,0,0,0,0,
,,2,,2,5,0.02578,1600,800,12.89,
,,3,,84,74.6667,7.28573,286200,1800,86.7349,
,,4,,156,60,14.561,480000,1600,93.3397,
,,5,,135,40,15.2927,324000,1200,113.28,
,,6,,203,30,14.5736,203000,1000,71.791,
,,7,,723,30,35.8384,578400,800,49.5691,
,,8,cycleway,23,5,2.5168,18400,800,109.426,
,,9,footway,682,5,20.2007,545600,800,29.6198,
Step 2: read demand, defined in [demand_file_list] in settings.csv.
,file_sequence_no=,1,file_name =, input_matrix.csv,demand_period =, AM,departure_time_profile_no=,1,cumulative demand =, 999.998
,file_sequence_no=,2,file_name =, input_matrix.csv,demand_period =, AM,departure_time_profile_no=,1,cumulative demand =, 1999.99
,file_sequence_no=,3,file_name =, input_matrix.csv,demand_period =, AM,departure_time_profile_no=,1,cumulative demand =, 3000
,file_sequence_no=,4,file_name =, input_matrix.csv,demand_period =, AM,departure_time_profile_no=,1,cumulative demand =, 4000
,file_sequence_no=,5,file_name =, input_matrix.csv,demand_period =, AM,departure_time_profile_no=,1,cumulative demand =, 5000.02
,file_sequence_no=,6,file_name =, input_matrix.csv,demand_period =, AM,departure_time_profile_no=,1,cumulative demand =, 6000.04
,file_sequence_no=,7,file_name =, input_matrix.csv,demand_period =, AM,departure_time_profile_no=,1,cumulative demand =, 7000.06
,file_sequence_no=,8,file_name =, input_activity_plan.csv,demand_period =, AM,departure_time_profile_no=,1,cumulative demand =, 7020.06
,file_sequence_no=,9,file_name =, input_activity_plan.csv,demand_period =, AM,departure_time_profile_no=,1,cumulative demand =, 7040.06
,file_sequence_no=,10,file_name =, input_demand_column.csv,demand_period =, AM,departure_time_profile_no=,1,cumulative demand =, 7040.06
,file_sequence_no=,11,file_name =, input_demand_path.csv,demand_period =, AM,departure_time_profile_no=,1,cumulative demand =, 7040.06
,total demand =, 7040.06
,top 10 OD,rank,o,d,agent_type,departure_time,volume
,,1,2,3,ev,AM,20.2124
,,2,2,3,traveler,AM,20
,,3,21,22,cav,AM,9.93876
,,4,21,22,ev,AM,9.93876
,,5,21,22,auto,AM,9.93876
,,6,21,22,walk,AM,9.93876
,,7,21,22,bike,AM,9.93876
,,8,21,22,bus,AM,9.93876
,,9,21,22,truck,AM,9.93876
,,10,22,21,cav,AM,9.44674
Step 3: check OD connectivity and accessibility in od_accessibility.csv
, # of connected OD pairs =, 1561
, # of OD/agent_type/demand_type columns without paths =, 8825
Step 4: Column Generation for Traffic Assignment
Step 4.2: column pool-based flow updating for traffic assignment 
,# of flow updating iterations=,0
Step 4.3: OD estimation 
,# of ODME_iterations=,0
Step 5: traffic simulataion. 
, # of simulated agents in agent.csv=,1761,
,simu time=,0 min, CA =,0,CD=,0, speed=,60, travel time =,0,CI=,0,CR=,0
,simu time=,10 min, CA =,318,CD=,32, speed=,5.5048, travel time =,2.7396,CI=,0,CR=,0
,simu time=,20 min, CA =,916,CD=,380, speed=,4.6655, travel time =,6.3899,CI=,0,CR=,0
,simu time=,30 min, CA =,1503,CD=,881, speed=,4.1705, travel time =,7.8694,CI=,0,CR=,0
,simu time=,40 min, CA =,1761,CD=,1460, speed=,3.8985, travel time =,8.9322,CI=,0,CR=,0
,simu time=,50 min, CA =,1761,CD=,1741, speed=,3.8942, travel time =,9.8049,CI=,0,CR=,0
,simu time=,60 min, CA =,1761,CD=,1761, speed=,3.899, travel time =,9.931,CI=,0,CR=,0
,simu time=,70 min, CA =,1761,CD=,1761, speed=,3.899, travel time =,9.931,CI=,0,CR=,0
,simu time=,80 min, CA =,1761,CD=,1761, speed=,3.899, travel time =,9.931,CI=,0,CR=,0
,simu time=,90 min, CA =,1761,CD=,1761, speed=,3.899, travel time =,9.931,CI=,0,CR=,0
,summary by multi-modal agents,agent_type,#_agents,avg_distance,avg_travel_time_in_min,avg_free_speed,
,,auto,48,0.7635,6.0928,7.5187
,,walk,845,0.58169,10.805,3.2301
,,bike,828,0.62061,8.8003,4.2313
,,bus,0,0,0,0
,,truck,0,0,0,0
,,cav,0,0,0,0
,,ev,20,2.3605,19.411,7.296
,,traveler,20,2.3605,19.536,7.2494
, # of simulated agents in trajectory.csv=,1762,avg # of nodes per agent=28.549
